Plot Title: 10144204,,
Date,"Time, GMT-08:00","Temp, Â°C (LGR S/N: 10144204, SEN S/N: 10144204)"
06/06/2019,12:00,13.846
06/06/2019,13:00,13.75
06/06/2019,14:00,13.75
06/06/2019,15:00,13.942
06/06/2019,16:00,13.942
06/06/2019,17:00,13.75
06/06/2019,18:00,13.558
06/06/2019,19:00,12.594
06/06/2019,20:00,11.722
06/06/2019,21:00,10.846
06/06/2019,22:00,10.259
06/06/2019,23:00,8.68
06/07/2019,00:00,7.682
06/07/2019,01:00,6.978
06/07/2019,02:00,6.166
06/07/2019,03:00,6.064
06/07/2019,04:00,6.978
06/07/2019,05:00,7.782
06/07/2019,06:00,8.182
06/07/2019,07:00,8.68
06/07/2019,08:00,9.472
06/07/2019,09:00,9.768
06/07/2019,10:00,10.063
06/07/2019,11:00,10.455
06/07/2019,12:00,10.748
06/07/2019,13:00,10.748
06/07/2019,14:00,10.846
06/07/2019,15:00,10.553
06/07/2019,16:00,10.455
06/07/2019,17:00,10.455
06/07/2019,18:00,10.553
06/07/2019,19:00,10.455
06/07/2019,20:00,10.357
06/07/2019,21:00,10.357
06/07/2019,22:00,9.965
06/07/2019,23:00,9.768
06/08/2019,00:00,9.571
06/08/2019,01:00,9.472
06/08/2019,02:00,9.373
06/08/2019,03:00,9.275
06/08/2019,04:00,9.176
06/08/2019,05:00,9.077
06/08/2019,06:00,9.275
06/08/2019,07:00,9.373
06/08/2019,08:00,9.768
06/08/2019,09:00,10.651
06/08/2019,10:00,11.334
06/08/2019,11:00,11.916
06/08/2019,12:00,11.722
06/08/2019,13:00,11.722
06/08/2019,14:00,10.455
06/08/2019,15:00,10.748
06/08/2019,16:00,10.846
06/08/2019,17:00,10.846
06/08/2019,18:00,10.846
06/08/2019,19:00,10.553
06/08/2019,20:00,10.651
06/08/2019,21:00,10.553
06/08/2019,22:00,10.063
06/08/2019,23:00,9.571
06/09/2019,00:00,9.373
06/09/2019,01:00,9.077
06/09/2019,02:00,8.779
06/09/2019,03:00,8.481
06/09/2019,04:00,8.382
06/09/2019,05:00,8.481
06/09/2019,06:00,8.779
06/09/2019,07:00,9.669
06/09/2019,08:00,10.259
06/09/2019,09:00,10.748
06/09/2019,10:00,11.139
06/09/2019,11:00,12.401
06/09/2019,12:00,13.076
06/09/2019,13:00,13.846
06/09/2019,14:00,14.421
06/09/2019,15:00,14.613
06/09/2019,16:00,14.9
06/09/2019,17:00,14.996
06/09/2019,18:00,15.76
06/09/2019,19:00,14.613
06/09/2019,20:00,13.365
06/09/2019,21:00,12.69
06/09/2019,22:00,11.334
06/09/2019,23:00,9.866
06/10/2019,00:00,8.978
06/10/2019,01:00,7.582
06/10/2019,02:00,6.877
06/10/2019,03:00,6.064
06/10/2019,04:00,5.962
06/10/2019,05:00,5.347
06/10/2019,06:00,5.244
06/10/2019,07:00,6.775
06/10/2019,08:00,9.472
06/10/2019,09:00,12.98
06/10/2019,10:00,14.613
06/10/2019,11:00,15.951
06/10/2019,12:00,15.187
06/10/2019,13:00,15.664
06/10/2019,14:00,14.325
06/10/2019,15:00,14.9
06/10/2019,16:00,15.091
06/10/2019,17:00,14.038
06/10/2019,18:00,13.076
06/10/2019,19:00,12.207
06/10/2019,20:00,11.819
06/10/2019,21:00,11.819
06/10/2019,22:00,11.625
06/10/2019,23:00,11.334
06/11/2019,00:00,10.944
06/11/2019,01:00,10.846
06/11/2019,02:00,10.553
06/11/2019,03:00,10.846
06/11/2019,04:00,10.161
06/11/2019,05:00,10.161
06/11/2019,06:00,10.357
06/11/2019,07:00,10.455
06/11/2019,08:00,10.748
06/11/2019,09:00,11.139
06/11/2019,10:00,11.334
06/11/2019,11:00,11.625
06/11/2019,12:00,11.916
06/11/2019,13:00,11.916
06/11/2019,14:00,11.722
06/11/2019,15:00,11.528
06/11/2019,16:00,12.013
06/11/2019,17:00,11.139
06/11/2019,18:00,11.139
06/11/2019,19:00,11.139
06/11/2019,20:00,10.944
06/11/2019,21:00,10.357
06/11/2019,22:00,10.161
06/11/2019,23:00,10.063
06/12/2019,00:00,9.768
06/12/2019,01:00,9.866
06/12/2019,02:00,9.669
06/12/2019,03:00,9.669
06/12/2019,04:00,9.669
06/12/2019,05:00,9.571
06/12/2019,06:00,9.571
06/12/2019,07:00,9.669
06/12/2019,08:00,10.063
06/12/2019,09:00,10.161
06/12/2019,10:00,10.748
06/12/2019,11:00,10.846
06/12/2019,12:00,11.139
06/12/2019,13:00,11.528
06/12/2019,14:00,11.819
06/12/2019,15:00,11.722
06/12/2019,16:00,12.207
06/12/2019,17:00,11.819
06/12/2019,18:00,11.722
06/12/2019,19:00,11.528
06/12/2019,20:00,11.041
06/12/2019,21:00,10.651
06/12/2019,22:00,10.651
06/12/2019,23:00,10.455
06/13/2019,00:00,10.259
06/13/2019,01:00,10.063
06/13/2019,02:00,9.768
06/13/2019,03:00,9.768
06/13/2019,04:00,9.768
06/13/2019,05:00,9.768
06/13/2019,06:00,10.161
06/13/2019,07:00,10.357
06/13/2019,08:00,10.748
06/13/2019,09:00,11.139
06/13/2019,10:00,11.334
06/13/2019,11:00,11.916
06/13/2019,12:00,12.69
06/13/2019,13:00,13.654
06/13/2019,14:00,14.038
06/13/2019,15:00,14.23
06/13/2019,16:00,14.325
06/13/2019,17:00,14.421
06/13/2019,18:00,14.517
06/13/2019,19:00,13.846
06/13/2019,20:00,13.173
06/13/2019,21:00,12.594
06/13/2019,22:00,11.236
06/13/2019,23:00,9.965
06/14/2019,00:00,8.779
06/14/2019,01:00,8.978
06/14/2019,02:00,9.077
06/14/2019,03:00,9.077
06/14/2019,04:00,9.176
06/14/2019,05:00,9.176
06/14/2019,06:00,9.669
06/14/2019,07:00,10.357
06/14/2019,08:00,11.334
06/14/2019,09:00,11.819
06/14/2019,10:00,12.594
06/14/2019,11:00,12.883
06/14/2019,12:00,12.98
06/14/2019,13:00,12.98
06/14/2019,14:00,13.558
06/14/2019,15:00,14.134
06/14/2019,16:00,14.9
06/14/2019,17:00,15.76
06/14/2019,18:00,13.269
06/14/2019,19:00,12.207
06/14/2019,20:00,12.69
06/14/2019,21:00,12.401
06/14/2019,22:00,11.334
06/14/2019,23:00,10.846
06/15/2019,00:00,10.553
06/15/2019,01:00,10.259
06/15/2019,02:00,10.063
06/15/2019,03:00,9.965
06/15/2019,04:00,10.063
06/15/2019,05:00,9.965
06/15/2019,06:00,9.965
06/15/2019,07:00,10.259
06/15/2019,08:00,10.748
06/15/2019,09:00,11.041
06/15/2019,10:00,11.139
06/15/2019,11:00,11.625
06/15/2019,12:00,12.11
06/15/2019,13:00,12.497
06/15/2019,14:00,12.401
06/15/2019,15:00,12.594
06/15/2019,16:00,12.013
06/15/2019,17:00,11.916
06/15/2019,18:00,11.916
06/15/2019,19:00,12.401
06/15/2019,20:00,12.11
06/15/2019,21:00,11.916
06/15/2019,22:00,11.528
06/15/2019,23:00,11.334
06/16/2019,00:00,10.748
06/16/2019,01:00,10.553
06/16/2019,02:00,10.161
06/16/2019,03:00,9.866
06/16/2019,04:00,9.768
06/16/2019,05:00,9.866
06/16/2019,06:00,9.965
06/16/2019,07:00,10.259
06/16/2019,08:00,10.259
06/16/2019,09:00,11.041
06/16/2019,10:00,11.139
06/16/2019,11:00,11.041
06/16/2019,12:00,11.528
06/16/2019,13:00,12.013
06/16/2019,14:00,12.497
06/16/2019,15:00,12.883
06/16/2019,16:00,12.883
06/16/2019,17:00,12.98
06/16/2019,18:00,12.594
06/16/2019,19:00,12.594
06/16/2019,20:00,12.497
06/16/2019,21:00,12.013
06/16/2019,22:00,11.819
06/16/2019,23:00,11.625
06/17/2019,00:00,11.334
06/17/2019,01:00,11.139
06/17/2019,02:00,10.944
06/17/2019,03:00,10.553
06/17/2019,04:00,10.455
06/17/2019,05:00,10.259
06/17/2019,06:00,10.455
06/17/2019,07:00,10.846
06/17/2019,08:00,11.236
06/17/2019,09:00,11.041
06/17/2019,10:00,11.334
06/17/2019,11:00,11.528
06/17/2019,12:00,11.528
06/17/2019,13:00,11.528
06/17/2019,14:00,11.431
06/17/2019,15:00,12.207
06/17/2019,16:00,11.625
06/17/2019,17:00,11.236
06/17/2019,18:00,11.528
06/17/2019,19:00,11.431
06/17/2019,20:00,11.139
06/17/2019,21:00,10.944
06/17/2019,22:00,10.748
06/17/2019,23:00,10.357
06/18/2019,00:00,9.965
06/18/2019,01:00,9.965
06/18/2019,02:00,10.063
06/18/2019,03:00,9.965
06/18/2019,04:00,9.965
06/18/2019,05:00,9.866
06/18/2019,06:00,9.965
06/18/2019,07:00,10.259
06/18/2019,08:00,10.455
06/18/2019,09:00,10.748
06/18/2019,10:00,10.553
06/18/2019,11:00,10.553
06/18/2019,12:00,10.455
06/18/2019,13:00,10.651
06/18/2019,14:00,10.553
06/18/2019,15:00,10.553
06/18/2019,16:00,10.651
06/18/2019,17:00,10.651
06/18/2019,18:00,10.357
06/18/2019,19:00,10.357
06/18/2019,20:00,10.553
06/18/2019,21:00,10.357
06/18/2019,22:00,10.161
06/18/2019,23:00,9.965
06/19/2019,00:00,9.866
06/19/2019,01:00,9.669
06/19/2019,02:00,9.571
06/19/2019,03:00,9.373
06/19/2019,04:00,9.275
06/19/2019,05:00,9.176
06/19/2019,06:00,9.373
06/19/2019,07:00,9.571
06/19/2019,08:00,9.866
06/19/2019,09:00,9.866
06/19/2019,10:00,10.063
06/19/2019,11:00,10.357
06/19/2019,12:00,11.625
06/19/2019,13:00,11.625
06/19/2019,14:00,11.916
06/19/2019,15:00,12.401
06/19/2019,16:00,12.013
06/19/2019,17:00,12.401
06/19/2019,18:00,13.173
06/19/2019,19:00,12.883
06/19/2019,20:00,12.594
06/19/2019,21:00,12.304
06/19/2019,22:00,11.916
06/19/2019,23:00,11.236
06/20/2019,00:00,10.944
06/20/2019,01:00,10.748
06/20/2019,02:00,10.553
06/20/2019,03:00,10.357
06/20/2019,04:00,10.259
06/20/2019,05:00,10.161
06/20/2019,06:00,10.455
06/20/2019,07:00,11.139
06/20/2019,08:00,11.528
06/20/2019,09:00,12.497
06/20/2019,10:00,12.401
06/20/2019,11:00,13.942
06/20/2019,12:00,14.996
06/20/2019,13:00,15.091
06/20/2019,14:00,15.473
06/20/2019,15:00,15.569
06/20/2019,16:00,15.569
06/20/2019,17:00,14.038
06/20/2019,18:00,14.421
06/20/2019,19:00,14.517
06/20/2019,20:00,13.942
06/20/2019,21:00,12.883
06/20/2019,22:00,12.207
06/20/2019,23:00,11.041
06/21/2019,00:00,10.161
06/21/2019,01:00,9.571
06/21/2019,02:00,9.176
06/21/2019,03:00,8.182
06/21/2019,04:00,7.782
06/21/2019,05:00,8.581
06/21/2019,06:00,9.373
06/21/2019,07:00,9.669
06/21/2019,08:00,10.553
06/21/2019,09:00,12.594
06/21/2019,10:00,13.942
06/21/2019,11:00,14.421
06/21/2019,12:00,15.378
06/21/2019,13:00,14.804
06/21/2019,14:00,15.282
06/21/2019,15:00,15.282
06/21/2019,16:00,15.473
06/21/2019,17:00,15.569
06/21/2019,18:00,14.996
06/21/2019,19:00,13.75
06/21/2019,20:00,12.883
06/21/2019,21:00,12.497
06/21/2019,22:00,12.11
06/21/2019,23:00,11.528
06/22/2019,00:00,11.334
06/22/2019,01:00,11.236
06/22/2019,02:00,11.236
06/22/2019,03:00,11.139
06/22/2019,04:00,11.139
06/22/2019,05:00,11.041
06/22/2019,06:00,11.236
06/22/2019,07:00,11.722
06/22/2019,08:00,12.207
06/22/2019,09:00,13.076
06/22/2019,10:00,14.134
06/22/2019,11:00,14.421
06/22/2019,12:00,13.846
06/22/2019,13:00,14.038
06/22/2019,14:00,13.654
06/22/2019,15:00,12.69
06/22/2019,16:00,12.401
06/22/2019,17:00,12.11
06/22/2019,18:00,11.819
06/22/2019,19:00,11.722
06/22/2019,20:00,11.528
06/22/2019,21:00,11.431
06/22/2019,22:00,11.236
06/22/2019,23:00,10.944
06/23/2019,00:00,10.651
06/23/2019,01:00,10.748
06/23/2019,02:00,10.748
06/23/2019,03:00,10.553
06/23/2019,04:00,10.357
06/23/2019,05:00,10.357
06/23/2019,06:00,10.455
06/23/2019,07:00,10.944
06/23/2019,08:00,11.528
06/23/2019,09:00,12.11
06/23/2019,10:00,12.594
06/23/2019,11:00,13.558
06/23/2019,12:00,13.942
06/23/2019,13:00,14.23
06/23/2019,14:00,14.709
06/23/2019,15:00,15.091
06/23/2019,16:00,15.664
06/23/2019,17:00,15.76
06/23/2019,18:00,15.951
06/23/2019,19:00,14.996
06/23/2019,20:00,13.942
06/23/2019,21:00,13.654
06/23/2019,22:00,13.558
06/23/2019,23:00,13.076
06/24/2019,00:00,12.497
06/24/2019,01:00,12.207
06/24/2019,02:00,11.722
06/24/2019,03:00,10.357
06/24/2019,04:00,9.866
06/24/2019,05:00,9.768
06/24/2019,06:00,9.571
06/24/2019,07:00,10.553
06/24/2019,08:00,11.819
06/24/2019,09:00,13.558
06/24/2019,10:00,14.23
06/24/2019,11:00,14.9
06/24/2019,12:00,14.613
06/24/2019,13:00,15.76
06/24/2019,14:00,15.76
06/24/2019,15:00,15.664
06/24/2019,16:00,15.569
06/24/2019,17:00,15.378
06/24/2019,18:00,14.709
06/24/2019,19:00,14.421
06/24/2019,20:00,14.134
06/24/2019,21:00,13.942
06/24/2019,22:00,13.654
06/24/2019,23:00,13.365
06/25/2019,00:00,13.076
06/25/2019,01:00,13.173
06/25/2019,02:00,12.883
06/25/2019,03:00,12.401
06/25/2019,04:00,12.11
06/25/2019,05:00,12.013
06/25/2019,06:00,12.11
06/25/2019,07:00,12.69
06/25/2019,08:00,13.076
06/25/2019,09:00,13.846
06/25/2019,10:00,14.709
06/25/2019,11:00,14.9
06/25/2019,12:00,14.709
06/25/2019,13:00,15.091
06/25/2019,14:00,15.664
06/25/2019,15:00,16.237
06/25/2019,16:00,15.76
06/25/2019,17:00,15.76
06/25/2019,18:00,15.855
06/25/2019,19:00,15.187
06/25/2019,20:00,15.091
06/25/2019,21:00,14.421
06/25/2019,22:00,13.75
06/25/2019,23:00,12.497
06/26/2019,00:00,11.431
06/26/2019,01:00,10.944
06/26/2019,02:00,9.965
06/26/2019,03:00,9.373
06/26/2019,04:00,8.68
06/26/2019,05:00,8.082
06/26/2019,06:00,8.581
06/26/2019,07:00,9.669
06/26/2019,08:00,11.625
06/26/2019,09:00,13.846
06/26/2019,10:00,14.9
06/26/2019,11:00,15.76
06/26/2019,12:00,16.046
06/26/2019,13:00,16.523
06/26/2019,14:00,16.523
06/26/2019,15:00,16.903
06/26/2019,16:00,17.284
06/26/2019,17:00,17.475
06/26/2019,18:00,17.76
06/26/2019,19:00,16.713
06/26/2019,20:00,15.76
06/26/2019,21:00,14.996
06/26/2019,22:00,14.325
06/26/2019,23:00,13.558
06/27/2019,00:00,12.69
06/27/2019,01:00,12.013
06/27/2019,02:00,11.528
06/27/2019,03:00,10.651
06/27/2019,04:00,10.846
06/27/2019,05:00,10.748
06/27/2019,06:00,11.041
06/27/2019,07:00,11.431
06/27/2019,08:00,13.75
06/27/2019,09:00,17.855
06/27/2019,10:00,20.996
06/27/2019,11:00,23.773
06/27/2019,12:00,25.708
06/27/2019,13:00,27.665
06/27/2019,14:00,27.468
06/27/2019,15:00,28.159
06/27/2019,16:00,28.159
06/27/2019,17:00,27.665
06/27/2019,18:00,26.488
06/27/2019,19:00,25.222
06/27/2019,20:00,24.545
06/27/2019,21:00,22.908
06/27/2019,22:00,19.377
06/27/2019,23:00,16.618
06/28/2019,00:00,14.23
06/28/2019,01:00,12.98
06/28/2019,02:00,12.207
06/28/2019,03:00,11.722
06/28/2019,04:00,12.497
06/28/2019,05:00,11.236
06/28/2019,06:00,10.651
06/28/2019,07:00,11.431
06/28/2019,08:00,14.134
06/28/2019,09:00,17.855
06/28/2019,10:00,21.282
06/28/2019,11:00,21.282
06/28/2019,12:00,22.238
06/28/2019,13:00,23.388
06/28/2019,14:00,23.966
06/28/2019,15:00,24.255
06/28/2019,16:00,23.484
06/28/2019,17:00,24.158
06/28/2019,18:00,25.416
06/28/2019,19:00,24.545
06/28/2019,20:00,23.1
06/28/2019,21:00,20.996
06/28/2019,22:00,18.521
06/28/2019,23:00,17.094
06/29/2019,00:00,15.187
06/29/2019,01:00,13.942
06/29/2019,02:00,13.076
06/29/2019,03:00,12.304
06/29/2019,04:00,11.722
06/29/2019,05:00,11.334
06/29/2019,06:00,11.236
06/29/2019,07:00,12.497
06/29/2019,08:00,14.517
06/29/2019,09:00,17.665
06/29/2019,10:00,20.71
06/29/2019,11:00,21.855
06/29/2019,12:00,22.717
06/29/2019,13:00,23.484
06/29/2019,14:00,22.525
06/29/2019,15:00,22.717
06/29/2019,16:00,23.1
06/29/2019,17:00,22.525
06/29/2019,18:00,21.569
06/29/2019,19:00,20.996
06/29/2019,20:00,18.996
06/29/2019,21:00,17.855
06/29/2019,22:00,16.618
06/29/2019,23:00,15.187
06/30/2019,00:00,14.517
06/30/2019,01:00,13.558
06/30/2019,02:00,12.98
06/30/2019,03:00,12.883
06/30/2019,04:00,12.69
06/30/2019,05:00,12.207
06/30/2019,06:00,12.11
06/30/2019,07:00,12.11
06/30/2019,08:00,12.401
06/30/2019,09:00,13.365
06/30/2019,10:00,15.664
06/30/2019,11:00,17.379
06/30/2019,12:00,17.57
06/30/2019,13:00,17.094
06/30/2019,14:00,15.855
06/30/2019,15:00,16.903
06/30/2019,16:00,16.618
06/30/2019,17:00,16.332
06/30/2019,18:00,15.378
06/30/2019,19:00,14.996
06/30/2019,20:00,15.282
06/30/2019,21:00,14.709
06/30/2019,22:00,14.038
06/30/2019,23:00,13.558
07/01/2019,00:00,13.365
07/01/2019,01:00,13.269
07/01/2019,02:00,13.173
07/01/2019,03:00,13.076
07/01/2019,04:00,13.076
07/01/2019,05:00,12.98
07/01/2019,06:00,12.98
07/01/2019,07:00,12.98
07/01/2019,08:00,13.076
07/01/2019,09:00,13.365
07/01/2019,10:00,13.75
07/01/2019,11:00,14.613
07/01/2019,12:00,14.709
07/01/2019,13:00,15.091
07/01/2019,14:00,16.523
07/01/2019,15:00,16.427
07/01/2019,16:00,16.046
07/01/2019,17:00,15.855
07/01/2019,18:00,15.76
07/01/2019,19:00,15.091
07/01/2019,20:00,14.804
07/01/2019,21:00,14.421
07/01/2019,22:00,14.134
07/01/2019,23:00,13.942
07/02/2019,00:00,14.038
07/02/2019,01:00,13.942
07/02/2019,02:00,13.846
07/02/2019,03:00,13.846
07/02/2019,04:00,13.654
07/02/2019,05:00,13.365
07/02/2019,06:00,13.461
07/02/2019,07:00,13.365
07/02/2019,08:00,13.269
07/02/2019,09:00,13.365
07/02/2019,10:00,13.654
07/02/2019,11:00,13.846
07/02/2019,12:00,13.846
07/02/2019,13:00,14.134
07/02/2019,14:00,14.421
07/02/2019,15:00,14.421
07/02/2019,16:00,14.9
07/02/2019,17:00,14.613
07/02/2019,18:00,14.613
07/02/2019,19:00,14.517
07/02/2019,20:00,14.709
07/02/2019,21:00,14.517
07/02/2019,22:00,14.23
07/02/2019,23:00,14.038
07/03/2019,00:00,13.942
07/03/2019,01:00,13.75
07/03/2019,02:00,13.461
07/03/2019,03:00,13.461
07/03/2019,04:00,13.173
07/03/2019,05:00,13.269
07/03/2019,06:00,13.173
07/03/2019,07:00,13.173
07/03/2019,08:00,13.076
07/03/2019,09:00,13.173
07/03/2019,10:00,13.173
07/03/2019,11:00,13.942
07/03/2019,12:00,15.091
07/03/2019,13:00,16.618
07/03/2019,14:00,16.903
07/03/2019,15:00,16.618
07/03/2019,16:00,17.57
07/03/2019,17:00,17.379
07/03/2019,18:00,17.475
07/03/2019,19:00,17.57
07/03/2019,20:00,16.523
07/03/2019,21:00,15.855
07/03/2019,22:00,14.9
07/03/2019,23:00,13.846
07/04/2019,00:00,12.883
07/04/2019,01:00,11.916
07/04/2019,02:00,11.236
07/04/2019,03:00,11.236
07/04/2019,04:00,11.528
07/04/2019,05:00,11.625
07/04/2019,06:00,12.304
07/04/2019,07:00,13.365
07/04/2019,08:00,14.613
07/04/2019,09:00,16.332
07/04/2019,10:00,18.14
07/04/2019,11:00,18.521
07/04/2019,12:00,19.948
07/04/2019,13:00,22.333
07/04/2019,14:00,23.196
07/04/2019,15:00,23.004
07/04/2019,16:00,22.238
07/04/2019,17:00,23.1
07/04/2019,18:00,24.738
07/04/2019,19:00,24.062
07/04/2019,20:00,23.196
07/04/2019,21:00,21.091
07/04/2019,22:00,19.092
07/04/2019,23:00,17.57
07/05/2019,00:00,16.046
07/05/2019,01:00,15.091
07/05/2019,02:00,14.804
07/05/2019,03:00,14.9
07/05/2019,04:00,14.709
07/05/2019,05:00,14.804
07/05/2019,06:00,16.237
07/05/2019,07:00,16.903
07/05/2019,08:00,17.855
07/05/2019,09:00,19.282
07/05/2019,10:00,22.238
07/05/2019,11:00,22.429
07/05/2019,12:00,23.388
07/05/2019,13:00,22.812
07/05/2019,14:00,22.908
07/05/2019,15:00,23.196
07/05/2019,16:00,23.196
07/05/2019,17:00,23.484
07/05/2019,18:00,23.388
07/05/2019,19:00,22.046
07/05/2019,20:00,20.138
07/05/2019,21:00,18.806
07/05/2019,22:00,16.332
07/05/2019,23:00,15.091
07/06/2019,00:00,13.846
07/06/2019,01:00,13.076
07/06/2019,02:00,12.304
07/06/2019,03:00,11.722
07/06/2019,04:00,11.041
07/06/2019,05:00,10.553
07/06/2019,06:00,11.431
07/06/2019,07:00,14.038
07/06/2019,08:00,14.9
07/06/2019,09:00,17.475
07/06/2019,10:00,18.711
07/06/2019,11:00,20.234
07/06/2019,12:00,20.424
07/06/2019,13:00,20.329
07/06/2019,14:00,20.71
07/06/2019,15:00,21.187
07/06/2019,16:00,20.234
07/06/2019,17:00,18.996
07/06/2019,18:00,19.187
07/06/2019,19:00,18.331
07/06/2019,20:00,16.332
07/06/2019,21:00,14.613
07/06/2019,22:00,13.846
07/06/2019,23:00,12.98
07/07/2019,00:00,12.304
07/07/2019,01:00,11.819
07/07/2019,02:00,11.431
07/07/2019,03:00,11.041
07/07/2019,04:00,10.651
07/07/2019,05:00,10.259
07/07/2019,06:00,10.455
07/07/2019,07:00,11.722
07/07/2019,08:00,14.23
07/07/2019,09:00,16.237
07/07/2019,10:00,17.855
07/07/2019,11:00,18.806
07/07/2019,12:00,22.142
07/07/2019,13:00,22.621
07/07/2019,14:00,22.046
07/07/2019,15:00,20.71
07/07/2019,16:00,21.473
07/07/2019,17:00,22.429
07/07/2019,18:00,23.388
07/07/2019,19:00,22.812
07/07/2019,20:00,19.662
07/07/2019,21:00,18.045
07/07/2019,22:00,16.332
07/07/2019,23:00,14.709
07/08/2019,00:00,13.365
07/08/2019,01:00,12.304
07/08/2019,02:00,11.722
07/08/2019,03:00,11.916
07/08/2019,04:00,12.11
07/08/2019,05:00,12.013
07/08/2019,06:00,12.69
07/08/2019,07:00,13.173
07/08/2019,08:00,13.654
07/08/2019,09:00,14.038
07/08/2019,10:00,14.325
07/08/2019,11:00,14.804
07/08/2019,12:00,15.664
07/08/2019,13:00,18.616
07/08/2019,14:00,19.377
07/08/2019,15:00,19.853
07/08/2019,16:00,20.901
07/08/2019,17:00,21.187
07/08/2019,18:00,17.57
07/08/2019,19:00,16.713
07/08/2019,20:00,14.134
07/08/2019,21:00,13.942
07/08/2019,22:00,14.038
07/08/2019,23:00,14.038
07/09/2019,00:00,13.75
07/09/2019,01:00,13.558
07/09/2019,02:00,13.173
07/09/2019,03:00,13.076
07/09/2019,04:00,12.98
07/09/2019,05:00,12.98
07/09/2019,06:00,13.076
07/09/2019,07:00,13.365
07/09/2019,08:00,13.942
07/09/2019,09:00,14.517
07/09/2019,10:00,14.613
07/09/2019,11:00,14.804
07/09/2019,12:00,15.473
07/09/2019,13:00,16.237
07/09/2019,14:00,16.713
07/09/2019,15:00,16.523
07/09/2019,16:00,16.427
07/09/2019,17:00,16.618
07/09/2019,18:00,16.237
07/09/2019,19:00,16.141
07/09/2019,20:00,15.951
07/09/2019,21:00,15.473
07/09/2019,22:00,14.996
07/09/2019,23:00,14.804
07/10/2019,00:00,14.709
07/10/2019,01:00,14.421
07/10/2019,02:00,14.23
07/10/2019,03:00,13.942
07/10/2019,04:00,13.942
07/10/2019,05:00,13.846
07/10/2019,06:00,13.75
07/10/2019,07:00,13.846
07/10/2019,08:00,14.038
07/10/2019,09:00,14.325
07/10/2019,10:00,14.709
07/10/2019,11:00,15.664
07/10/2019,12:00,16.808
07/10/2019,13:00,17.57
07/10/2019,14:00,17.475
07/10/2019,15:00,17.855
07/10/2019,16:00,17.189
07/10/2019,17:00,16.903
07/10/2019,18:00,16.903
07/10/2019,19:00,16.618
07/10/2019,20:00,15.569
07/10/2019,21:00,14.613
07/10/2019,22:00,14.134
07/10/2019,23:00,12.69
07/11/2019,00:00,11.625
07/11/2019,01:00,10.846
07/11/2019,02:00,10.161
07/11/2019,03:00,10.748
07/11/2019,04:00,11.431
07/11/2019,05:00,11.819
07/11/2019,06:00,12.207
07/11/2019,07:00,12.594
07/11/2019,08:00,12.98
07/11/2019,09:00,13.269
07/11/2019,10:00,14.134
07/11/2019,11:00,14.23
07/11/2019,12:00,14.421
07/11/2019,13:00,14.613
07/11/2019,14:00,14.9
07/11/2019,15:00,15.664
07/11/2019,16:00,15.091
07/11/2019,17:00,14.421
07/11/2019,18:00,14.709
07/11/2019,19:00,14.613
07/11/2019,20:00,14.517
07/11/2019,21:00,14.23
07/11/2019,22:00,13.942
07/11/2019,23:00,13.461
07/12/2019,00:00,13.269
07/12/2019,01:00,13.173
07/12/2019,02:00,13.076
07/12/2019,03:00,12.98
07/12/2019,04:00,12.98
07/12/2019,05:00,12.883
07/12/2019,06:00,12.787
07/12/2019,07:00,12.787
07/12/2019,08:00,12.883
07/12/2019,09:00,13.173
07/12/2019,10:00,13.269
07/12/2019,11:00,13.461
07/12/2019,12:00,13.846
07/12/2019,13:00,14.23
07/12/2019,14:00,14.325
07/12/2019,15:00,14.804
07/12/2019,16:00,14.709
07/12/2019,17:00,14.9
07/12/2019,18:00,14.421
07/12/2019,19:00,14.23
07/12/2019,20:00,14.325
07/12/2019,21:00,14.23
07/12/2019,22:00,14.038
07/12/2019,23:00,13.846
07/13/2019,00:00,13.173
07/13/2019,01:00,13.173
07/13/2019,02:00,12.98
07/13/2019,03:00,12.883
07/13/2019,04:00,12.69
07/13/2019,05:00,12.69
07/13/2019,06:00,12.69
07/13/2019,07:00,12.883
07/13/2019,08:00,13.269
07/13/2019,09:00,13.654
07/13/2019,10:00,14.23
07/13/2019,11:00,14.23
07/13/2019,12:00,14.23
07/13/2019,13:00,14.23
07/13/2019,14:00,14.804
07/13/2019,15:00,15.091
07/13/2019,16:00,15.76
07/13/2019,17:00,15.569
07/13/2019,18:00,14.996
07/13/2019,19:00,14.23
07/13/2019,20:00,14.325
07/13/2019,21:00,14.23
07/13/2019,22:00,13.846
07/13/2019,23:00,13.461
07/14/2019,00:00,13.365
07/14/2019,01:00,13.173
07/14/2019,02:00,12.98
07/14/2019,03:00,12.883
07/14/2019,04:00,12.883
07/14/2019,05:00,12.787
07/14/2019,06:00,12.883
07/14/2019,07:00,13.173
07/14/2019,08:00,13.558
07/14/2019,09:00,14.038
07/14/2019,10:00,14.038
07/14/2019,11:00,14.517
07/14/2019,12:00,14.325
07/14/2019,13:00,14.613
07/14/2019,14:00,15.282
07/14/2019,15:00,15.569
07/14/2019,16:00,15.282
07/14/2019,17:00,15.282
07/14/2019,18:00,14.804
07/14/2019,19:00,14.421
07/14/2019,20:00,14.23
07/14/2019,21:00,13.461
07/14/2019,22:00,13.558
07/14/2019,23:00,13.365
07/15/2019,00:00,13.269
07/15/2019,01:00,13.269
07/15/2019,02:00,13.076
07/15/2019,03:00,12.98
07/15/2019,04:00,12.787
07/15/2019,05:00,12.69
07/15/2019,06:00,12.497
07/15/2019,07:00,12.98
07/15/2019,08:00,13.461
07/15/2019,09:00,13.461
07/15/2019,10:00,13.654
07/15/2019,11:00,14.038
07/15/2019,12:00,13.942
07/15/2019,13:00,14.038
07/15/2019,14:00,14.23
07/15/2019,15:00,13.654
07/15/2019,16:00,13.558
07/15/2019,17:00,13.558
07/15/2019,18:00,13.654
07/15/2019,19:00,13.558
07/15/2019,20:00,13.654
07/15/2019,21:00,13.269
07/15/2019,22:00,13.173
07/15/2019,23:00,12.98
07/16/2019,00:00,12.787
07/16/2019,01:00,12.69
07/16/2019,02:00,12.497
07/16/2019,03:00,12.304
07/16/2019,04:00,12.304
07/16/2019,05:00,11.916
07/16/2019,06:00,11.819
07/16/2019,07:00,12.013
07/16/2019,08:00,12.497
07/16/2019,09:00,12.497
07/16/2019,10:00,13.269
07/16/2019,11:00,13.558
07/16/2019,12:00,13.461
07/16/2019,13:00,13.942
07/16/2019,14:00,13.654
07/16/2019,15:00,14.134
07/16/2019,16:00,14.038
07/16/2019,17:00,13.654
07/16/2019,18:00,14.038
07/16/2019,19:00,14.325
07/16/2019,20:00,14.23
07/16/2019,21:00,13.461
07/16/2019,22:00,13.076
07/16/2019,23:00,12.594
07/17/2019,00:00,12.69
07/17/2019,01:00,12.594
07/17/2019,02:00,12.11
07/17/2019,03:00,11.916
07/17/2019,04:00,11.041
07/17/2019,05:00,10.944
07/17/2019,06:00,11.139
07/17/2019,07:00,11.722
07/17/2019,08:00,12.787
07/17/2019,09:00,13.365
07/17/2019,10:00,14.134
07/17/2019,11:00,14.613
07/17/2019,12:00,14.613
07/17/2019,13:00,14.709
07/17/2019,14:00,15.855
07/17/2019,15:00,16.046
07/17/2019,16:00,16.332
07/17/2019,17:00,16.046
07/17/2019,18:00,16.141
07/17/2019,19:00,15.951
07/17/2019,20:00,15.187
07/17/2019,21:00,14.709
07/17/2019,22:00,14.23
07/17/2019,23:00,13.75
07/18/2019,00:00,13.461
07/18/2019,01:00,13.076
07/18/2019,02:00,12.69
07/18/2019,03:00,12.401
07/18/2019,04:00,12.11
07/18/2019,05:00,12.013
07/18/2019,06:00,12.207
07/18/2019,07:00,12.594
07/18/2019,08:00,12.98
07/18/2019,09:00,13.846
07/18/2019,10:00,14.996
07/18/2019,11:00,15.76
07/18/2019,12:00,16.713
07/18/2019,13:00,16.523
07/18/2019,14:00,16.046
07/18/2019,15:00,16.237
07/18/2019,16:00,17.95
07/18/2019,17:00,18.236
07/18/2019,18:00,18.426
07/18/2019,19:00,16.427
07/18/2019,20:00,16.523
07/18/2019,21:00,16.237
07/18/2019,22:00,15.378
07/18/2019,23:00,14.804
07/19/2019,00:00,14.421
07/19/2019,01:00,14.517
07/19/2019,02:00,14.517
07/19/2019,03:00,14.23
07/19/2019,04:00,14.038
07/19/2019,05:00,14.038
07/19/2019,06:00,14.134
07/19/2019,07:00,13.846
07/19/2019,08:00,13.75
07/19/2019,09:00,13.654
07/19/2019,10:00,14.134
07/19/2019,11:00,14.421
07/19/2019,12:00,14.804
07/19/2019,13:00,15.473
07/19/2019,14:00,15.378
07/19/2019,15:00,15.569
07/19/2019,16:00,14.804
07/19/2019,17:00,14.9
07/19/2019,18:00,14.804
07/19/2019,19:00,14.613
07/19/2019,20:00,14.709
07/19/2019,21:00,14.517
07/19/2019,22:00,14.134
07/19/2019,23:00,13.654
07/20/2019,00:00,13.365
07/20/2019,01:00,13.269
07/20/2019,02:00,13.269
07/20/2019,03:00,13.076
07/20/2019,04:00,12.98
07/20/2019,05:00,12.98
07/20/2019,06:00,12.98
07/20/2019,07:00,13.076
07/20/2019,08:00,13.461
07/20/2019,09:00,13.942
07/20/2019,10:00,14.421
07/20/2019,11:00,14.325
07/20/2019,12:00,14.23
07/20/2019,13:00,14.421
07/20/2019,14:00,14.038
07/20/2019,15:00,14.038
07/20/2019,16:00,14.23
07/20/2019,17:00,14.038
07/20/2019,18:00,13.942
07/20/2019,19:00,13.75
07/20/2019,20:00,13.654
07/20/2019,21:00,13.461
07/20/2019,22:00,13.269
07/20/2019,23:00,12.98
07/21/2019,00:00,12.787
07/21/2019,01:00,12.594
07/21/2019,02:00,12.401
07/21/2019,03:00,12.401
07/21/2019,04:00,12.401
07/21/2019,05:00,12.401
07/21/2019,06:00,12.594
07/21/2019,07:00,12.787
07/21/2019,08:00,13.269
07/21/2019,09:00,13.654
07/21/2019,10:00,13.846
07/21/2019,11:00,14.23
07/21/2019,12:00,13.942
07/21/2019,13:00,14.038
07/21/2019,14:00,14.613
07/21/2019,15:00,14.9
07/21/2019,16:00,15.664
07/21/2019,17:00,16.046
07/21/2019,18:00,15.76
07/21/2019,19:00,15.473
07/21/2019,20:00,14.709
07/21/2019,21:00,14.23
07/21/2019,22:00,13.942
07/21/2019,23:00,13.75
07/22/2019,00:00,13.654
07/22/2019,01:00,13.269
07/22/2019,02:00,13.269
07/22/2019,03:00,13.269
07/22/2019,04:00,13.076
07/22/2019,05:00,13.076
07/22/2019,06:00,12.98
07/22/2019,07:00,13.173
07/22/2019,08:00,13.461
07/22/2019,09:00,13.846
07/22/2019,10:00,15.091
07/22/2019,11:00,15.76
07/22/2019,12:00,16.618
07/22/2019,13:00,18.045
07/22/2019,14:00,18.236
07/22/2019,15:00,17.094
07/22/2019,16:00,17.855
07/22/2019,17:00,18.045
07/22/2019,18:00,18.521
07/22/2019,19:00,16.999
07/22/2019,20:00,15.282
07/22/2019,21:00,14.9
07/22/2019,22:00,14.23
07/22/2019,23:00,13.558
07/23/2019,00:00,13.076
07/23/2019,01:00,12.883
07/23/2019,02:00,12.497
07/23/2019,03:00,12.69
07/23/2019,04:00,12.304
07/23/2019,05:00,12.304
07/23/2019,06:00,12.304
07/23/2019,07:00,12.497
07/23/2019,08:00,12.304
07/23/2019,09:00,13.846
07/23/2019,10:00,14.996
07/23/2019,11:00,16.332
07/23/2019,12:00,17.189
07/23/2019,13:00,17.57
07/23/2019,14:00,17.665
07/23/2019,15:00,17.284
07/23/2019,16:00,17.665
07/23/2019,17:00,18.426
07/23/2019,18:00,18.616
07/23/2019,19:00,17.284
07/23/2019,20:00,17.284
07/23/2019,21:00,16.237
07/23/2019,22:00,15.282
07/23/2019,23:00,14.421
07/24/2019,00:00,13.846
07/24/2019,01:00,13.558
07/24/2019,02:00,12.787
07/24/2019,03:00,12.69
07/24/2019,04:00,12.69
07/24/2019,05:00,12.401
07/24/2019,06:00,11.916
07/24/2019,07:00,12.11
07/24/2019,08:00,12.787
07/24/2019,09:00,15.187
07/24/2019,10:00,17.284
07/24/2019,11:00,18.806
07/24/2019,12:00,17.284
07/24/2019,13:00,15.855
07/24/2019,14:00,15.282
07/24/2019,15:00,15.76
07/24/2019,16:00,16.046
07/24/2019,17:00,15.378
07/24/2019,18:00,14.134
07/24/2019,19:00,14.134
07/24/2019,20:00,13.846
07/24/2019,21:00,13.75
07/24/2019,22:00,13.461
07/24/2019,23:00,12.98
07/25/2019,00:00,12.69
07/25/2019,01:00,12.594
07/25/2019,02:00,12.401
07/25/2019,03:00,12.11
07/25/2019,04:00,11.916
07/25/2019,05:00,11.916
07/25/2019,06:00,11.916
07/25/2019,07:00,12.594
07/25/2019,08:00,13.461
07/25/2019,09:00,13.173
07/25/2019,10:00,13.846
07/25/2019,11:00,14.9
07/25/2019,12:00,16.141
07/25/2019,13:00,16.618
07/25/2019,14:00,17.094
07/25/2019,15:00,17.284
07/25/2019,16:00,16.903
07/25/2019,17:00,17.189
07/25/2019,18:00,17.475
07/25/2019,19:00,17.379
07/25/2019,20:00,15.569
07/25/2019,21:00,14.421
07/25/2019,22:00,13.076
07/25/2019,23:00,12.401
07/26/2019,00:00,11.722
07/26/2019,01:00,11.236
07/26/2019,02:00,10.748
07/26/2019,03:00,10.455
07/26/2019,04:00,10.259
07/26/2019,05:00,9.965
07/26/2019,06:00,10.063
07/26/2019,07:00,10.846
07/26/2019,08:00,11.528
07/26/2019,09:00,12.98
07/26/2019,10:00,14.421
07/26/2019,11:00,15.76
07/26/2019,12:00,16.046
07/26/2019,13:00,16.141
07/26/2019,14:00,15.473
07/26/2019,15:00,15.664
07/26/2019,16:00,17.094
07/26/2019,17:00,17.094
07/26/2019,18:00,16.808
07/26/2019,19:00,15.569
07/26/2019,20:00,15.473
07/26/2019,21:00,14.9
07/26/2019,22:00,14.325
07/26/2019,23:00,12.883
07/27/2019,00:00,12.594
07/27/2019,01:00,11.916
07/27/2019,02:00,11.431
07/27/2019,03:00,11.139
07/27/2019,04:00,10.846
07/27/2019,05:00,10.748
07/27/2019,06:00,11.139
07/27/2019,07:00,11.625
07/27/2019,08:00,12.11
07/27/2019,09:00,12.401
07/27/2019,10:00,12.98
07/27/2019,11:00,13.654
07/27/2019,12:00,13.654
07/27/2019,13:00,13.942
07/27/2019,14:00,14.23
07/27/2019,15:00,13.75
07/27/2019,16:00,13.654
07/27/2019,17:00,12.883
07/27/2019,18:00,12.304
07/27/2019,19:00,11.916
07/27/2019,20:00,11.819
07/27/2019,21:00,11.625
07/27/2019,22:00,11.334
07/27/2019,23:00,11.431
07/28/2019,00:00,11.334
07/28/2019,01:00,11.334
07/28/2019,02:00,11.041
07/28/2019,03:00,11.041
07/28/2019,04:00,10.944
07/28/2019,05:00,10.651
07/28/2019,06:00,10.455
07/28/2019,07:00,10.553
07/28/2019,08:00,10.846
07/28/2019,09:00,11.431
07/28/2019,10:00,11.819
07/28/2019,11:00,11.528
07/28/2019,12:00,11.819
07/28/2019,13:00,11.334
07/28/2019,14:00,11.041
07/28/2019,15:00,11.528
07/28/2019,16:00,11.528
07/28/2019,17:00,11.916
07/28/2019,18:00,11.722
07/28/2019,19:00,10.651
07/28/2019,20:00,10.455
07/28/2019,21:00,10.455
07/28/2019,22:00,10.259
07/28/2019,23:00,10.259
07/29/2019,00:00,10.357
07/29/2019,01:00,10.357
07/29/2019,02:00,10.357
07/29/2019,03:00,10.357
07/29/2019,04:00,10.357
07/29/2019,05:00,10.455
07/29/2019,06:00,10.455
07/29/2019,07:00,10.651
07/29/2019,08:00,11.041
07/29/2019,09:00,11.431
07/29/2019,10:00,11.625
07/29/2019,11:00,12.401
07/29/2019,12:00,13.076
07/29/2019,13:00,13.365
07/29/2019,14:00,13.654
07/29/2019,15:00,14.038
07/29/2019,16:00,14.23
07/29/2019,17:00,14.325
07/29/2019,18:00,13.173
07/29/2019,19:00,13.173
07/29/2019,20:00,13.461
07/29/2019,21:00,13.076
07/29/2019,22:00,12.594
07/29/2019,23:00,11.722
07/30/2019,00:00,11.528
07/30/2019,01:00,10.944
07/30/2019,02:00,10.553
07/30/2019,03:00,10.357
07/30/2019,04:00,9.965
07/30/2019,05:00,9.669
07/30/2019,06:00,9.373
07/30/2019,07:00,9.571
07/30/2019,08:00,10.161
07/30/2019,09:00,11.819
07/30/2019,10:00,13.365
07/30/2019,11:00,14.23
07/30/2019,12:00,14.23
07/30/2019,13:00,14.9
07/30/2019,14:00,16.332
07/30/2019,15:00,16.237
07/30/2019,16:00,16.332
07/30/2019,17:00,16.523
07/30/2019,18:00,16.713
07/30/2019,19:00,16.999
07/30/2019,20:00,15.473
07/30/2019,21:00,14.804
07/30/2019,22:00,13.365
07/30/2019,23:00,12.883
07/31/2019,00:00,12.304
07/31/2019,01:00,11.528
07/31/2019,02:00,10.553
07/31/2019,03:00,10.161
07/31/2019,04:00,10.455
07/31/2019,05:00,10.357
07/31/2019,06:00,10.063
07/31/2019,07:00,10.553
07/31/2019,08:00,11.139
07/31/2019,09:00,12.594
07/31/2019,10:00,14.613
07/31/2019,11:00,15.855
07/31/2019,12:00,16.808
07/31/2019,13:00,17.094
07/31/2019,14:00,16.713
07/31/2019,15:00,16.713
07/31/2019,16:00,16.808
07/31/2019,17:00,16.999
07/31/2019,18:00,16.999
07/31/2019,19:00,17.379
07/31/2019,20:00,15.855
07/31/2019,21:00,15.187
07/31/2019,22:00,13.75
07/31/2019,23:00,12.594
08/01/2019,00:00,11.625
08/01/2019,01:00,11.528
08/01/2019,02:00,12.013
08/01/2019,03:00,12.497
08/01/2019,04:00,12.594
08/01/2019,05:00,12.883
08/01/2019,06:00,12.98
08/01/2019,07:00,13.173
08/01/2019,08:00,13.076
08/01/2019,09:00,13.365
08/01/2019,10:00,13.846
08/01/2019,11:00,13.846
08/01/2019,12:00,13.942
08/01/2019,13:00,13.846
08/01/2019,14:00,14.134
08/01/2019,15:00,14.517
08/01/2019,16:00,15.187
08/01/2019,17:00,15.378
08/01/2019,18:00,14.9
08/01/2019,19:00,14.038
08/01/2019,20:00,13.654
08/01/2019,21:00,13.75
08/01/2019,22:00,13.365
08/01/2019,23:00,13.076
08/02/2019,00:00,12.69
08/02/2019,01:00,12.594
08/02/2019,02:00,12.013
08/02/2019,03:00,11.819
08/02/2019,04:00,11.722
08/02/2019,05:00,11.431
08/02/2019,06:00,10.846
08/02/2019,07:00,10.846
08/02/2019,08:00,11.528
08/02/2019,09:00,12.497
08/02/2019,10:00,13.654
08/02/2019,11:00,14.325
08/02/2019,12:00,15.282
08/02/2019,13:00,16.141
08/02/2019,14:00,16.046
08/02/2019,15:00,16.523
08/02/2019,16:00,16.523
08/02/2019,17:00,15.76
08/02/2019,18:00,15.473
08/02/2019,19:00,15.473
08/02/2019,20:00,15.187
08/02/2019,21:00,14.804
08/02/2019,22:00,14.134
08/02/2019,23:00,12.787
08/03/2019,00:00,11.916
08/03/2019,01:00,11.139
08/03/2019,02:00,10.748
08/03/2019,03:00,10.748
08/03/2019,04:00,9.965
08/03/2019,05:00,10.063
08/03/2019,06:00,10.259
08/03/2019,07:00,10.259
08/03/2019,08:00,10.944
08/03/2019,09:00,12.883
08/03/2019,10:00,14.23
08/03/2019,11:00,15.187
08/03/2019,12:00,16.237
08/03/2019,13:00,16.713
08/03/2019,14:00,17.189
08/03/2019,15:00,17.189
08/03/2019,16:00,16.903
08/03/2019,17:00,17.284
08/03/2019,18:00,17.189
08/03/2019,19:00,17.094
08/03/2019,20:00,15.282
08/03/2019,21:00,14.9
08/03/2019,22:00,14.038
08/03/2019,23:00,12.69
08/04/2019,00:00,12.11
08/04/2019,01:00,12.304
08/04/2019,02:00,12.594
08/04/2019,03:00,12.787
08/04/2019,04:00,12.883
08/04/2019,05:00,12.98
08/04/2019,06:00,13.076
08/04/2019,07:00,13.269
08/04/2019,08:00,13.846
08/04/2019,09:00,14.325
08/04/2019,10:00,14.9
08/04/2019,11:00,15.378
08/04/2019,12:00,15.76
08/04/2019,13:00,15.664
08/04/2019,14:00,16.141
08/04/2019,15:00,15.951
08/04/2019,16:00,15.855
08/04/2019,17:00,15.378
08/04/2019,18:00,15.187
08/04/2019,19:00,14.804
08/04/2019,20:00,14.804
08/04/2019,21:00,14.613
08/04/2019,22:00,14.134
08/04/2019,23:00,14.038
08/05/2019,00:00,14.038
08/05/2019,01:00,13.558
08/05/2019,02:00,13.365
08/05/2019,03:00,13.269
08/05/2019,04:00,13.365
08/05/2019,05:00,13.173
08/05/2019,06:00,13.173
08/05/2019,07:00,13.461
08/05/2019,08:00,13.846
08/05/2019,09:00,14.517
08/05/2019,10:00,14.709
08/05/2019,11:00,14.996
08/05/2019,12:00,15.473
08/05/2019,13:00,15.473
08/05/2019,14:00,15.951
08/05/2019,15:00,16.046
08/05/2019,16:00,16.523
08/05/2019,17:00,16.618
08/05/2019,18:00,15.855
08/05/2019,19:00,15.378
08/05/2019,20:00,14.613
08/05/2019,21:00,14.421
08/05/2019,22:00,14.325
08/05/2019,23:00,14.134
08/06/2019,00:00,14.23
08/06/2019,01:00,14.038
08/06/2019,02:00,13.846
08/06/2019,03:00,13.942
08/06/2019,04:00,13.846
08/06/2019,05:00,13.654
08/06/2019,06:00,13.558
08/06/2019,07:00,13.654
08/06/2019,08:00,13.558
08/06/2019,09:00,13.558
08/06/2019,10:00,13.654
08/06/2019,11:00,13.846
08/06/2019,12:00,14.23
08/06/2019,13:00,14.517
08/06/2019,14:00,15.187
08/06/2019,15:00,16.046
08/06/2019,16:00,15.951
08/06/2019,17:00,15.951
08/06/2019,18:00,15.282
08/06/2019,19:00,15.187
08/06/2019,20:00,14.804
08/06/2019,21:00,14.517
08/06/2019,22:00,14.134
08/06/2019,23:00,14.038
08/07/2019,00:00,13.654
08/07/2019,01:00,13.654
08/07/2019,02:00,13.654
08/07/2019,03:00,13.461
08/07/2019,04:00,13.365
08/07/2019,05:00,13.173
08/07/2019,06:00,13.076
08/07/2019,07:00,12.98
08/07/2019,08:00,12.69
08/07/2019,09:00,12.883
08/07/2019,10:00,12.883
08/07/2019,11:00,14.709
08/07/2019,12:00,16.618
08/07/2019,13:00,18.331
08/07/2019,14:00,17.665
08/07/2019,15:00,18.045
08/07/2019,16:00,18.14
08/07/2019,17:00,19.567
08/07/2019,18:00,17.76
08/07/2019,19:00,17.855
08/07/2019,20:00,18.045
08/07/2019,21:00,16.523
08/07/2019,22:00,15.282
08/07/2019,23:00,14.23
08/08/2019,00:00,14.038
08/08/2019,01:00,13.269
08/08/2019,02:00,12.98
08/08/2019,03:00,12.69
08/08/2019,04:00,11.722
08/08/2019,05:00,11.236
08/08/2019,06:00,11.334
08/08/2019,07:00,11.625
08/08/2019,08:00,13.461
08/08/2019,09:00,15.569
08/08/2019,10:00,17.76
08/08/2019,11:00,20.805
08/08/2019,12:00,23.1
08/08/2019,13:00,24.738
08/08/2019,14:00,24.448
08/08/2019,15:00,25.028
08/08/2019,16:00,24.738
08/08/2019,17:00,24.351
08/08/2019,18:00,24.738
08/08/2019,19:00,24.062
08/08/2019,20:00,20.615
08/08/2019,21:00,18.236
08/08/2019,22:00,16.046
08/08/2019,23:00,14.804
08/09/2019,00:00,13.654
08/09/2019,01:00,12.401
08/09/2019,02:00,11.528
08/09/2019,03:00,10.944
08/09/2019,04:00,10.357
08/09/2019,05:00,10.161
08/09/2019,06:00,10.748
08/09/2019,07:00,11.236
08/09/2019,08:00,13.269
08/09/2019,09:00,15.76
08/09/2019,10:00,19.853
08/09/2019,11:00,22.812
08/09/2019,12:00,23.484
08/09/2019,13:00,23.581
08/09/2019,14:00,23.388
08/09/2019,15:00,23.292
08/09/2019,16:00,22.812
08/09/2019,17:00,21.951
08/09/2019,18:00,21.569
08/09/2019,19:00,22.429
08/09/2019,20:00,19.662
08/09/2019,21:00,17.189
08/09/2019,22:00,15.091
08/09/2019,23:00,13.269
08/10/2019,00:00,11.722
08/10/2019,01:00,10.651
08/10/2019,02:00,9.965
08/10/2019,03:00,9.571
08/10/2019,04:00,9.472
08/10/2019,05:00,8.581
08/10/2019,06:00,7.882
08/10/2019,07:00,8.581
08/10/2019,08:00,9.669
08/10/2019,09:00,12.787
08/10/2019,10:00,17.284
08/10/2019,11:00,19.948
08/10/2019,12:00,21.091
08/10/2019,13:00,20.615
08/10/2019,14:00,20.138
08/10/2019,15:00,20.901
08/10/2019,16:00,20.043
08/10/2019,17:00,20.71
08/10/2019,18:00,20.615
08/10/2019,19:00,21.187
08/10/2019,20:00,18.521
08/10/2019,21:00,16.523
08/10/2019,22:00,14.9
08/10/2019,23:00,13.076
08/11/2019,00:00,11.625
08/11/2019,01:00,10.944
08/11/2019,02:00,9.866
08/11/2019,03:00,9.472
08/11/2019,04:00,9.373
08/11/2019,05:00,8.879
08/11/2019,06:00,8.182
08/11/2019,07:00,8.481
08/11/2019,08:00,9.669
08/11/2019,09:00,12.594
08/11/2019,10:00,16.332
08/11/2019,11:00,18.426
08/11/2019,12:00,19.092
08/11/2019,13:00,19.282
08/11/2019,14:00,20.234
08/11/2019,15:00,19.662
08/11/2019,16:00,19.187
08/11/2019,17:00,18.901
08/11/2019,18:00,18.521
08/11/2019,19:00,18.901
08/11/2019,20:00,16.903
08/11/2019,21:00,15.187
08/11/2019,22:00,13.269
08/11/2019,23:00,12.11
08/12/2019,00:00,10.748
08/12/2019,01:00,10.063
08/12/2019,02:00,9.373
08/12/2019,03:00,9.077
08/12/2019,04:00,8.481
08/12/2019,05:00,8.082
08/12/2019,06:00,7.782
08/12/2019,07:00,7.983
08/12/2019,08:00,9.077
08/12/2019,09:00,11.431
08/12/2019,10:00,14.421
08/12/2019,11:00,16.903
08/12/2019,12:00,17.855
08/12/2019,13:00,18.616
08/12/2019,14:00,18.806
08/12/2019,15:00,18.236
08/12/2019,16:00,18.045
08/12/2019,17:00,18.236
08/12/2019,18:00,18.236
08/12/2019,19:00,17.189
08/12/2019,20:00,15.855
08/12/2019,21:00,14.996
08/12/2019,22:00,13.654
08/12/2019,23:00,12.787
08/13/2019,00:00,12.304
08/13/2019,01:00,12.401
08/13/2019,02:00,11.819
08/13/2019,03:00,11.139
08/13/2019,04:00,10.846
08/13/2019,05:00,11.334
08/13/2019,06:00,10.748
08/13/2019,07:00,10.259
08/13/2019,08:00,11.431
08/13/2019,09:00,13.076
08/13/2019,10:00,14.23
08/13/2019,11:00,14.325
08/13/2019,12:00,14.709
08/13/2019,13:00,14.804
08/13/2019,14:00,15.187
08/13/2019,15:00,15.473
08/13/2019,16:00,15.473
08/13/2019,17:00,14.996
08/13/2019,18:00,14.996
08/13/2019,19:00,15.282
08/13/2019,20:00,14.996
08/13/2019,21:00,14.517
08/13/2019,22:00,14.23
08/13/2019,23:00,13.846
08/14/2019,00:00,13.75
08/14/2019,01:00,13.654
08/14/2019,02:00,13.558
08/14/2019,03:00,13.558
08/14/2019,04:00,13.558
08/14/2019,05:00,13.461
08/14/2019,06:00,13.269
08/14/2019,07:00,13.269
08/14/2019,08:00,13.461
08/14/2019,09:00,13.942
08/14/2019,10:00,14.9
08/14/2019,11:00,15.282
08/14/2019,12:00,15.282
08/14/2019,13:00,15.76
08/14/2019,14:00,16.046
08/14/2019,15:00,16.141
08/14/2019,16:00,15.951
08/14/2019,17:00,15.282
08/14/2019,18:00,15.187
08/14/2019,19:00,14.9
08/14/2019,20:00,14.421
08/14/2019,21:00,14.134
08/14/2019,22:00,13.942
08/14/2019,23:00,13.75
08/15/2019,00:00,13.75
08/15/2019,01:00,13.75
08/15/2019,02:00,13.654
08/15/2019,03:00,13.461
08/15/2019,04:00,13.365
08/15/2019,05:00,13.076
08/15/2019,06:00,12.98
08/15/2019,07:00,13.173
08/15/2019,08:00,13.365
08/15/2019,09:00,14.421
08/15/2019,10:00,15.664
08/15/2019,11:00,16.427
08/15/2019,12:00,17.379
08/15/2019,13:00,17.76
08/15/2019,14:00,18.331
08/15/2019,15:00,18.806
08/15/2019,16:00,18.236
08/15/2019,17:00,17.95
08/15/2019,18:00,17.284
08/15/2019,19:00,16.237
08/15/2019,20:00,15.187
08/15/2019,21:00,14.709
08/15/2019,22:00,13.75
08/15/2019,23:00,13.461
08/16/2019,00:00,13.076
08/16/2019,01:00,12.787
08/16/2019,02:00,12.013
08/16/2019,03:00,11.431
08/16/2019,04:00,11.334
08/16/2019,05:00,11.041
08/16/2019,06:00,11.041
08/16/2019,07:00,11.139
08/16/2019,08:00,11.528
08/16/2019,09:00,13.173
08/16/2019,10:00,15.569
08/16/2019,11:00,17.475
08/16/2019,12:00,17.95
08/16/2019,13:00,17.475
08/16/2019,14:00,16.523
08/16/2019,15:00,16.332
08/16/2019,16:00,17.189
08/16/2019,17:00,17.189
08/16/2019,18:00,16.237
08/16/2019,19:00,15.855
08/16/2019,20:00,15.76
08/16/2019,21:00,15.282
08/16/2019,22:00,14.9
08/16/2019,23:00,14.804
08/17/2019,00:00,14.421
08/17/2019,01:00,14.134
08/17/2019,02:00,13.75
08/17/2019,03:00,13.654
08/17/2019,04:00,13.654
08/17/2019,05:00,13.461
08/17/2019,06:00,13.365
08/17/2019,07:00,13.461
08/17/2019,08:00,13.461
08/17/2019,09:00,13.461
08/17/2019,10:00,12.69
08/17/2019,11:00,12.98
08/17/2019,12:00,14.613
08/17/2019,13:00,16.713
08/17/2019,14:00,17.665
08/17/2019,15:00,18.711
08/17/2019,16:00,18.616
08/17/2019,17:00,18.806
08/17/2019,18:00,18.806
08/17/2019,19:00,18.236
08/17/2019,20:00,16.523
08/17/2019,21:00,15.187
08/17/2019,22:00,14.038
08/17/2019,23:00,13.558
08/18/2019,00:00,13.846
08/18/2019,01:00,14.038
08/18/2019,02:00,13.461
08/18/2019,03:00,13.461
08/18/2019,04:00,13.365
08/18/2019,05:00,11.236
08/18/2019,06:00,11.819
08/18/2019,07:00,11.625
08/18/2019,08:00,11.431
08/18/2019,09:00,12.594
08/18/2019,10:00,14.804
08/18/2019,11:00,15.664
08/18/2019,12:00,16.999
08/18/2019,13:00,17.379
08/18/2019,14:00,17.094
08/18/2019,15:00,18.331
08/18/2019,16:00,17.284
08/18/2019,17:00,17.284
08/18/2019,18:00,17.189
08/18/2019,19:00,16.237
08/18/2019,20:00,14.325
08/18/2019,21:00,12.207
08/18/2019,22:00,10.259
08/18/2019,23:00,9.373
08/19/2019,00:00,8.382
08/19/2019,01:00,7.983
08/19/2019,02:00,7.381
08/19/2019,03:00,7.079
08/19/2019,04:00,6.877
08/19/2019,05:00,6.471
08/19/2019,06:00,6.268
08/19/2019,07:00,6.471
08/19/2019,08:00,8.082
08/19/2019,09:00,11.625
08/19/2019,10:00,13.75
08/19/2019,11:00,15.091
08/19/2019,12:00,16.903
08/19/2019,13:00,17.855
08/19/2019,14:00,17.189
08/19/2019,15:00,17.475
08/19/2019,16:00,17.284
08/19/2019,17:00,17.094
08/19/2019,18:00,16.713
08/19/2019,19:00,16.523
08/19/2019,20:00,14.613
08/19/2019,21:00,11.819
08/19/2019,22:00,9.571
08/19/2019,23:00,8.082
08/20/2019,00:00,6.775
08/20/2019,01:00,6.166
08/20/2019,02:00,6.471
08/20/2019,03:00,5.86
08/20/2019,04:00,4.311
08/20/2019,05:00,3.998
08/20/2019,06:00,3.578
08/20/2019,07:00,3.788
08/20/2019,08:00,4.727
08/20/2019,09:00,7.782
08/20/2019,10:00,13.076
08/20/2019,11:00,15.76
08/20/2019,12:00,16.808
08/20/2019,13:00,16.808
08/20/2019,14:00,16.713
08/20/2019,15:00,16.523
08/20/2019,16:00,16.237
08/20/2019,17:00,16.237
08/20/2019,18:00,15.378
08/20/2019,19:00,15.282
08/20/2019,20:00,13.461
08/20/2019,21:00,11.819
08/20/2019,22:00,10.161
08/20/2019,23:00,8.581
08/21/2019,00:00,7.28
08/21/2019,01:00,6.471
08/21/2019,02:00,5.552
08/21/2019,03:00,4.934
08/21/2019,04:00,4.415
08/21/2019,05:00,3.893
08/21/2019,06:00,3.998
08/21/2019,07:00,3.261
08/21/2019,08:00,4.519
08/21/2019,09:00,7.28
08/21/2019,10:00,11.236
08/21/2019,11:00,14.421
08/21/2019,12:00,15.664
08/21/2019,13:00,16.808
08/21/2019,14:00,16.332
08/21/2019,15:00,16.618
08/21/2019,16:00,16.808
08/21/2019,17:00,17.284
08/21/2019,18:00,17.094
08/21/2019,19:00,17.094
08/21/2019,20:00,14.996
08/21/2019,21:00,13.173
08/21/2019,22:00,12.401
08/21/2019,23:00,11.916
08/22/2019,00:00,11.334
08/22/2019,01:00,10.846
08/22/2019,02:00,10.944
08/22/2019,03:00,11.334
08/22/2019,04:00,10.651
08/22/2019,05:00,9.768
08/22/2019,06:00,8.779
08/22/2019,07:00,8.382
08/22/2019,08:00,8.68
08/22/2019,09:00,10.651
08/22/2019,10:00,12.497
08/22/2019,11:00,11.041
08/22/2019,12:00,10.748
08/22/2019,13:00,11.528
08/22/2019,14:00,11.334
08/22/2019,15:00,11.334
08/22/2019,16:00,11.819
08/22/2019,17:00,12.304
08/22/2019,18:00,12.304
08/22/2019,19:00,12.304
08/22/2019,20:00,11.722
08/22/2019,21:00,11.916
08/22/2019,22:00,11.528
08/22/2019,23:00,11.041
08/23/2019,00:00,10.455
08/23/2019,01:00,10.259
08/23/2019,02:00,9.965
08/23/2019,03:00,10.259
08/23/2019,04:00,10.455
08/23/2019,05:00,10.063
08/23/2019,06:00,9.571
08/23/2019,07:00,10.063
08/23/2019,08:00,10.455
08/23/2019,09:00,11.431
08/23/2019,10:00,12.401
08/23/2019,11:00,12.497
08/23/2019,12:00,13.365
08/23/2019,13:00,12.883
08/23/2019,14:00,12.787
08/23/2019,15:00,12.013
08/23/2019,16:00,11.916
08/23/2019,17:00,11.625
08/23/2019,18:00,11.528
08/23/2019,19:00,11.139
08/23/2019,20:00,10.846
08/23/2019,21:00,10.748
08/23/2019,22:00,10.553
08/23/2019,23:00,10.455
08/24/2019,00:00,10.357
08/24/2019,01:00,10.161
08/24/2019,02:00,10.161
08/24/2019,03:00,10.161
08/24/2019,04:00,10.161
08/24/2019,05:00,9.965
08/24/2019,06:00,9.472
08/24/2019,07:00,9.373
08/24/2019,08:00,9.768
08/24/2019,09:00,10.259
08/24/2019,10:00,10.357
08/24/2019,11:00,10.846
08/24/2019,12:00,11.041
08/24/2019,13:00,11.431
08/24/2019,14:00,11.431
08/24/2019,15:00,11.625
08/24/2019,16:00,12.207
08/24/2019,17:00,12.401
08/24/2019,18:00,12.497
08/24/2019,19:00,12.69
08/24/2019,20:00,12.207
08/24/2019,21:00,11.625
08/24/2019,22:00,11.236
08/24/2019,23:00,10.846
08/25/2019,00:00,10.357
08/25/2019,01:00,9.866
08/25/2019,02:00,9.275
08/25/2019,03:00,9.373
08/25/2019,04:00,9.275
08/25/2019,05:00,9.669
08/25/2019,06:00,9.669
08/25/2019,07:00,9.571
08/25/2019,08:00,10.063
08/25/2019,09:00,10.161
08/25/2019,10:00,11.041
08/25/2019,11:00,12.497
08/25/2019,12:00,13.365
08/25/2019,13:00,13.942
08/25/2019,14:00,13.75
08/25/2019,15:00,13.365
08/25/2019,16:00,14.613
08/25/2019,17:00,14.038
08/25/2019,18:00,13.558
08/25/2019,19:00,13.269
08/25/2019,20:00,12.69
08/25/2019,21:00,12.401
08/25/2019,22:00,12.207
08/25/2019,23:00,11.916
08/26/2019,00:00,11.334
08/26/2019,01:00,11.139
08/26/2019,02:00,11.139
08/26/2019,03:00,10.748
08/26/2019,04:00,10.651
08/26/2019,05:00,10.553
08/26/2019,06:00,10.455
08/26/2019,07:00,10.455
08/26/2019,08:00,10.651
08/26/2019,09:00,10.944
08/26/2019,10:00,12.11
08/26/2019,11:00,12.98
08/26/2019,12:00,13.75
08/26/2019,13:00,15.951
08/26/2019,14:00,16.713
08/26/2019,15:00,15.473
08/26/2019,16:00,15.378
08/26/2019,17:00,15.282
08/26/2019,18:00,14.038
08/26/2019,19:00,13.461
08/26/2019,20:00,12.883
08/26/2019,21:00,11.819
08/26/2019,22:00,10.651
08/26/2019,23:00,11.139
08/27/2019,00:00,9.965
08/27/2019,01:00,8.481
08/27/2019,02:00,7.582
08/27/2019,03:00,7.079
08/27/2019,04:00,6.877
08/27/2019,05:00,7.179
08/27/2019,06:00,7.381
08/27/2019,07:00,7.481
08/27/2019,08:00,7.882
08/27/2019,09:00,9.669
08/27/2019,10:00,12.304
08/27/2019,11:00,14.325
08/27/2019,12:00,16.903
08/27/2019,13:00,17.855
08/27/2019,14:00,17.284
08/27/2019,15:00,16.999
08/27/2019,16:00,16.523
08/27/2019,17:00,16.141
08/27/2019,18:00,16.332
08/27/2019,19:00,16.332
08/27/2019,20:00,14.709
08/27/2019,21:00,13.365
08/27/2019,22:00,12.787
08/27/2019,23:00,12.304
08/28/2019,00:00,12.207
08/28/2019,01:00,12.11
08/28/2019,02:00,11.916
08/28/2019,03:00,11.528
08/28/2019,04:00,10.846
08/28/2019,05:00,10.063
08/28/2019,06:00,10.063
08/28/2019,07:00,9.571
08/28/2019,08:00,9.472
08/28/2019,09:00,11.334
08/28/2019,10:00,13.173
08/28/2019,11:00,14.038
08/28/2019,12:00,14.996
08/28/2019,13:00,15.282
08/28/2019,14:00,15.569
08/28/2019,15:00,15.569
08/28/2019,16:00,15.282
08/28/2019,17:00,15.569
08/28/2019,18:00,15.091
08/28/2019,19:00,14.9
08/28/2019,20:00,13.75
08/28/2019,21:00,12.69
08/28/2019,22:00,11.334
08/28/2019,23:00,10.357
08/29/2019,00:00,9.866
08/29/2019,01:00,8.779
08/29/2019,02:00,7.582
08/29/2019,03:00,6.775
08/29/2019,04:00,6.268
08/29/2019,05:00,6.268
08/29/2019,06:00,5.655
08/29/2019,07:00,5.45
08/29/2019,08:00,6.064
08/29/2019,09:00,7.983
08/29/2019,10:00,11.722
08/29/2019,11:00,13.846
08/29/2019,12:00,14.804
08/29/2019,13:00,15.951
08/29/2019,14:00,16.237
08/29/2019,15:00,16.427
08/29/2019,16:00,16.332
08/29/2019,17:00,16.523
08/29/2019,18:00,16.427
08/29/2019,19:00,16.237
08/29/2019,20:00,13.846
08/29/2019,21:00,12.207
08/29/2019,22:00,10.748
08/29/2019,23:00,9.275
08/30/2019,00:00,8.082
08/30/2019,01:00,7.582
08/30/2019,02:00,6.877
08/30/2019,03:00,6.268
08/30/2019,04:00,5.86
08/30/2019,05:00,5.141
08/30/2019,06:00,5.141
08/30/2019,07:00,5.244
08/30/2019,08:00,5.757
08/30/2019,09:00,8.082
08/30/2019,10:00,10.553
08/30/2019,11:00,14.23
08/30/2019,12:00,17.95
08/30/2019,13:00,18.616
08/30/2019,14:00,18.616
08/30/2019,15:00,18.616
08/30/2019,16:00,16.999
08/30/2019,17:00,17.284
08/30/2019,18:00,17.189
08/30/2019,19:00,14.996
08/30/2019,20:00,13.076
08/30/2019,21:00,11.916
08/30/2019,22:00,10.063
08/30/2019,23:00,9.077
08/31/2019,00:00,8.282
08/31/2019,01:00,7.682
08/31/2019,02:00,7.28
08/31/2019,03:00,7.28
08/31/2019,04:00,6.877
08/31/2019,05:00,6.471
08/31/2019,06:00,6.674
08/31/2019,07:00,7.079
08/31/2019,08:00,7.782
08/31/2019,09:00,9.275
08/31/2019,10:00,11.236
08/31/2019,11:00,13.654
08/31/2019,12:00,15.282
08/31/2019,13:00,15.76
08/31/2019,14:00,15.569
08/31/2019,15:00,14.325
08/31/2019,16:00,13.558
08/31/2019,17:00,13.365
08/31/2019,18:00,12.98
08/31/2019,19:00,12.883
08/31/2019,20:00,12.594
08/31/2019,21:00,12.11
08/31/2019,22:00,11.722
08/31/2019,23:00,11.041
09/01/2019,00:00,10.259
09/01/2019,01:00,9.669
09/01/2019,02:00,8.779
09/01/2019,03:00,7.782
09/01/2019,04:00,7.481
09/01/2019,05:00,6.775
09/01/2019,06:00,6.471
09/01/2019,07:00,6.775
09/01/2019,08:00,7.582
09/01/2019,09:00,9.472
09/01/2019,10:00,11.722
09/01/2019,11:00,13.365
09/01/2019,12:00,14.325
09/01/2019,13:00,15.282
09/01/2019,14:00,15.187
09/01/2019,15:00,15.855
09/01/2019,16:00,15.664
09/01/2019,17:00,14.421
09/01/2019,18:00,14.709
09/01/2019,19:00,14.23
09/01/2019,20:00,13.365
09/01/2019,21:00,12.401
09/01/2019,22:00,11.916
09/01/2019,23:00,11.431
09/02/2019,00:00,11.041
09/02/2019,01:00,10.553
09/02/2019,02:00,10.357
09/02/2019,03:00,10.357
09/02/2019,04:00,10.161
09/02/2019,05:00,9.866
09/02/2019,06:00,9.866
09/02/2019,07:00,9.768
09/02/2019,08:00,10.259
09/02/2019,09:00,10.748
09/02/2019,10:00,11.139
09/02/2019,11:00,12.013
09/02/2019,12:00,12.497
09/02/2019,13:00,12.98
09/02/2019,14:00,13.076
09/02/2019,15:00,13.558
09/02/2019,16:00,13.461
09/02/2019,17:00,13.076
09/02/2019,18:00,12.787
09/02/2019,19:00,12.787
09/02/2019,20:00,12.594
09/02/2019,21:00,12.594
09/02/2019,22:00,12.401
09/02/2019,23:00,12.401
09/03/2019,00:00,12.207
09/03/2019,01:00,12.11
09/03/2019,02:00,12.013
09/03/2019,03:00,11.916
09/03/2019,04:00,11.819
09/03/2019,05:00,11.722
09/03/2019,06:00,11.722
09/03/2019,07:00,11.722
09/03/2019,08:00,11.916
09/03/2019,09:00,12.207
09/03/2019,10:00,12.787
09/03/2019,11:00,13.076
09/03/2019,12:00,14.517
09/03/2019,13:00,13.558
09/03/2019,14:00,13.846
09/03/2019,15:00,14.038
09/03/2019,16:00,14.613
09/03/2019,17:00,14.23
09/03/2019,18:00,14.038
09/03/2019,19:00,13.461
09/03/2019,20:00,12.883
09/03/2019,21:00,11.625
09/03/2019,22:00,10.651
09/03/2019,23:00,10.357
09/04/2019,00:00,10.161
09/04/2019,01:00,9.472
09/04/2019,02:00,8.779
09/04/2019,03:00,8.382
09/04/2019,04:00,7.782
09/04/2019,05:00,7.28
09/04/2019,06:00,6.978
09/04/2019,07:00,6.877
09/04/2019,08:00,6.674
09/04/2019,09:00,8.282
09/04/2019,10:00,11.041
09/04/2019,11:00,12.787
09/04/2019,12:00,12.497
09/04/2019,13:00,13.75
09/04/2019,14:00,13.942
09/04/2019,15:00,14.709
09/04/2019,16:00,14.709
09/04/2019,17:00,14.709
09/04/2019,18:00,14.613
09/04/2019,19:00,14.709
09/04/2019,20:00,13.461
09/04/2019,21:00,12.497
09/04/2019,22:00,11.625
09/04/2019,23:00,10.259
09/05/2019,00:00,9.275
09/05/2019,01:00,8.382
09/05/2019,02:00,7.882
09/05/2019,03:00,7.582
09/05/2019,04:00,8.182
09/05/2019,05:00,8.382
09/05/2019,06:00,7.983
09/05/2019,07:00,7.582
09/05/2019,08:00,7.381
09/05/2019,09:00,8.978
09/05/2019,10:00,11.334
09/05/2019,11:00,12.69
09/05/2019,12:00,14.23
09/05/2019,13:00,14.517
09/05/2019,14:00,14.421
09/05/2019,15:00,15.091
09/05/2019,16:00,14.9
09/05/2019,17:00,14.804
09/05/2019,18:00,14.517
09/05/2019,19:00,14.038
09/05/2019,20:00,12.497
09/05/2019,21:00,11.139
09/05/2019,22:00,9.866
09/05/2019,23:00,8.879
09/06/2019,00:00,7.882
09/06/2019,01:00,7.079
09/06/2019,02:00,6.674
09/06/2019,03:00,6.573
09/06/2019,04:00,6.064
09/06/2019,05:00,5.86
09/06/2019,06:00,5.347
09/06/2019,07:00,5.037
09/06/2019,08:00,5.347
09/06/2019,09:00,6.978
09/06/2019,10:00,10.553
09/06/2019,11:00,13.269
09/06/2019,12:00,15.76
09/06/2019,13:00,16.237
09/06/2019,14:00,16.427
09/06/2019,15:00,16.713
09/06/2019,16:00,16.523
09/06/2019,17:00,15.569
09/06/2019,18:00,14.709
09/06/2019,19:00,14.23
09/06/2019,20:00,12.11
09/06/2019,21:00,10.553
09/06/2019,22:00,9.472
09/06/2019,23:00,8.382
09/07/2019,00:00,7.983
09/07/2019,01:00,6.674
09/07/2019,02:00,5.962
09/07/2019,03:00,5.655
09/07/2019,04:00,5.45
09/07/2019,05:00,5.347
09/07/2019,06:00,5.45
09/07/2019,07:00,5.141
09/07/2019,08:00,4.623
09/07/2019,09:00,7.079
09/07/2019,10:00,11.139
09/07/2019,11:00,11.916
09/07/2019,12:00,17.094
09/07/2019,13:00,18.331
09/07/2019,14:00,17.95
09/07/2019,15:00,18.521
09/07/2019,16:00,17.57
09/07/2019,17:00,16.903
09/07/2019,18:00,15.76
09/07/2019,19:00,14.9
09/07/2019,20:00,13.269
09/07/2019,21:00,12.304
09/07/2019,22:00,12.207
09/07/2019,23:00,11.625
09/08/2019,00:00,11.528
09/08/2019,01:00,10.748
09/08/2019,02:00,9.275
09/08/2019,03:00,9.275
09/08/2019,04:00,7.983
09/08/2019,05:00,7.682
09/08/2019,06:00,6.978
09/08/2019,07:00,6.775
09/08/2019,08:00,6.573
09/08/2019,09:00,8.182
09/08/2019,10:00,10.846
09/08/2019,11:00,14.421
09/08/2019,12:00,14.517
09/08/2019,13:00,16.046
09/08/2019,14:00,17.189
09/08/2019,15:00,17.189
09/08/2019,16:00,16.427
09/08/2019,17:00,16.141
09/08/2019,18:00,15.76
09/08/2019,19:00,15.187
09/08/2019,20:00,13.173
09/08/2019,21:00,11.431
09/08/2019,22:00,10.259
09/08/2019,23:00,9.275
09/09/2019,00:00,8.282
09/09/2019,01:00,7.582
09/09/2019,02:00,7.079
09/09/2019,03:00,6.573
09/09/2019,04:00,7.179
09/09/2019,05:00,7.179
09/09/2019,06:00,6.573
09/09/2019,07:00,6.166
09/09/2019,08:00,6.268
09/09/2019,09:00,7.983
09/09/2019,10:00,9.965
09/09/2019,11:00,11.625
09/09/2019,12:00,13.269
09/09/2019,13:00,12.98
09/09/2019,14:00,15.282
09/09/2019,15:00,15.76
09/09/2019,16:00,15.473
09/09/2019,17:00,15.378
09/09/2019,18:00,14.9
09/09/2019,19:00,13.461
09/09/2019,20:00,12.401
09/09/2019,21:00,12.013
09/09/2019,22:00,11.916
09/09/2019,23:00,11.819
09/10/2019,00:00,11.722
09/10/2019,01:00,11.528
09/10/2019,02:00,11.528
09/10/2019,03:00,11.528
09/10/2019,04:00,11.431
09/10/2019,05:00,11.334
09/10/2019,06:00,11.236
09/10/2019,07:00,11.334
09/10/2019,08:00,11.431
09/10/2019,09:00,11.722
09/10/2019,10:00,12.013
09/10/2019,11:00,12.883
09/10/2019,12:00,13.942
09/10/2019,13:00,14.613
09/10/2019,14:00,13.75
09/10/2019,15:00,12.883
09/10/2019,16:00,12.883
09/10/2019,17:00,12.497
09/10/2019,18:00,12.497
09/10/2019,19:00,12.69
09/10/2019,20:00,12.497
09/10/2019,21:00,11.528
09/10/2019,22:00,10.748
09/10/2019,23:00,9.866
09/11/2019,00:00,9.176
09/11/2019,01:00,8.68
09/11/2019,02:00,8.282
09/11/2019,03:00,7.782
09/11/2019,04:00,7.179
09/11/2019,05:00,6.37
09/11/2019,06:00,6.674
09/11/2019,07:00,5.86
09/11/2019,08:00,6.37
09/11/2019,09:00,7.682
09/11/2019,10:00,11.334
09/11/2019,11:00,12.207
09/11/2019,12:00,13.654
09/11/2019,13:00,14.325
09/11/2019,14:00,15.091
09/11/2019,15:00,15.569
09/11/2019,16:00,15.569
09/11/2019,17:00,14.23
09/11/2019,18:00,12.787
09/11/2019,19:00,12.401
09/11/2019,20:00,12.11
09/11/2019,21:00,12.11
09/11/2019,22:00,11.722
09/11/2019,23:00,11.139
09/12/2019,00:00,10.455
09/12/2019,01:00,10.063
09/12/2019,02:00,9.768
09/12/2019,03:00,9.669
09/12/2019,04:00,9.768
09/12/2019,05:00,9.669
09/12/2019,06:00,9.669
09/12/2019,07:00,9.472
09/12/2019,08:00,9.472
09/12/2019,09:00,10.259
09/12/2019,10:00,10.553
09/12/2019,11:00,12.11
09/12/2019,12:00,12.497
09/12/2019,13:00,12.883
09/12/2019,14:00,12.98
09/12/2019,15:00,12.98
09/12/2019,16:00,12.594
09/12/2019,17:00,12.497
09/12/2019,18:00,12.594
09/12/2019,19:00,12.11
09/12/2019,20:00,11.916
09/12/2019,21:00,11.916
09/12/2019,22:00,12.11
09/12/2019,23:00,12.207
09/13/2019,00:00,11.916
09/13/2019,01:00,12.11
09/13/2019,02:00,11.916
09/13/2019,03:00,11.916
09/13/2019,04:00,11.722
09/13/2019,05:00,11.528
09/13/2019,06:00,11.528
09/13/2019,07:00,11.334
09/13/2019,08:00,11.236
09/13/2019,09:00,11.528
09/13/2019,10:00,11.722
09/13/2019,11:00,12.013
09/13/2019,12:00,12.497
09/13/2019,13:00,12.98
09/13/2019,14:00,12.401
09/13/2019,15:00,12.11
09/13/2019,16:00,11.722
09/13/2019,17:00,12.207
09/13/2019,18:00,12.11
09/13/2019,19:00,11.916
09/13/2019,20:00,11.528
09/13/2019,21:00,10.846
09/13/2019,22:00,10.455
09/13/2019,23:00,10.063
09/14/2019,00:00,9.768
09/14/2019,01:00,9.571
09/14/2019,02:00,9.669
09/14/2019,03:00,9.472
09/14/2019,04:00,8.581
09/14/2019,05:00,8.182
09/14/2019,06:00,7.582
09/14/2019,07:00,7.079
09/14/2019,08:00,6.877
09/14/2019,09:00,7.481
09/14/2019,10:00,10.063
09/14/2019,11:00,10.944
09/14/2019,12:00,11.041
09/14/2019,13:00,12.401
09/14/2019,14:00,13.173
09/14/2019,15:00,13.846
09/14/2019,16:00,14.038
09/14/2019,17:00,14.038
09/14/2019,18:00,13.461
09/14/2019,19:00,12.304
09/14/2019,20:00,11.041
09/14/2019,21:00,10.357
09/14/2019,22:00,9.373
09/14/2019,23:00,8.68
09/15/2019,00:00,8.481
09/15/2019,01:00,7.28
09/15/2019,02:00,6.775
09/15/2019,03:00,6.268
09/15/2019,04:00,5.347
09/15/2019,05:00,4.831
09/15/2019,06:00,4.519
09/15/2019,07:00,4.207
09/15/2019,08:00,4.311
09/15/2019,09:00,5.244
09/15/2019,10:00,8.481
09/15/2019,11:00,10.651
09/15/2019,12:00,12.11
09/15/2019,13:00,13.461
09/15/2019,14:00,14.134
09/15/2019,15:00,13.942
09/15/2019,16:00,13.558
09/15/2019,17:00,13.558
09/15/2019,18:00,13.076
09/15/2019,19:00,12.401
09/15/2019,20:00,11.722
09/15/2019,21:00,11.431
09/15/2019,22:00,10.944
09/15/2019,23:00,10.846
09/16/2019,00:00,10.651
09/16/2019,01:00,10.455
09/16/2019,02:00,10.259
09/16/2019,03:00,10.161
09/16/2019,04:00,9.965
09/16/2019,05:00,9.669
09/16/2019,06:00,9.373
09/16/2019,07:00,9.176
09/16/2019,08:00,9.176
09/16/2019,09:00,9.275
09/16/2019,10:00,9.472
09/16/2019,11:00,9.768
09/16/2019,12:00,10.748
09/16/2019,13:00,11.528
09/16/2019,14:00,11.625
09/16/2019,15:00,12.013
09/16/2019,16:00,12.11
09/16/2019,17:00,12.207
09/16/2019,18:00,11.528
09/16/2019,19:00,11.528
09/16/2019,20:00,10.846
09/16/2019,21:00,10.455
09/16/2019,22:00,10.063
09/16/2019,23:00,9.373
09/17/2019,00:00,9.373
09/17/2019,01:00,8.978
09/17/2019,02:00,9.176
09/17/2019,03:00,9.669
09/17/2019,04:00,9.669
09/17/2019,05:00,9.373
09/17/2019,06:00,8.68
09/17/2019,07:00,7.782
09/17/2019,08:00,7.481
09/17/2019,09:00,8.182
09/17/2019,10:00,11.236
09/17/2019,11:00,12.013
09/17/2019,12:00,13.365
09/17/2019,13:00,13.365
09/17/2019,14:00,13.846
09/17/2019,15:00,13.75
09/17/2019,16:00,13.942
09/17/2019,17:00,13.846
09/17/2019,18:00,13.558
09/17/2019,19:00,12.304
09/17/2019,20:00,11.041
09/17/2019,21:00,9.866
09/17/2019,22:00,9.176
09/17/2019,23:00,8.481
09/18/2019,00:00,8.082
09/18/2019,01:00,8.182
09/18/2019,02:00,8.481
09/18/2019,03:00,8.978
09/18/2019,04:00,9.768
09/18/2019,05:00,10.259
09/18/2019,06:00,10.455
09/18/2019,07:00,10.846
09/18/2019,08:00,11.041
09/18/2019,09:00,11.236
09/18/2019,10:00,11.431
09/18/2019,11:00,11.528
09/18/2019,12:00,11.722
09/18/2019,13:00,11.916
09/18/2019,14:00,12.013
09/18/2019,15:00,11.722
09/18/2019,16:00,11.334
09/18/2019,17:00,11.819
09/18/2019,18:00,11.916
09/18/2019,19:00,12.11
09/18/2019,20:00,12.401
09/18/2019,21:00,12.207
09/18/2019,22:00,11.722
09/18/2019,23:00,11.625
09/19/2019,00:00,11.528
09/19/2019,01:00,11.139
09/19/2019,02:00,11.041
09/19/2019,03:00,11.041
09/19/2019,04:00,10.944
09/19/2019,05:00,10.748
09/19/2019,06:00,10.553
09/19/2019,07:00,10.553
09/19/2019,08:00,10.553
09/19/2019,09:00,10.846
09/19/2019,10:00,11.431
09/19/2019,11:00,12.304
09/19/2019,12:00,12.69
09/19/2019,13:00,12.304
09/19/2019,14:00,12.497
09/19/2019,15:00,12.497
09/19/2019,16:00,13.076
09/19/2019,17:00,12.497
09/19/2019,18:00,12.594
09/19/2019,19:00,12.401
09/19/2019,20:00,12.013
09/19/2019,21:00,11.431
09/19/2019,22:00,11.041
09/19/2019,23:00,10.651
09/20/2019,00:00,10.259
09/20/2019,01:00,10.161
09/20/2019,02:00,10.063
09/20/2019,03:00,9.965
09/20/2019,04:00,9.866
09/20/2019,05:00,9.768
09/20/2019,06:00,9.768
09/20/2019,07:00,9.669
09/20/2019,08:00,9.571
09/20/2019,09:00,10.553
09/20/2019,10:00,11.041
09/20/2019,11:00,11.334
09/20/2019,12:00,11.431
09/20/2019,13:00,11.528
09/20/2019,14:00,11.528
09/20/2019,15:00,11.916
09/20/2019,16:00,12.207
09/20/2019,17:00,12.304
09/20/2019,18:00,12.304
09/20/2019,19:00,12.304
09/20/2019,20:00,12.98
09/20/2019,21:00,13.076
09/20/2019,22:00,12.401
09/20/2019,23:00,11.916
09/21/2019,00:00,11.722
09/21/2019,01:00,11.431
09/21/2019,02:00,11.139
09/21/2019,03:00,10.944
09/21/2019,04:00,10.944
09/21/2019,05:00,10.553
09/21/2019,06:00,10.553
09/21/2019,07:00,10.651
09/21/2019,08:00,10.553
09/21/2019,09:00,10.748
09/21/2019,10:00,11.139
09/21/2019,11:00,12.11
09/21/2019,12:00,11.625
09/21/2019,13:00,11.722
09/21/2019,14:00,12.304
09/21/2019,15:00,11.528
09/21/2019,16:00,10.944
09/21/2019,17:00,10.651
09/21/2019,18:00,10.357
09/21/2019,19:00,9.768
09/21/2019,20:00,9.669
09/21/2019,21:00,9.571
09/21/2019,22:00,9.176
09/21/2019,23:00,8.879
09/22/2019,00:00,8.68
09/22/2019,01:00,8.68
09/22/2019,02:00,8.581
09/22/2019,03:00,8.481
09/22/2019,04:00,8.282
09/22/2019,05:00,8.282
09/22/2019,06:00,8.082
09/22/2019,07:00,8.082
09/22/2019,08:00,8.182
09/22/2019,09:00,8.879
09/22/2019,10:00,9.275
09/22/2019,11:00,9.373
09/22/2019,12:00,9.866
09/22/2019,13:00,10.161
09/22/2019,14:00,10.357
09/22/2019,15:00,10.553
09/22/2019,16:00,10.455
09/22/2019,17:00,10.161
09/22/2019,18:00,9.571
09/22/2019,19:00,9.275
09/22/2019,20:00,8.978
09/22/2019,21:00,8.978
09/22/2019,22:00,8.879
09/22/2019,23:00,8.779
09/23/2019,00:00,8.581
09/23/2019,01:00,8.481
09/23/2019,02:00,7.983
09/23/2019,03:00,7.682
09/23/2019,04:00,7.381
09/23/2019,05:00,6.978
09/23/2019,06:00,7.079
09/23/2019,07:00,7.079
09/23/2019,08:00,7.28
09/23/2019,09:00,7.782
09/23/2019,10:00,8.879
09/23/2019,11:00,10.063
09/23/2019,12:00,10.357
09/23/2019,13:00,10.553
09/23/2019,14:00,11.041
09/23/2019,15:00,9.965
09/23/2019,16:00,9.768
09/23/2019,17:00,10.357
09/23/2019,18:00,10.553
09/23/2019,19:00,9.965
09/23/2019,20:00,9.472
09/23/2019,21:00,8.779
09/23/2019,22:00,8.082
09/23/2019,23:00,7.882
09/24/2019,00:00,6.978
09/24/2019,01:00,7.481
09/24/2019,02:00,6.471
09/24/2019,03:00,5.962
09/24/2019,04:00,5.45
09/24/2019,05:00,4.934
09/24/2019,06:00,4.727
09/24/2019,07:00,4.311
09/24/2019,08:00,3.788
09/24/2019,09:00,5.037
09/24/2019,10:00,6.674
09/24/2019,11:00,9.373
09/24/2019,12:00,10.651
09/24/2019,13:00,10.748
09/24/2019,14:00,10.748
09/24/2019,15:00,10.748
09/24/2019,16:00,11.528
09/24/2019,17:00,11.528
09/24/2019,18:00,11.431
09/24/2019,19:00,11.139
09/24/2019,20:00,10.846
09/24/2019,21:00,10.455
09/24/2019,22:00,10.357
09/24/2019,23:00,9.373
09/25/2019,00:00,9.373
09/25/2019,01:00,9.373
09/25/2019,02:00,8.978
09/25/2019,03:00,8.581
09/25/2019,04:00,7.983
09/25/2019,05:00,8.082
09/25/2019,06:00,7.782
09/25/2019,07:00,7.381
09/25/2019,08:00,7.28
09/25/2019,09:00,7.28
09/25/2019,10:00,7.079
09/25/2019,11:00,7.782
09/25/2019,12:00,7.983
09/25/2019,13:00,8.382
09/25/2019,14:00,8.182
09/25/2019,15:00,8.082
09/25/2019,16:00,7.782
09/25/2019,17:00,7.882
09/25/2019,18:00,8.082
09/25/2019,19:00,7.582
09/25/2019,20:00,6.877
09/25/2019,21:00,5.962
09/25/2019,22:00,5.552
09/25/2019,23:00,5.45
09/26/2019,00:00,5.655
09/26/2019,01:00,5.86
09/26/2019,02:00,6.064
09/26/2019,03:00,6.166
09/26/2019,04:00,5.552
09/26/2019,05:00,5.037
09/26/2019,06:00,5.141
09/26/2019,07:00,4.311
09/26/2019,08:00,3.788
09/26/2019,09:00,3.998
09/26/2019,10:00,5.552
09/26/2019,11:00,6.978
09/26/2019,12:00,7.079
09/26/2019,13:00,7.582
09/26/2019,14:00,7.983
09/26/2019,15:00,9.077
09/26/2019,16:00,8.978
09/26/2019,17:00,9.275
09/26/2019,18:00,8.382
09/26/2019,19:00,7.179
09/26/2019,20:00,5.86
09/26/2019,21:00,5.45
09/26/2019,22:00,4.623
09/26/2019,23:00,3.998
09/27/2019,00:00,3.155
09/27/2019,01:00,3.049
09/27/2019,02:00,2.73
09/27/2019,03:00,2.303
09/27/2019,04:00,1.439
09/27/2019,05:00,1.439
09/27/2019,06:00,0.893
09/27/2019,07:00,1.112
09/27/2019,08:00,1.33
09/27/2019,09:00,1.872
09/27/2019,10:00,3.683
09/27/2019,11:00,7.079
09/27/2019,12:00,8.182
09/27/2019,13:00,9.669
09/27/2019,14:00,11.236
09/27/2019,15:00,12.207
09/27/2019,16:00,11.236
09/27/2019,17:00,10.259
09/27/2019,18:00,9.176
09/27/2019,19:00,8.182
09/27/2019,20:00,7.179
09/27/2019,21:00,5.86
09/27/2019,22:00,4.831
09/27/2019,23:00,4.102
09/28/2019,00:00,3.788
09/28/2019,01:00,3.472
09/28/2019,02:00,3.472
09/28/2019,03:00,3.788
09/28/2019,04:00,3.683
09/28/2019,05:00,3.367
09/28/2019,06:00,2.517
09/28/2019,07:00,2.41
09/28/2019,08:00,1.764
09/28/2019,09:00,2.837
09/28/2019,10:00,4.102
09/28/2019,11:00,7.481
09/28/2019,12:00,8.779
09/28/2019,13:00,10.455
09/28/2019,14:00,11.041
09/28/2019,15:00,11.041
09/28/2019,16:00,10.748
09/28/2019,17:00,10.357
09/28/2019,18:00,9.176
09/28/2019,19:00,7.882
09/28/2019,20:00,6.775
09/28/2019,21:00,5.655
09/28/2019,22:00,4.623
09/28/2019,23:00,3.893
09/29/2019,00:00,3.367
09/29/2019,01:00,3.893
09/29/2019,02:00,3.893
09/29/2019,03:00,3.578
09/29/2019,04:00,2.517
09/29/2019,05:00,2.41
09/29/2019,06:00,1.98
09/29/2019,07:00,2.624
09/29/2019,08:00,2.943
09/29/2019,09:00,3.893
09/29/2019,10:00,5.552
09/29/2019,11:00,7.179
09/29/2019,12:00,8.779
09/29/2019,13:00,9.669
09/29/2019,14:00,10.553
09/29/2019,15:00,10.846
09/29/2019,16:00,11.139
09/29/2019,17:00,10.748
09/29/2019,18:00,10.259
09/29/2019,19:00,9.669
09/29/2019,20:00,9.077
09/29/2019,21:00,8.779
09/29/2019,22:00,8.481
09/29/2019,23:00,8.182
09/30/2019,00:00,7.983
09/30/2019,01:00,7.582
09/30/2019,02:00,7.481
09/30/2019,03:00,7.381
09/30/2019,04:00,7.582
09/30/2019,05:00,7.582
09/30/2019,06:00,7.782
09/30/2019,07:00,8.282
09/30/2019,08:00,9.373
09/30/2019,09:00,9.571
09/30/2019,10:00,9.768
09/30/2019,11:00,10.063
09/30/2019,12:00,10.455
09/30/2019,13:00,10.846
09/30/2019,14:00,11.041
09/30/2019,15:00,11.139
09/30/2019,16:00,11.041
09/30/2019,17:00,10.748
09/30/2019,18:00,10.748
09/30/2019,19:00,10.651
09/30/2019,20:00,10.651
09/30/2019,21:00,10.651
09/30/2019,22:00,10.553
09/30/2019,23:00,10.651
10/01/2019,00:00,10.553
10/01/2019,01:00,10.651
10/01/2019,02:00,10.748
10/01/2019,03:00,10.846
10/01/2019,04:00,10.846
10/01/2019,05:00,10.651
10/01/2019,06:00,10.748
10/01/2019,07:00,10.846
10/01/2019,08:00,10.748
10/01/2019,09:00,10.651
10/01/2019,10:00,10.455
10/01/2019,11:00,10.455
10/01/2019,12:00,10.259
10/01/2019,13:00,10.063
10/01/2019,14:00,10.357
10/01/2019,15:00,10.651
10/01/2019,16:00,10.748
10/01/2019,17:00,10.161
10/01/2019,18:00,9.965
10/01/2019,19:00,9.373
10/01/2019,20:00,8.978
10/01/2019,21:00,8.382
10/01/2019,22:00,8.382
10/01/2019,23:00,8.182
10/02/2019,00:00,8.082
10/02/2019,01:00,7.682
10/02/2019,02:00,7.179
10/02/2019,03:00,7.481
10/02/2019,04:00,6.674
10/02/2019,05:00,6.37
10/02/2019,06:00,6.166
10/02/2019,07:00,6.268
10/02/2019,08:00,6.064
10/02/2019,09:00,6.573
10/02/2019,10:00,7.882
10/02/2019,11:00,8.68
10/02/2019,12:00,8.779
10/02/2019,13:00,9.077
10/02/2019,14:00,10.161
10/02/2019,15:00,9.965
10/02/2019,16:00,10.259
10/02/2019,17:00,10.161
10/02/2019,18:00,9.669
10/02/2019,19:00,9.077
10/02/2019,20:00,8.581
10/02/2019,21:00,8.182
10/02/2019,22:00,7.983
10/02/2019,23:00,7.582
10/03/2019,00:00,6.877
10/03/2019,01:00,6.064
10/03/2019,02:00,5.552
10/03/2019,03:00,4.934
10/03/2019,04:00,4.102
10/03/2019,05:00,3.893
10/03/2019,06:00,3.261
10/03/2019,07:00,3.261
10/03/2019,08:00,2.624
10/03/2019,09:00,2.943
10/03/2019,10:00,4.311
10/03/2019,11:00,7.179
10/03/2019,12:00,8.481
10/03/2019,13:00,8.282
10/03/2019,14:00,9.373
10/03/2019,15:00,9.571
10/03/2019,16:00,9.373
10/03/2019,17:00,9.571
10/03/2019,18:00,8.779
10/03/2019,19:00,7.682
10/03/2019,20:00,6.775
10/03/2019,21:00,6.166
10/03/2019,22:00,5.347
10/03/2019,23:00,4.102
10/04/2019,00:00,3.367
10/04/2019,01:00,3.367
10/04/2019,02:00,2.303
10/04/2019,03:00,2.517
10/04/2019,04:00,1.872
10/04/2019,05:00,1.439
10/04/2019,06:00,0.893
10/04/2019,07:00,1.112
10/04/2019,08:00,1.112
10/04/2019,09:00,2.088
10/04/2019,10:00,4.207
10/04/2019,11:00,5.552
10/04/2019,12:00,6.573
10/04/2019,13:00,8.779
10/04/2019,14:00,8.879
10/04/2019,15:00,9.768
10/04/2019,16:00,9.768
10/04/2019,17:00,9.275
10/04/2019,18:00,8.879
10/04/2019,19:00,8.581
10/04/2019,20:00,8.382
10/04/2019,21:00,7.983
10/04/2019,22:00,7.782
10/04/2019,23:00,7.682
10/05/2019,00:00,7.782
10/05/2019,01:00,7.582
10/05/2019,02:00,7.481
10/05/2019,03:00,7.481
10/05/2019,04:00,7.28
10/05/2019,05:00,7.381
10/05/2019,06:00,7.582
10/05/2019,07:00,7.782
10/05/2019,08:00,7.882
10/05/2019,09:00,8.282
10/05/2019,10:00,9.373
10/05/2019,11:00,10.259
10/05/2019,12:00,10.357
10/05/2019,13:00,10.553
10/05/2019,14:00,10.063
10/05/2019,15:00,9.373
10/05/2019,16:00,7.682
10/05/2019,17:00,8.082
10/05/2019,18:00,7.381
10/05/2019,19:00,7.179
10/05/2019,20:00,6.877
10/05/2019,21:00,6.471
10/05/2019,22:00,5.757
10/05/2019,23:00,5.347
10/06/2019,00:00,4.934
10/06/2019,01:00,4.623
10/06/2019,02:00,4.934
10/06/2019,03:00,5.037
10/06/2019,04:00,5.037
10/06/2019,05:00,5.141
10/06/2019,06:00,5.037
10/06/2019,07:00,4.934
10/06/2019,08:00,5.347
10/06/2019,09:00,5.244
10/06/2019,10:00,5.45
10/06/2019,11:00,5.552
10/06/2019,12:00,6.471
10/06/2019,13:00,5.655
10/06/2019,14:00,5.757
10/06/2019,15:00,5.757
10/06/2019,16:00,5.86
10/06/2019,17:00,5.347
10/06/2019,18:00,4.623
10/06/2019,19:00,3.367
10/06/2019,20:00,2.517
10/06/2019,21:00,1.656
10/06/2019,22:00,1.112
10/06/2019,23:00,0.343
10/07/2019,00:00,0.563
10/07/2019,01:00,0.01
10/07/2019,02:00,-0.102
10/07/2019,03:00,0.01
10/07/2019,04:00,0.01
10/07/2019,05:00,0.01
10/07/2019,06:00,-0.213
10/07/2019,07:00,-0.325
10/07/2019,08:00,-0.549
10/07/2019,09:00,-0.325
10/07/2019,10:00,0.232
10/07/2019,11:00,1.112
10/07/2019,12:00,2.837
10/07/2019,13:00,4.519
10/07/2019,14:00,6.064
10/07/2019,15:00,6.775
10/07/2019,16:00,6.674
10/07/2019,17:00,5.037
10/07/2019,18:00,4.207
10/07/2019,19:00,3.155
10/07/2019,20:00,1.33
10/07/2019,21:00,0.563
10/07/2019,22:00,-0.325
10/07/2019,23:00,-0.774
10/08/2019,00:00,-0.774
10/08/2019,01:00,-0.437
10/08/2019,02:00,-0.774
10/08/2019,03:00,-0.887
10/08/2019,04:00,-0.662
10/08/2019,05:00,-0.887
10/08/2019,06:00,-1.001
10/08/2019,07:00,-0.887
10/08/2019,08:00,-1.001
10/08/2019,09:00,-0.774
10/08/2019,10:00,-0.102
10/08/2019,11:00,0.893
10/08/2019,12:00,2.517
10/08/2019,13:00,4.415
10/08/2019,14:00,6.064
10/08/2019,15:00,6.978
10/08/2019,16:00,6.166
10/08/2019,17:00,5.347
10/08/2019,18:00,4.831
10/08/2019,19:00,4.519
10/08/2019,20:00,3.893
10/08/2019,21:00,3.683
10/08/2019,22:00,3.367
10/08/2019,23:00,3.367
10/09/2019,00:00,3.578
10/09/2019,01:00,3.367
10/09/2019,02:00,3.367
10/09/2019,03:00,3.472
10/09/2019,04:00,3.683
10/09/2019,05:00,4.102
10/09/2019,06:00,4.415
10/09/2019,07:00,4.102
10/09/2019,08:00,4.102
10/09/2019,09:00,4.311
10/09/2019,10:00,5.037
10/09/2019,11:00,5.962
10/09/2019,12:00,6.573
10/09/2019,13:00,7.481
10/09/2019,14:00,8.182
10/09/2019,15:00,8.68
10/09/2019,16:00,8.581
10/09/2019,17:00,7.682
10/09/2019,18:00,6.978
10/09/2019,19:00,6.471
10/09/2019,20:00,6.268
10/09/2019,21:00,6.166
10/09/2019,22:00,6.166
10/09/2019,23:00,6.166
10/10/2019,00:00,6.268
10/10/2019,01:00,6.573
10/10/2019,02:00,6.674
10/10/2019,03:00,6.471
10/10/2019,04:00,6.268
10/10/2019,05:00,6.064
10/10/2019,06:00,6.166
10/10/2019,07:00,6.064
10/10/2019,08:00,6.573
10/10/2019,09:00,6.674
10/10/2019,10:00,6.37
10/10/2019,11:00,6.268
10/10/2019,12:00,6.573
10/10/2019,13:00,6.471
10/10/2019,14:00,6.268
10/10/2019,15:00,6.775
10/10/2019,16:00,6.978
10/10/2019,17:00,6.877
10/10/2019,18:00,6.573
10/10/2019,19:00,6.37
10/10/2019,20:00,5.655
10/10/2019,21:00,5.347
10/10/2019,22:00,5.141
10/10/2019,23:00,5.141
10/11/2019,00:00,5.141
10/11/2019,01:00,5.244
10/11/2019,02:00,5.037
10/11/2019,03:00,5.141
10/11/2019,04:00,5.45
10/11/2019,05:00,5.962
10/11/2019,06:00,6.978
10/11/2019,07:00,7.481
10/11/2019,08:00,6.877
10/11/2019,09:00,6.674
10/11/2019,10:00,5.962
10/11/2019,11:00,6.268
10/11/2019,12:00,6.268
10/11/2019,13:00,6.37
10/11/2019,14:00,6.877
10/11/2019,15:00,6.674
10/11/2019,16:00,5.757
10/11/2019,17:00,5.757
10/11/2019,18:00,5.86
10/11/2019,19:00,5.757
10/11/2019,20:00,6.064
10/11/2019,21:00,5.86
10/11/2019,22:00,5.141
10/11/2019,23:00,4.727
10/12/2019,00:00,4.519
10/12/2019,01:00,4.623
10/12/2019,02:00,4.727
10/12/2019,03:00,5.037
10/12/2019,04:00,5.141
10/12/2019,05:00,4.623
10/12/2019,06:00,4.415
10/12/2019,07:00,4.102
10/12/2019,08:00,3.893
10/12/2019,09:00,3.472
10/12/2019,10:00,3.367
10/12/2019,11:00,4.623
10/12/2019,12:00,5.655
10/12/2019,13:00,6.064
10/12/2019,14:00,6.674
10/12/2019,15:00,6.166
10/12/2019,16:00,5.962
10/12/2019,17:00,5.655
10/12/2019,18:00,5.141
10/12/2019,19:00,4.102
10/12/2019,20:00,3.261
10/12/2019,21:00,2.303
10/12/2019,22:00,1.548
10/12/2019,23:00,0.784
10/13/2019,00:00,0.453
10/13/2019,01:00,-0.102
10/13/2019,02:00,-0.102
10/13/2019,03:00,-0.213
10/13/2019,04:00,-0.213
10/13/2019,05:00,-0.213
10/13/2019,06:00,-0.213
10/13/2019,07:00,-0.437
10/13/2019,08:00,-0.549
10/13/2019,09:00,-0.437
10/13/2019,10:00,0.01
10/13/2019,11:00,0.893
10/13/2019,12:00,2.837
10/13/2019,13:00,4.415
10/13/2019,14:00,4.519
10/13/2019,15:00,4.727
10/13/2019,16:00,4.623
10/13/2019,17:00,4.623
10/13/2019,18:00,3.893
10/13/2019,19:00,2.517
10/13/2019,20:00,1.112
10/13/2019,21:00,0.232
10/13/2019,22:00,-0.437
10/13/2019,23:00,-0.774
10/14/2019,00:00,-0.549
10/14/2019,01:00,-0.662
10/14/2019,02:00,-0.774
10/14/2019,03:00,-0.774
10/14/2019,04:00,-1.114
10/14/2019,05:00,-1.114
10/14/2019,06:00,-0.887
10/14/2019,07:00,-1.001
10/14/2019,08:00,-1.001
10/14/2019,09:00,-0.662
10/14/2019,10:00,0.01
10/14/2019,11:00,0.784
10/14/2019,12:00,2.088
10/14/2019,13:00,2.837
10/14/2019,14:00,4.311
10/14/2019,15:00,4.623
10/14/2019,16:00,4.727
10/14/2019,17:00,4.311
10/14/2019,18:00,3.683
10/14/2019,19:00,3.472
10/14/2019,20:00,3.683
10/14/2019,21:00,4.102
10/14/2019,22:00,4.519
10/14/2019,23:00,4.519
10/15/2019,00:00,5.037
10/15/2019,01:00,5.141
10/15/2019,02:00,4.727
10/15/2019,03:00,3.998
10/15/2019,04:00,3.893
10/15/2019,05:00,3.788
10/15/2019,06:00,3.788
10/15/2019,07:00,3.788
10/15/2019,08:00,3.998
10/15/2019,09:00,4.102
10/15/2019,10:00,4.519
10/15/2019,11:00,4.934
10/15/2019,12:00,5.757
10/15/2019,13:00,6.166
10/15/2019,14:00,7.179
10/15/2019,15:00,7.882
10/15/2019,16:00,7.079
10/15/2019,17:00,6.166
10/15/2019,18:00,5.655
10/15/2019,19:00,5.141
10/15/2019,20:00,4.934
10/15/2019,21:00,4.102
10/15/2019,22:00,3.893
10/15/2019,23:00,3.578
10/16/2019,00:00,2.943
10/16/2019,01:00,2.195
10/16/2019,02:00,1.221
10/16/2019,03:00,0.563
10/16/2019,04:00,0.343
10/16/2019,05:00,0.121
10/16/2019,06:00,-0.437
10/16/2019,07:00,-0.437
10/16/2019,08:00,-0.325
10/16/2019,09:00,-0.325
10/16/2019,10:00,0.784
10/16/2019,11:00,2.73
10/16/2019,12:00,5.86
10/16/2019,13:00,6.166
10/16/2019,14:00,7.179
10/16/2019,15:00,7.682
