Plot Title: 10005377,Plot Title: 10005377,
"Date Time, GMT-07:00","Date Time, GMT-07:00","Temp, °C (LGR S/N: 10005377, SEN S/N: 10005377)"
6/29/2012,15:00,13.064
6/29/2012,16:00,13.329
6/29/2012,17:00,13.425
6/29/2012,18:00,13.377
6/29/2012,19:00,13.401
6/29/2012,20:00,13.401
6/29/2012,21:00,13.449
6/29/2012,22:00,13.449
6/29/2012,23:00,13.473
6/30/2012,0:00,13.449
6/30/2012,1:00,13.449
6/30/2012,2:00,13.401
6/30/2012,3:00,13.329
6/30/2012,4:00,13.305
6/30/2012,5:00,13.233
6/30/2012,6:00,13.185
6/30/2012,7:00,13.088
6/30/2012,8:00,12.992
6/30/2012,9:00,12.968
6/30/2012,10:00,12.944
6/30/2012,11:00,12.944
6/30/2012,12:00,12.968
6/30/2012,13:00,13.04
6/30/2012,14:00,13.088
6/30/2012,15:00,13.112
6/30/2012,16:00,13.185
6/30/2012,17:00,13.257
6/30/2012,18:00,13.257
6/30/2012,19:00,13.209
6/30/2012,20:00,13.209
6/30/2012,21:00,13.185
6/30/2012,22:00,13.137
6/30/2012,23:00,13.064
7/1/2012,0:00,12.968
7/1/2012,1:00,12.871
7/1/2012,2:00,12.823
7/1/2012,3:00,12.775
7/1/2012,4:00,12.703
7/1/2012,5:00,12.654
7/1/2012,6:00,12.582
7/1/2012,7:00,12.534
7/1/2012,8:00,12.461
7/1/2012,9:00,12.413
7/1/2012,10:00,12.413
7/1/2012,11:00,12.413
7/1/2012,12:00,12.389
7/1/2012,13:00,12.437
7/1/2012,14:00,12.485
7/1/2012,15:00,12.509
7/1/2012,16:00,12.558
7/1/2012,17:00,12.63
7/1/2012,18:00,12.606
7/1/2012,19:00,12.558
7/1/2012,20:00,12.485
7/1/2012,21:00,12.413
7/1/2012,22:00,12.364
7/1/2012,23:00,12.34
7/2/2012,0:00,12.316
7/2/2012,1:00,12.292
7/2/2012,2:00,12.292
7/2/2012,3:00,12.243
7/2/2012,4:00,12.171
7/2/2012,5:00,12.074
7/2/2012,6:00,11.977
7/2/2012,7:00,11.929
7/2/2012,8:00,11.856
7/2/2012,9:00,11.807
7/2/2012,10:00,11.807
7/2/2012,11:00,11.807
7/2/2012,12:00,11.832
7/2/2012,13:00,11.807
7/2/2012,14:00,11.856
7/2/2012,15:00,11.88
7/2/2012,16:00,11.904
7/2/2012,17:00,11.904
7/2/2012,18:00,11.904
7/2/2012,19:00,11.88
7/2/2012,20:00,11.929
7/2/2012,21:00,12.001
7/2/2012,22:00,11.977
7/2/2012,23:00,11.856
7/3/2012,0:00,11.807
7/3/2012,1:00,11.807
7/3/2012,2:00,11.783
7/3/2012,3:00,11.734
7/3/2012,4:00,11.662
7/3/2012,5:00,11.565
7/3/2012,6:00,11.492
7/3/2012,7:00,11.419
7/3/2012,8:00,11.37
7/3/2012,9:00,11.321
7/3/2012,10:00,11.321
7/3/2012,11:00,11.321
7/3/2012,12:00,11.321
7/3/2012,13:00,11.346
7/3/2012,14:00,11.419
7/3/2012,15:00,11.443
7/3/2012,16:00,11.516
7/3/2012,17:00,11.613
7/3/2012,18:00,11.613
7/3/2012,19:00,11.637
7/3/2012,20:00,11.662
7/3/2012,21:00,11.686
7/3/2012,22:00,11.637
7/3/2012,23:00,11.637
7/4/2012,0:00,11.613
7/4/2012,1:00,11.54
7/4/2012,2:00,11.492
7/4/2012,3:00,11.394
7/4/2012,4:00,11.321
7/4/2012,5:00,11.248
7/4/2012,6:00,11.175
7/4/2012,7:00,11.102
7/4/2012,8:00,11.078
7/4/2012,9:00,11.053
7/4/2012,10:00,11.078
7/4/2012,11:00,11.102
7/4/2012,12:00,11.127
7/4/2012,13:00,11.175
7/4/2012,14:00,11.224
7/4/2012,15:00,11.297
7/4/2012,16:00,11.346
7/4/2012,17:00,11.419
7/4/2012,18:00,11.467
7/4/2012,19:00,11.516
7/4/2012,20:00,11.516
7/4/2012,21:00,11.467
7/4/2012,22:00,11.394
7/4/2012,23:00,11.321
7/5/2012,0:00,11.273
7/5/2012,1:00,11.248
7/5/2012,2:00,11.2
7/5/2012,3:00,11.151
7/5/2012,4:00,11.102
7/5/2012,5:00,11.029
7/5/2012,6:00,10.98
7/5/2012,7:00,10.932
7/5/2012,8:00,10.883
7/5/2012,9:00,10.834
7/5/2012,10:00,10.81
7/5/2012,11:00,10.81
7/5/2012,12:00,10.834
7/5/2012,13:00,10.858
7/5/2012,14:00,10.883
7/5/2012,15:00,10.883
7/5/2012,16:00,10.883
7/5/2012,17:00,10.883
7/5/2012,18:00,10.907
7/5/2012,19:00,10.932
7/5/2012,20:00,10.932
7/5/2012,21:00,10.883
7/5/2012,22:00,10.834
7/5/2012,23:00,10.785
7/6/2012,0:00,10.712
7/6/2012,1:00,10.565
7/6/2012,2:00,10.32
7/6/2012,3:00,10.1
7/6/2012,4:00,9.928
7/6/2012,5:00,9.952
7/6/2012,6:00,9.928
7/6/2012,7:00,9.805
7/6/2012,8:00,9.805
7/6/2012,9:00,9.829
7/6/2012,10:00,9.977
7/6/2012,11:00,10.124
7/6/2012,12:00,10.271
7/6/2012,13:00,10.467
7/6/2012,14:00,10.59
7/6/2012,15:00,10.663
7/6/2012,16:00,10.81
7/6/2012,17:00,10.883
7/6/2012,18:00,10.932
7/6/2012,19:00,10.932
7/6/2012,20:00,10.907
7/6/2012,21:00,10.956
7/6/2012,22:00,11.005
7/6/2012,23:00,11.029
7/7/2012,0:00,11.102
7/7/2012,1:00,11.102
7/7/2012,2:00,11.078
7/7/2012,3:00,11.005
7/7/2012,4:00,10.932
7/7/2012,5:00,10.883
7/7/2012,6:00,10.858
7/7/2012,7:00,10.858
7/7/2012,8:00,10.81
7/7/2012,9:00,10.785
7/7/2012,10:00,10.761
7/7/2012,11:00,10.785
7/7/2012,12:00,10.81
7/7/2012,13:00,10.834
7/7/2012,14:00,10.956
7/7/2012,15:00,11.029
7/7/2012,16:00,11.102
7/7/2012,17:00,11.175
7/7/2012,18:00,11.273
7/7/2012,19:00,11.419
7/7/2012,20:00,11.467
7/7/2012,21:00,11.467
7/7/2012,22:00,11.467
7/7/2012,23:00,11.443
7/8/2012,0:00,11.321
7/8/2012,1:00,11.2
7/8/2012,2:00,11.127
7/8/2012,3:00,11.053
7/8/2012,4:00,10.956
7/8/2012,5:00,10.883
7/8/2012,6:00,10.834
7/8/2012,7:00,10.736
7/8/2012,8:00,10.492
7/8/2012,9:00,10.394
7/8/2012,10:00,10.369
7/8/2012,11:00,10.443
7/8/2012,12:00,10.565
7/8/2012,13:00,10.687
7/8/2012,14:00,10.907
7/8/2012,15:00,10.98
7/8/2012,16:00,11.102
7/8/2012,17:00,11.297
7/8/2012,18:00,11.273
7/8/2012,19:00,11.321
7/8/2012,20:00,11.346
7/8/2012,21:00,11.346
7/8/2012,22:00,11.297
7/8/2012,23:00,11.346
7/9/2012,0:00,11.394
7/9/2012,1:00,11.419
7/9/2012,2:00,11.37
7/9/2012,3:00,11.297
7/9/2012,4:00,11.224
7/9/2012,5:00,11.175
7/9/2012,6:00,11.127
7/9/2012,7:00,11.053
7/9/2012,8:00,10.98
7/9/2012,9:00,10.932
7/9/2012,10:00,10.932
7/9/2012,11:00,10.956
7/9/2012,12:00,11.029
7/9/2012,13:00,11.102
7/9/2012,14:00,11.224
7/9/2012,15:00,11.37
7/9/2012,16:00,11.565
7/9/2012,17:00,11.759
7/9/2012,18:00,11.88
7/9/2012,19:00,11.88
7/9/2012,20:00,11.88
7/9/2012,21:00,11.856
7/9/2012,22:00,11.783
7/9/2012,23:00,11.759
7/10/2012,0:00,11.686
7/10/2012,1:00,11.613
7/10/2012,2:00,11.589
7/10/2012,3:00,11.589
7/10/2012,4:00,11.492
7/10/2012,5:00,11.419
7/10/2012,6:00,11.37
7/10/2012,7:00,11.346
7/10/2012,8:00,11.297
7/10/2012,9:00,11.297
7/10/2012,10:00,11.127
7/10/2012,11:00,10.638
7/10/2012,12:00,10.001
7/10/2012,13:00,9.829
7/10/2012,14:00,9.854
7/10/2012,15:00,9.46
7/10/2012,16:00,9.139
7/10/2012,17:00,9.238
7/10/2012,18:00,9.287
7/10/2012,19:00,9.163
7/10/2012,20:00,9.213
7/10/2012,21:00,9.287
7/10/2012,22:00,9.188
7/10/2012,23:00,9.04
7/11/2012,0:00,9.064
7/11/2012,1:00,9.114
7/11/2012,2:00,9.064
7/11/2012,3:00,9.089
7/11/2012,4:00,9.114
7/11/2012,5:00,9.089
7/11/2012,6:00,9.114
7/11/2012,7:00,9.139
7/11/2012,8:00,9.188
7/11/2012,9:00,9.287
7/11/2012,10:00,9.386
7/11/2012,11:00,9.46
7/11/2012,12:00,9.534
7/11/2012,13:00,9.632
7/11/2012,14:00,9.731
7/11/2012,15:00,9.854
7/11/2012,16:00,9.952
7/11/2012,17:00,9.977
7/11/2012,18:00,10.026
7/11/2012,19:00,10.075
7/11/2012,20:00,10.051
7/11/2012,21:00,10.051
7/11/2012,22:00,10.026
7/11/2012,23:00,10.051
7/12/2012,0:00,10.026
7/12/2012,1:00,10.026
7/12/2012,2:00,10.026
7/12/2012,3:00,10.001
7/12/2012,4:00,9.977
7/12/2012,5:00,9.928
7/12/2012,6:00,9.879
7/12/2012,7:00,9.854
7/12/2012,8:00,9.854
7/12/2012,9:00,9.829
7/12/2012,10:00,9.805
7/12/2012,11:00,9.829
7/12/2012,12:00,9.854
7/12/2012,13:00,9.903
7/12/2012,14:00,9.952
7/12/2012,15:00,9.952
7/12/2012,16:00,9.952
7/12/2012,17:00,10.001
7/12/2012,18:00,10.001
7/12/2012,19:00,9.977
7/12/2012,20:00,9.952
7/12/2012,21:00,9.928
7/12/2012,22:00,9.854
7/12/2012,23:00,9.632
7/13/2012,0:00,9.509
7/13/2012,1:00,9.41
7/13/2012,2:00,9.312
7/13/2012,3:00,9.262
7/13/2012,4:00,9.262
7/13/2012,5:00,9.287
7/13/2012,6:00,9.312
7/13/2012,7:00,9.238
7/13/2012,8:00,9.262
7/13/2012,9:00,9.312
7/13/2012,10:00,9.336
7/13/2012,11:00,9.312
7/13/2012,12:00,9.361
7/13/2012,13:00,9.361
7/13/2012,14:00,9.386
7/13/2012,15:00,9.361
7/13/2012,16:00,9.336
7/13/2012,17:00,9.386
7/13/2012,18:00,9.386
7/13/2012,19:00,9.485
7/13/2012,20:00,9.583
7/13/2012,21:00,9.657
7/13/2012,22:00,9.682
7/13/2012,23:00,9.756
7/14/2012,0:00,9.805
7/14/2012,1:00,9.879
7/14/2012,2:00,9.879
7/14/2012,3:00,9.879
7/14/2012,4:00,9.829
7/14/2012,5:00,9.78
7/14/2012,6:00,9.78
7/14/2012,7:00,9.78
7/14/2012,8:00,9.829
7/14/2012,9:00,9.928
7/14/2012,10:00,10.001
7/14/2012,11:00,10.124
7/14/2012,12:00,10.222
7/14/2012,13:00,10.296
7/14/2012,14:00,10.32
7/14/2012,15:00,10.492
7/14/2012,16:00,10.59
7/14/2012,17:00,10.638
7/14/2012,18:00,10.565
7/14/2012,19:00,10.59
7/14/2012,20:00,10.492
7/14/2012,21:00,10.516
7/14/2012,22:00,10.541
7/14/2012,23:00,10.687
7/15/2012,0:00,10.712
7/15/2012,1:00,10.712
7/15/2012,2:00,10.663
7/15/2012,3:00,10.59
7/15/2012,4:00,10.565
7/15/2012,5:00,10.467
7/15/2012,6:00,10.443
7/15/2012,7:00,10.418
7/15/2012,8:00,10.394
7/15/2012,9:00,10.369
7/15/2012,10:00,10.345
7/15/2012,11:00,10.394
7/15/2012,12:00,10.418
7/15/2012,13:00,10.443
7/15/2012,14:00,10.443
7/15/2012,15:00,10.492
7/15/2012,16:00,10.492
7/15/2012,17:00,10.492
7/15/2012,18:00,10.492
7/15/2012,19:00,10.467
7/15/2012,20:00,10.418
7/15/2012,21:00,10.345
7/15/2012,22:00,10.271
7/15/2012,23:00,10.198
7/16/2012,0:00,10.149
7/16/2012,1:00,10.1
7/16/2012,2:00,10.075
7/16/2012,3:00,10.026
7/16/2012,4:00,9.977
7/16/2012,5:00,9.903
7/16/2012,6:00,9.78
7/16/2012,7:00,9.682
7/16/2012,8:00,9.657
7/16/2012,9:00,9.657
7/16/2012,10:00,9.756
7/16/2012,11:00,9.903
7/16/2012,12:00,10.149
7/16/2012,13:00,10.516
7/16/2012,14:00,10.932
7/16/2012,15:00,11.127
7/16/2012,16:00,11.492
7/16/2012,17:00,12.098
7/16/2012,18:00,12.074
7/16/2012,19:00,11.953
7/16/2012,20:00,12.292
7/16/2012,21:00,12.582
7/16/2012,22:00,12.871
7/16/2012,23:00,13.233
7/17/2012,0:00,13.112
7/17/2012,1:00,12.823
7/17/2012,2:00,12.751
7/17/2012,3:00,12.823
7/17/2012,4:00,12.751
7/17/2012,5:00,12.751
7/17/2012,6:00,12.582
7/17/2012,7:00,12.437
7/17/2012,8:00,12.364
7/17/2012,9:00,12.413
7/17/2012,10:00,12.509
7/17/2012,11:00,12.582
7/17/2012,12:00,12.534
7/17/2012,13:00,12.461
7/17/2012,14:00,12.582
7/17/2012,15:00,12.775
7/17/2012,16:00,12.678
7/17/2012,17:00,12.582
7/17/2012,18:00,12.582
7/17/2012,19:00,12.606
7/17/2012,20:00,12.751
7/17/2012,21:00,12.968
7/17/2012,22:00,12.992
7/17/2012,23:00,12.823
7/18/2012,0:00,12.703
7/18/2012,1:00,12.678
7/18/2012,2:00,12.654
7/18/2012,3:00,12.654
7/18/2012,4:00,12.606
7/18/2012,5:00,12.558
7/18/2012,6:00,12.485
7/18/2012,7:00,12.389
7/18/2012,8:00,12.316
7/18/2012,9:00,12.292
7/18/2012,10:00,12.316
7/18/2012,11:00,12.389
7/18/2012,12:00,12.437
7/18/2012,13:00,12.509
7/18/2012,14:00,12.582
7/18/2012,15:00,12.606
7/18/2012,16:00,12.775
7/18/2012,17:00,12.92
7/18/2012,18:00,13.185
7/18/2012,19:00,13.353
7/18/2012,20:00,13.281
7/18/2012,21:00,13.161
7/18/2012,22:00,13.112
7/18/2012,23:00,13.088
7/19/2012,0:00,13.257
7/19/2012,1:00,13.377
7/19/2012,2:00,13.425
7/19/2012,3:00,13.497
7/19/2012,4:00,13.401
7/19/2012,5:00,13.305
7/19/2012,6:00,13.185
7/19/2012,7:00,13.064
7/19/2012,8:00,12.968
7/19/2012,9:00,12.944
7/19/2012,10:00,13.016
7/19/2012,11:00,13.137
7/19/2012,12:00,13.185
7/19/2012,13:00,13.305
7/19/2012,14:00,13.618
7/19/2012,15:00,14.194
7/19/2012,16:00,14.792
7/19/2012,17:00,15.509
7/19/2012,18:00,15.748
7/19/2012,19:00,15.605
7/19/2012,20:00,15.342
7/19/2012,21:00,15.366
7/19/2012,22:00,15.652
7/19/2012,23:00,15.796
7/20/2012,0:00,15.7
7/20/2012,1:00,15.581
7/20/2012,2:00,15.605
7/20/2012,3:00,15.533
7/20/2012,4:00,15.366
7/20/2012,5:00,15.199
7/20/2012,6:00,15.103
7/20/2012,7:00,15.055
7/20/2012,8:00,15.031
7/20/2012,9:00,14.984
7/20/2012,10:00,14.96
7/20/2012,11:00,14.936
7/20/2012,12:00,14.936
7/20/2012,13:00,15.008
7/20/2012,14:00,15.151
7/20/2012,15:00,15.366
7/20/2012,16:00,15.557
7/20/2012,17:00,15.796
7/20/2012,18:00,15.891
7/20/2012,19:00,15.676
7/20/2012,20:00,15.629
7/20/2012,21:00,15.676
7/20/2012,22:00,15.748
7/20/2012,23:00,15.796
7/21/2012,0:00,15.772
7/21/2012,1:00,15.629
7/21/2012,2:00,15.414
7/21/2012,3:00,15.199
7/21/2012,4:00,15.055
7/21/2012,5:00,14.888
7/21/2012,6:00,14.721
7/21/2012,7:00,14.553
7/21/2012,8:00,14.433
7/21/2012,9:00,14.337
7/21/2012,10:00,14.337
7/21/2012,11:00,14.409
7/21/2012,12:00,14.481
7/21/2012,13:00,14.601
7/21/2012,14:00,14.768
7/21/2012,15:00,15.175
7/21/2012,16:00,15.581
7/21/2012,17:00,15.963
7/21/2012,18:00,16.129
7/21/2012,19:00,16.153
7/21/2012,20:00,16.058
7/21/2012,21:00,16.082
7/21/2012,22:00,16.177
7/21/2012,23:00,16.392
7/22/2012,0:00,16.487
7/22/2012,1:00,16.392
7/22/2012,2:00,16.272
7/22/2012,3:00,16.129
7/22/2012,4:00,15.963
7/22/2012,5:00,15.819
7/22/2012,6:00,15.676
7/22/2012,7:00,15.581
7/22/2012,8:00,15.509
7/22/2012,9:00,15.414
7/22/2012,10:00,15.318
7/22/2012,11:00,15.247
7/22/2012,12:00,15.247
7/22/2012,13:00,15.342
7/22/2012,14:00,13.016
7/22/2012,15:00,12.968
7/22/2012,16:00,12.775
7/22/2012,17:00,12.678
7/22/2012,18:00,12.823
7/22/2012,19:00,13.064
7/22/2012,20:00,13.064
7/22/2012,21:00,13.137
7/22/2012,22:00,13.161
7/22/2012,23:00,13.305
7/23/2012,0:00,13.353
7/23/2012,1:00,13.425
7/23/2012,2:00,13.522
7/23/2012,3:00,13.546
7/23/2012,4:00,13.522
7/23/2012,5:00,13.473
7/23/2012,6:00,13.353
7/23/2012,7:00,13.233
7/23/2012,8:00,13.209
7/23/2012,9:00,13.233
7/23/2012,10:00,13.233
7/23/2012,11:00,13.112
7/23/2012,12:00,13.016
7/23/2012,13:00,12.992
7/23/2012,14:00,13.016
7/23/2012,15:00,13.04
7/23/2012,16:00,13.016
7/23/2012,17:00,12.871
7/23/2012,18:00,12.751
7/23/2012,19:00,12.703
7/23/2012,20:00,12.678
7/23/2012,21:00,12.534
7/23/2012,22:00,12.413
7/23/2012,23:00,12.34
7/24/2012,0:00,12.195
7/24/2012,1:00,12.05
7/24/2012,2:00,11.88
7/24/2012,3:00,11.71
7/24/2012,4:00,11.589
7/24/2012,5:00,11.467
7/24/2012,6:00,11.346
7/24/2012,7:00,11.248
7/24/2012,8:00,11.175
7/24/2012,9:00,11.102
7/24/2012,10:00,11.102
7/24/2012,11:00,11.102
7/24/2012,12:00,11.151
7/24/2012,13:00,11.273
7/24/2012,14:00,11.492
7/24/2012,15:00,11.686
7/24/2012,16:00,11.904
7/24/2012,17:00,12.195
7/24/2012,18:00,12.461
7/24/2012,19:00,12.63
7/24/2012,20:00,12.63
7/24/2012,21:00,12.703
7/24/2012,22:00,12.775
7/24/2012,23:00,12.968
7/25/2012,0:00,13.04
7/25/2012,1:00,13.088
7/25/2012,2:00,13.088
7/25/2012,3:00,12.92
7/25/2012,4:00,12.896
7/25/2012,5:00,12.823
7/25/2012,6:00,12.775
7/25/2012,7:00,12.727
7/25/2012,8:00,12.63
7/25/2012,9:00,12.582
7/25/2012,10:00,12.534
7/25/2012,11:00,12.558
7/25/2012,12:00,12.751
7/25/2012,13:00,12.968
7/25/2012,14:00,13.185
7/25/2012,15:00,13.522
7/25/2012,16:00,13.834
7/25/2012,17:00,14.002
7/25/2012,18:00,14.625
7/25/2012,19:00,15.103
7/25/2012,20:00,15.175
7/25/2012,21:00,14.864
7/25/2012,22:00,14.697
7/25/2012,23:00,14.792
7/26/2012,0:00,15.055
7/26/2012,1:00,15.103
7/26/2012,2:00,15.031
7/26/2012,3:00,14.984
7/26/2012,4:00,14.912
7/26/2012,5:00,14.792
7/26/2012,6:00,14.673
7/26/2012,7:00,14.553
7/26/2012,8:00,14.433
7/26/2012,9:00,14.409
7/26/2012,10:00,14.457
7/26/2012,11:00,14.385
7/26/2012,12:00,14.337
7/26/2012,13:00,14.433
7/26/2012,14:00,14.697
7/26/2012,15:00,15.079
7/26/2012,16:00,15.39
7/26/2012,17:00,15.724
7/26/2012,18:00,16.058
7/26/2012,19:00,16.272
7/26/2012,20:00,16.344
7/26/2012,21:00,16.392
7/26/2012,22:00,16.677
7/26/2012,23:00,16.749
7/27/2012,0:00,16.368
7/27/2012,1:00,15.986
7/27/2012,2:00,15.939
7/27/2012,3:00,15.986
7/27/2012,4:00,15.915
7/27/2012,5:00,15.796
7/27/2012,6:00,15.676
7/27/2012,7:00,15.557
7/27/2012,8:00,15.485
7/27/2012,9:00,15.414
7/27/2012,10:00,15.39
7/27/2012,11:00,15.366
7/27/2012,12:00,15.342
7/27/2012,13:00,15.461
7/27/2012,14:00,15.748
7/27/2012,15:00,16.177
7/27/2012,16:00,16.654
7/27/2012,17:00,17.201
7/27/2012,18:00,17.605
7/27/2012,19:00,17.796
7/27/2012,20:00,17.867
7/27/2012,21:00,17.819
7/27/2012,22:00,17.391
7/27/2012,23:00,17.034
7/28/2012,0:00,16.987
7/28/2012,1:00,16.987
7/28/2012,2:00,16.963
7/28/2012,3:00,16.987
7/28/2012,4:00,17.011
7/28/2012,5:00,17.034
7/28/2012,6:00,16.963
7/28/2012,7:00,16.844
7/28/2012,8:00,16.749
7/28/2012,9:00,16.654
7/28/2012,10:00,16.558
7/28/2012,11:00,16.463
7/28/2012,12:00,16.392
7/28/2012,13:00,16.344
7/28/2012,14:00,16.368
7/28/2012,15:00,16.415
7/28/2012,16:00,16.415
7/28/2012,17:00,16.439
7/28/2012,18:00,16.415
7/28/2012,19:00,16.392
7/28/2012,20:00,16.32
7/28/2012,21:00,16.225
7/28/2012,22:00,16.034
7/28/2012,23:00,15.867
7/29/2012,0:00,15.796
7/29/2012,1:00,15.748
7/29/2012,2:00,15.676
7/29/2012,3:00,15.605
7/29/2012,4:00,15.485
7/29/2012,5:00,15.39
7/29/2012,6:00,15.27
7/29/2012,7:00,15.151
7/29/2012,8:00,15.055
7/29/2012,9:00,14.984
7/29/2012,10:00,14.936
7/29/2012,11:00,14.888
7/29/2012,12:00,14.936
7/29/2012,13:00,15.008
7/29/2012,14:00,15.079
7/29/2012,15:00,15.199
7/29/2012,16:00,15.247
7/29/2012,17:00,15.342
7/29/2012,18:00,15.39
7/29/2012,19:00,15.342
7/29/2012,20:00,15.342
7/29/2012,21:00,15.294
7/29/2012,22:00,15.27
7/29/2012,23:00,15.247
7/30/2012,0:00,15.199
7/30/2012,1:00,15.103
7/30/2012,2:00,14.96
7/30/2012,3:00,14.864
7/30/2012,4:00,14.768
7/30/2012,5:00,14.673
7/30/2012,6:00,14.553
7/30/2012,7:00,14.457
7/30/2012,8:00,14.385
7/30/2012,9:00,14.29
7/30/2012,10:00,14.194
7/30/2012,11:00,14.146
7/30/2012,12:00,14.194
7/30/2012,13:00,14.266
7/30/2012,14:00,14.337
7/30/2012,15:00,14.409
7/30/2012,16:00,14.409
7/30/2012,17:00,14.433
7/30/2012,18:00,14.385
7/30/2012,19:00,14.433
7/30/2012,20:00,14.409
7/30/2012,21:00,14.314
7/30/2012,22:00,14.218
7/30/2012,23:00,14.074
7/31/2012,0:00,13.858
7/31/2012,1:00,13.666
7/31/2012,2:00,13.594
7/31/2012,3:00,13.522
7/31/2012,4:00,13.425
7/31/2012,5:00,13.401
7/31/2012,6:00,13.329
7/31/2012,7:00,13.209
7/31/2012,8:00,13.088
7/31/2012,9:00,12.992
7/31/2012,10:00,12.944
7/31/2012,11:00,12.944
7/31/2012,12:00,13.016
7/31/2012,13:00,13.209
7/31/2012,14:00,13.522
7/31/2012,15:00,14.026
7/31/2012,16:00,14.481
7/31/2012,17:00,15.103
7/31/2012,18:00,15.342
7/31/2012,19:00,15.27
7/31/2012,20:00,15.581
7/31/2012,21:00,15.676
7/31/2012,22:00,15.581
7/31/2012,23:00,15.533
8/1/2012,0:00,15.533
8/1/2012,1:00,15.414
8/1/2012,2:00,15.366
8/1/2012,3:00,15.366
8/1/2012,4:00,15.223
8/1/2012,5:00,15.008
8/1/2012,6:00,14.912
8/1/2012,7:00,14.792
8/1/2012,8:00,14.673
8/1/2012,9:00,14.553
8/1/2012,10:00,14.433
8/1/2012,11:00,14.385
8/1/2012,12:00,14.409
8/1/2012,13:00,14.457
8/1/2012,14:00,14.457
8/1/2012,15:00,14.481
8/1/2012,16:00,14.481
8/1/2012,17:00,14.505
8/1/2012,18:00,14.529
8/1/2012,19:00,14.505
8/1/2012,20:00,14.457
8/1/2012,21:00,14.409
8/1/2012,22:00,14.314
8/1/2012,23:00,14.194
8/2/2012,0:00,14.122
8/2/2012,1:00,14.05
8/2/2012,2:00,13.93
8/2/2012,3:00,13.858
8/2/2012,4:00,13.088
8/2/2012,5:00,12.63
8/2/2012,6:00,12.485
8/2/2012,7:00,12.389
8/2/2012,8:00,12.34
8/2/2012,9:00,12.389
8/2/2012,10:00,12.34
8/2/2012,11:00,12.292
8/2/2012,12:00,12.219
8/2/2012,13:00,12.219
8/2/2012,14:00,12.05
8/2/2012,15:00,11.734
8/2/2012,16:00,11.492
8/2/2012,17:00,11.321
8/2/2012,18:00,11.078
8/2/2012,19:00,10.858
8/2/2012,20:00,10.761
8/2/2012,21:00,10.81
8/2/2012,22:00,10.687
8/2/2012,23:00,10.59
8/3/2012,0:00,10.59
8/3/2012,1:00,10.59
8/3/2012,2:00,10.565
8/3/2012,3:00,10.565
8/3/2012,4:00,10.614
8/3/2012,5:00,10.614
8/3/2012,6:00,10.638
8/3/2012,7:00,10.638
8/3/2012,8:00,10.638
8/3/2012,9:00,10.663
8/3/2012,10:00,10.712
8/3/2012,11:00,10.834
8/3/2012,12:00,11.005
8/3/2012,13:00,11.2
8/3/2012,14:00,11.516
8/3/2012,15:00,11.953
8/3/2012,16:00,12.171
8/3/2012,17:00,12.316
8/3/2012,18:00,12.775
8/3/2012,19:00,12.992
8/3/2012,20:00,13.305
8/3/2012,21:00,13.546
8/3/2012,22:00,13.329
8/3/2012,23:00,13.161
8/4/2012,0:00,13.161
8/4/2012,1:00,13.112
8/4/2012,2:00,12.968
8/4/2012,3:00,12.847
8/4/2012,4:00,12.678
8/4/2012,5:00,12.558
8/4/2012,6:00,12.437
8/4/2012,7:00,12.292
8/4/2012,8:00,12.147
8/4/2012,9:00,12.122
8/4/2012,10:00,12.122
8/4/2012,11:00,12.195
8/4/2012,12:00,12.268
8/4/2012,13:00,12.364
8/4/2012,14:00,12.413
8/4/2012,15:00,12.437
8/4/2012,16:00,12.437
8/4/2012,17:00,12.437
8/4/2012,18:00,12.485
8/4/2012,19:00,12.534
8/4/2012,20:00,12.727
8/4/2012,21:00,12.775
8/4/2012,22:00,12.654
8/4/2012,23:00,12.582
8/5/2012,0:00,12.534
8/5/2012,1:00,12.534
8/5/2012,2:00,12.509
8/5/2012,3:00,12.437
8/5/2012,4:00,12.413
8/5/2012,5:00,12.34
8/5/2012,6:00,12.292
8/5/2012,7:00,12.243
8/5/2012,8:00,12.171
8/5/2012,9:00,12.122
8/5/2012,10:00,12.074
8/5/2012,11:00,12.074
8/5/2012,12:00,12.025
8/5/2012,13:00,12.074
8/5/2012,14:00,12.147
8/5/2012,15:00,12.219
8/5/2012,16:00,12.389
8/5/2012,17:00,12.606
8/5/2012,18:00,12.727
8/5/2012,19:00,12.775
8/5/2012,20:00,12.775
8/5/2012,21:00,12.703
8/5/2012,22:00,12.751
8/5/2012,23:00,12.678
8/6/2012,0:00,12.558
8/6/2012,1:00,12.485
8/6/2012,2:00,12.437
8/6/2012,3:00,12.364
8/6/2012,4:00,12.292
8/6/2012,5:00,12.219
8/6/2012,6:00,12.122
8/6/2012,7:00,12.05
8/6/2012,8:00,12.025
8/6/2012,9:00,12.001
8/6/2012,10:00,11.929
8/6/2012,11:00,11.953
8/6/2012,12:00,12.001
8/6/2012,13:00,12.098
8/6/2012,14:00,12.147
8/6/2012,15:00,12.171
8/6/2012,16:00,12.171
8/6/2012,17:00,12.147
8/6/2012,18:00,12.098
8/6/2012,19:00,12.147
8/6/2012,20:00,12.171
8/6/2012,21:00,12.195
8/6/2012,22:00,12.05
8/6/2012,23:00,11.88
8/7/2012,0:00,11.637
8/7/2012,1:00,11.516
8/7/2012,2:00,11.516
8/7/2012,3:00,11.297
8/7/2012,4:00,11.273
8/7/2012,5:00,11.321
8/7/2012,6:00,11.321
8/7/2012,7:00,11.297
8/7/2012,8:00,11.297
8/7/2012,9:00,11.297
8/7/2012,10:00,11.37
8/7/2012,11:00,11.492
8/7/2012,12:00,11.686
8/7/2012,13:00,11.929
8/7/2012,14:00,12.219
8/7/2012,15:00,12.316
8/7/2012,16:00,12.437
8/7/2012,17:00,12.63
8/7/2012,18:00,12.751
8/7/2012,19:00,12.992
8/7/2012,20:00,13.497
8/7/2012,21:00,12.968
8/7/2012,22:00,12.896
8/7/2012,23:00,13.209
8/8/2012,0:00,13.329
8/8/2012,1:00,13.257
8/8/2012,2:00,13.233
8/8/2012,3:00,13.281
8/8/2012,4:00,13.161
8/8/2012,5:00,13.088
8/8/2012,6:00,13.04
8/8/2012,7:00,12.992
8/8/2012,8:00,12.92
8/8/2012,9:00,12.799
8/8/2012,10:00,12.727
8/8/2012,11:00,12.823
8/8/2012,12:00,12.92
8/8/2012,13:00,12.992
8/8/2012,14:00,13.064
8/8/2012,15:00,13.137
8/8/2012,16:00,13.281
8/8/2012,17:00,13.522
8/8/2012,18:00,13.762
8/8/2012,19:00,14.026
8/8/2012,20:00,14.361
8/8/2012,21:00,14.481
8/8/2012,22:00,14.361
8/8/2012,23:00,14.218
8/9/2012,0:00,14.002
8/9/2012,1:00,13.906
8/9/2012,2:00,13.882
8/9/2012,3:00,13.786
8/9/2012,4:00,13.714
8/9/2012,5:00,13.618
8/9/2012,6:00,13.497
8/9/2012,7:00,13.401
8/9/2012,8:00,13.305
8/9/2012,9:00,13.305
8/9/2012,10:00,13.281
8/9/2012,11:00,13.281
8/9/2012,12:00,13.281
8/9/2012,13:00,13.305
8/9/2012,14:00,13.377
8/9/2012,15:00,13.497
8/9/2012,16:00,13.57
8/9/2012,17:00,13.618
8/9/2012,18:00,13.69
8/9/2012,19:00,13.738
8/9/2012,20:00,13.738
8/9/2012,21:00,13.666
8/9/2012,22:00,13.57
8/9/2012,23:00,13.497
8/10/2012,0:00,13.425
8/10/2012,1:00,13.377
8/10/2012,2:00,13.329
8/10/2012,3:00,13.281
8/10/2012,4:00,13.233
8/10/2012,5:00,13.161
8/10/2012,6:00,13.112
8/10/2012,7:00,13.04
8/10/2012,8:00,12.944
8/10/2012,9:00,12.896
8/10/2012,10:00,12.92
8/10/2012,11:00,12.992
8/10/2012,12:00,13.137
8/10/2012,13:00,13.281
8/10/2012,14:00,13.449
8/10/2012,15:00,13.738
8/10/2012,16:00,14.074
8/10/2012,17:00,14.242
8/10/2012,18:00,14.266
8/10/2012,19:00,14.337
8/10/2012,20:00,14.433
8/10/2012,21:00,14.457
8/10/2012,22:00,14.337
8/10/2012,23:00,14.17
8/11/2012,0:00,14.026
8/11/2012,1:00,13.954
8/11/2012,2:00,13.978
8/11/2012,3:00,13.954
8/11/2012,4:00,13.834
8/11/2012,5:00,13.714
8/11/2012,6:00,13.57
8/11/2012,7:00,13.473
8/11/2012,8:00,13.353
8/11/2012,9:00,13.257
8/11/2012,10:00,13.209
8/11/2012,11:00,13.185
8/11/2012,12:00,13.233
8/11/2012,13:00,13.329
8/11/2012,14:00,13.522
8/11/2012,15:00,13.834
8/11/2012,16:00,14.266
8/11/2012,17:00,14.721
8/11/2012,18:00,14.888
8/11/2012,19:00,14.84
8/11/2012,20:00,14.721
8/11/2012,21:00,14.649
8/11/2012,22:00,14.577
8/11/2012,23:00,14.673
8/12/2012,0:00,14.768
8/12/2012,1:00,14.721
8/12/2012,2:00,14.649
8/12/2012,3:00,14.505
8/12/2012,4:00,14.409
8/12/2012,5:00,14.314
8/12/2012,6:00,14.218
8/12/2012,7:00,14.098
8/12/2012,8:00,14.026
8/12/2012,9:00,13.93
8/12/2012,10:00,13.906
8/12/2012,11:00,13.978
8/12/2012,12:00,14.026
8/12/2012,13:00,14.146
8/12/2012,14:00,14.29
8/12/2012,15:00,14.553
8/12/2012,16:00,14.864
8/12/2012,17:00,15.199
8/12/2012,18:00,15.581
8/12/2012,19:00,15.724
8/12/2012,20:00,15.772
8/12/2012,21:00,15.867
8/12/2012,22:00,15.772
8/12/2012,23:00,15.461
8/13/2012,0:00,15.247
8/13/2012,1:00,15.151
8/13/2012,2:00,15.103
8/13/2012,3:00,15.079
8/13/2012,4:00,15.031
8/13/2012,5:00,14.936
8/13/2012,6:00,14.84
8/13/2012,7:00,14.768
8/13/2012,8:00,14.697
8/13/2012,9:00,14.649
8/13/2012,10:00,14.625
8/13/2012,11:00,14.625
8/13/2012,12:00,14.745
8/13/2012,13:00,14.792
8/13/2012,14:00,14.912
8/13/2012,15:00,15.127
8/13/2012,16:00,15.342
8/13/2012,17:00,15.461
8/13/2012,18:00,15.605
8/13/2012,19:00,15.629
8/13/2012,20:00,15.676
8/13/2012,21:00,15.629
8/13/2012,22:00,15.533
8/13/2012,23:00,15.39
8/14/2012,0:00,15.199
8/14/2012,1:00,15.031
8/14/2012,2:00,14.912
8/14/2012,3:00,14.816
8/14/2012,4:00,14.721
8/14/2012,5:00,14.673
8/14/2012,6:00,14.577
8/14/2012,7:00,14.481
8/14/2012,8:00,14.409
8/14/2012,9:00,14.361
8/14/2012,10:00,14.361
8/14/2012,11:00,14.385
8/14/2012,12:00,14.481
8/14/2012,13:00,14.529
8/14/2012,14:00,14.649
8/14/2012,15:00,14.864
8/14/2012,16:00,15.151
8/14/2012,17:00,15.629
8/14/2012,18:00,16.058
8/14/2012,19:00,16.177
8/14/2012,20:00,16.082
8/14/2012,21:00,15.963
8/14/2012,22:00,15.915
8/14/2012,23:00,15.915
8/15/2012,0:00,15.843
8/15/2012,1:00,15.7
8/15/2012,2:00,15.557
8/15/2012,3:00,15.485
8/15/2012,4:00,15.461
8/15/2012,5:00,15.485
8/15/2012,6:00,15.461
8/15/2012,7:00,15.39
8/15/2012,8:00,15.342
8/15/2012,9:00,15.27
8/15/2012,10:00,15.27
8/15/2012,11:00,15.342
8/15/2012,12:00,15.414
8/15/2012,13:00,15.557
8/15/2012,14:00,15.652
8/15/2012,15:00,15.748
8/15/2012,16:00,15.819
8/15/2012,17:00,15.843
8/15/2012,18:00,15.867
8/15/2012,19:00,15.867
8/15/2012,20:00,15.819
8/15/2012,21:00,15.748
8/15/2012,22:00,15.7
8/15/2012,23:00,15.7
8/16/2012,0:00,15.652
8/16/2012,1:00,15.581
8/16/2012,2:00,15.485
8/16/2012,3:00,15.39
8/16/2012,4:00,15.27
8/16/2012,5:00,15.175
8/16/2012,6:00,15.079
8/16/2012,7:00,14.984
8/16/2012,8:00,14.912
8/16/2012,9:00,14.864
8/16/2012,10:00,14.792
8/16/2012,11:00,14.792
8/16/2012,12:00,14.816
8/16/2012,13:00,14.864
8/16/2012,14:00,14.936
8/16/2012,15:00,15.008
8/16/2012,16:00,15.127
8/16/2012,17:00,15.151
8/16/2012,18:00,15.223
8/16/2012,19:00,15.199
8/16/2012,20:00,15.175
8/16/2012,21:00,15.175
8/16/2012,22:00,15.079
8/16/2012,23:00,15.008
8/17/2012,0:00,14.912
8/17/2012,1:00,14.792
8/17/2012,2:00,14.673
8/17/2012,3:00,14.577
8/17/2012,4:00,14.481
8/17/2012,5:00,14.385
8/17/2012,6:00,14.29
8/17/2012,7:00,14.218
8/17/2012,8:00,14.122
8/17/2012,9:00,14.05
8/17/2012,10:00,14.05
8/17/2012,11:00,14.098
8/17/2012,12:00,14.194
8/17/2012,13:00,14.29
8/17/2012,14:00,14.481
8/17/2012,15:00,14.697
8/17/2012,16:00,14.936
8/17/2012,17:00,15.055
8/17/2012,18:00,15.223
8/17/2012,19:00,15.414
8/17/2012,20:00,15.414
8/17/2012,21:00,15.366
8/17/2012,22:00,15.342
8/17/2012,23:00,15.151
8/18/2012,0:00,14.912
8/18/2012,1:00,14.745
8/18/2012,2:00,14.601
8/18/2012,3:00,14.481
8/18/2012,4:00,14.361
8/18/2012,5:00,14.17
8/18/2012,6:00,13.978
8/18/2012,7:00,13.786
8/18/2012,8:00,13.618
8/18/2012,9:00,13.473
8/18/2012,10:00,13.377
8/18/2012,11:00,13.401
8/18/2012,12:00,13.497
8/18/2012,13:00,13.594
8/18/2012,14:00,13.762
8/18/2012,15:00,13.858
8/18/2012,16:00,13.978
8/18/2012,17:00,14.026
8/18/2012,18:00,14.026
8/18/2012,19:00,13.978
8/18/2012,20:00,13.954
8/18/2012,21:00,13.93
8/18/2012,22:00,13.906
8/18/2012,23:00,13.882
8/19/2012,0:00,13.81
8/19/2012,1:00,13.762
8/19/2012,2:00,13.69
8/19/2012,3:00,13.594
8/19/2012,4:00,13.497
8/19/2012,5:00,13.449
8/19/2012,6:00,13.353
8/19/2012,7:00,13.353
8/19/2012,8:00,13.305
8/19/2012,9:00,12.944
8/19/2012,10:00,12.364
8/19/2012,11:00,12.171
8/19/2012,12:00,12.074
8/19/2012,13:00,12.098
8/19/2012,14:00,11.977
8/19/2012,15:00,12.122
8/19/2012,16:00,12.243
8/19/2012,17:00,12.364
8/19/2012,18:00,12.509
8/19/2012,19:00,12.63
8/19/2012,20:00,12.678
8/19/2012,21:00,12.751
8/19/2012,22:00,12.823
8/19/2012,23:00,12.847
8/20/2012,0:00,12.799
8/20/2012,1:00,12.727
8/20/2012,2:00,12.703
8/20/2012,3:00,12.606
8/20/2012,4:00,12.534
8/20/2012,5:00,12.461
8/20/2012,6:00,12.413
8/20/2012,7:00,12.364
8/20/2012,8:00,12.316
8/20/2012,9:00,12.292
8/20/2012,10:00,12.268
8/20/2012,11:00,12.268
8/20/2012,12:00,12.268
8/20/2012,13:00,12.292
8/20/2012,14:00,12.292
8/20/2012,15:00,12.316
8/20/2012,16:00,12.316
8/20/2012,17:00,12.316
8/20/2012,18:00,12.316
8/20/2012,19:00,12.316
8/20/2012,20:00,12.292
8/20/2012,21:00,12.268
8/20/2012,22:00,11.832
8/20/2012,23:00,11.492
8/21/2012,0:00,11.394
8/21/2012,1:00,11.297
8/21/2012,2:00,10.98
8/21/2012,3:00,11.005
8/21/2012,4:00,11.078
8/21/2012,5:00,11.053
8/21/2012,6:00,11.053
8/21/2012,7:00,11.029
8/21/2012,8:00,11.029
8/21/2012,9:00,11.029
8/21/2012,10:00,11.053
8/21/2012,11:00,11.151
8/21/2012,12:00,11.321
8/21/2012,13:00,11.589
8/21/2012,14:00,11.856
8/21/2012,15:00,12.122
8/21/2012,16:00,12.437
8/21/2012,17:00,12.871
8/21/2012,18:00,12.847
8/21/2012,19:00,13.161
8/21/2012,20:00,13.449
8/21/2012,21:00,13.425
8/21/2012,22:00,13.906
8/21/2012,23:00,14.122
8/22/2012,0:00,14.05
8/22/2012,1:00,13.978
8/22/2012,2:00,13.738
8/22/2012,3:00,13.522
8/22/2012,4:00,13.329
8/22/2012,5:00,13.209
8/22/2012,6:00,13.016
8/22/2012,7:00,12.823
8/22/2012,8:00,12.678
8/22/2012,9:00,12.558
8/22/2012,10:00,12.461
8/22/2012,11:00,12.413
8/22/2012,12:00,12.437
8/22/2012,13:00,12.534
8/22/2012,14:00,12.775
8/22/2012,15:00,13.185
8/22/2012,16:00,13.546
8/22/2012,17:00,13.954
8/22/2012,18:00,14.242
8/22/2012,19:00,14.218
8/22/2012,20:00,13.954
8/22/2012,21:00,13.858
8/22/2012,22:00,14.074
8/22/2012,23:00,14.218
8/23/2012,0:00,14.361
8/23/2012,1:00,14.505
8/23/2012,2:00,14.385
8/23/2012,3:00,14.29
8/23/2012,4:00,14.194
8/23/2012,5:00,14.098
8/23/2012,6:00,14.002
8/23/2012,7:00,13.954
8/23/2012,8:00,13.93
8/23/2012,9:00,13.858
8/23/2012,10:00,13.834
8/23/2012,11:00,13.81
8/23/2012,12:00,13.714
8/23/2012,13:00,13.425
8/23/2012,14:00,13.281
8/23/2012,15:00,13.425
8/23/2012,16:00,13.449
8/23/2012,17:00,13.425
8/23/2012,18:00,13.353
8/23/2012,19:00,13.305
8/23/2012,20:00,12.364
8/23/2012,21:00,12.171
8/23/2012,22:00,11.977
8/23/2012,23:00,11.832
8/24/2012,0:00,11.589
8/24/2012,1:00,11.297
8/24/2012,2:00,11.248
8/24/2012,3:00,11.273
8/24/2012,4:00,11.321
8/24/2012,5:00,11.37
8/24/2012,6:00,11.419
8/24/2012,7:00,11.467
8/24/2012,8:00,11.492
8/24/2012,9:00,11.565
8/24/2012,10:00,11.734
8/24/2012,11:00,11.929
8/24/2012,12:00,12.098
8/24/2012,13:00,12.268
8/24/2012,14:00,12.509
8/24/2012,15:00,12.678
8/24/2012,16:00,12.775
8/24/2012,17:00,12.751
8/24/2012,18:00,12.727
8/24/2012,19:00,12.727
8/24/2012,20:00,12.823
8/24/2012,21:00,12.92
8/24/2012,22:00,12.968
8/24/2012,23:00,12.92
8/25/2012,0:00,12.896
8/25/2012,1:00,12.823
8/25/2012,2:00,12.751
8/25/2012,3:00,12.703
8/25/2012,4:00,12.678
8/25/2012,5:00,12.606
8/25/2012,6:00,12.534
8/25/2012,7:00,12.509
8/25/2012,8:00,12.437
8/25/2012,9:00,12.413
8/25/2012,10:00,12.461
8/25/2012,11:00,12.147
8/25/2012,12:00,12.05
8/25/2012,13:00,12.074
8/25/2012,14:00,12.098
8/25/2012,15:00,12.292
8/25/2012,16:00,12.461
8/25/2012,17:00,12.678
8/25/2012,18:00,13.161
8/25/2012,19:00,13.281
8/25/2012,20:00,12.968
8/25/2012,21:00,13.377
8/25/2012,22:00,13.449
8/25/2012,23:00,13.522
8/26/2012,0:00,13.522
8/26/2012,1:00,13.449
8/26/2012,2:00,13.257
8/26/2012,3:00,13.04
8/26/2012,4:00,12.92
8/26/2012,5:00,12.727
8/26/2012,6:00,12.509
8/26/2012,7:00,12.364
8/26/2012,8:00,12.292
8/26/2012,9:00,12.243
8/26/2012,10:00,12.243
8/26/2012,11:00,12.243
8/26/2012,12:00,12.292
8/26/2012,13:00,12.316
8/26/2012,14:00,12.34
8/26/2012,15:00,12.389
8/26/2012,16:00,12.413
8/26/2012,17:00,12.461
8/26/2012,18:00,12.461
8/26/2012,19:00,12.437
8/26/2012,20:00,12.437
8/26/2012,21:00,12.461
8/26/2012,22:00,12.437
8/26/2012,23:00,12.413
8/27/2012,0:00,12.364
8/27/2012,1:00,12.316
8/27/2012,2:00,12.292
8/27/2012,3:00,12.243
8/27/2012,4:00,12.171
8/27/2012,5:00,12.147
8/27/2012,6:00,12.122
8/27/2012,7:00,12.098
8/27/2012,8:00,12.074
8/27/2012,9:00,12.025
8/27/2012,10:00,12.05
8/27/2012,11:00,12.05
8/27/2012,12:00,12.074
8/27/2012,13:00,12.098
8/27/2012,14:00,12.122
8/27/2012,15:00,12.171
8/27/2012,16:00,12.243
8/27/2012,17:00,12.316
8/27/2012,18:00,12.364
8/27/2012,19:00,12.413
8/27/2012,20:00,12.461
8/27/2012,21:00,12.509
8/27/2012,22:00,12.461
8/27/2012,23:00,12.364
8/28/2012,0:00,12.243
8/28/2012,1:00,12.098
8/28/2012,2:00,11.977
8/28/2012,3:00,11.807
8/28/2012,4:00,11.637
8/28/2012,5:00,11.492
8/28/2012,6:00,11.346
8/28/2012,7:00,11.248
8/28/2012,8:00,11.127
8/28/2012,9:00,11.053
8/28/2012,10:00,11.005
8/28/2012,11:00,11.005
8/28/2012,12:00,11.005
8/28/2012,13:00,11.053
8/28/2012,14:00,11.248
8/28/2012,15:00,11.71
8/28/2012,16:00,12.219
8/28/2012,17:00,12.896
8/28/2012,18:00,13.185
8/28/2012,19:00,13.353
8/28/2012,20:00,13.497
8/28/2012,21:00,13.642
8/28/2012,22:00,13.57
8/28/2012,23:00,13.329
8/29/2012,0:00,13.112
8/29/2012,1:00,12.823
8/29/2012,2:00,12.582
8/29/2012,3:00,12.34
8/29/2012,4:00,11.929
8/29/2012,5:00,11.71
8/29/2012,6:00,11.516
8/29/2012,7:00,11.273
8/29/2012,8:00,11.078
8/29/2012,9:00,10.956
8/29/2012,10:00,10.883
8/29/2012,11:00,10.834
8/29/2012,12:00,10.858
8/29/2012,13:00,10.932
8/29/2012,14:00,11.078
8/29/2012,15:00,11.394
8/29/2012,16:00,11.929
8/29/2012,17:00,12.485
8/29/2012,18:00,12.727
8/29/2012,19:00,12.678
8/29/2012,20:00,12.485
8/29/2012,21:00,12.268
8/29/2012,22:00,12.098
8/29/2012,23:00,12.074
8/30/2012,0:00,12.171
8/30/2012,1:00,12.268
8/30/2012,2:00,12.316
8/30/2012,3:00,12.243
8/30/2012,4:00,12.098
8/30/2012,5:00,11.904
8/30/2012,6:00,11.71
8/30/2012,7:00,11.492
8/30/2012,8:00,11.297
8/30/2012,9:00,11.151
8/30/2012,10:00,11.127
8/30/2012,11:00,11.102
8/30/2012,12:00,11.151
8/30/2012,13:00,11.2
8/30/2012,14:00,11.394
8/30/2012,15:00,11.613
8/30/2012,16:00,12.001
8/30/2012,17:00,12.389
8/30/2012,18:00,12.606
8/30/2012,19:00,12.558
8/30/2012,20:00,12.389
8/30/2012,21:00,12.268
8/30/2012,22:00,12.171
8/30/2012,23:00,12.171
8/31/2012,0:00,12.316
8/31/2012,1:00,12.461
8/31/2012,2:00,12.485
8/31/2012,3:00,12.461
8/31/2012,4:00,12.413
8/31/2012,5:00,12.364
8/31/2012,6:00,12.316
8/31/2012,7:00,12.268
8/31/2012,8:00,12.219
8/31/2012,9:00,12.147
8/31/2012,10:00,12.122
8/31/2012,11:00,12.122
8/31/2012,12:00,12.147
8/31/2012,13:00,12.147
8/31/2012,14:00,12.195
8/31/2012,15:00,12.219
8/31/2012,16:00,12.268
8/31/2012,17:00,12.243
8/31/2012,18:00,12.195
8/31/2012,19:00,12.147
8/31/2012,20:00,12.098
8/31/2012,21:00,12.05
8/31/2012,22:00,12.001
8/31/2012,23:00,11.953
9/1/2012,0:00,11.904
9/1/2012,1:00,11.856
9/1/2012,2:00,11.783
9/1/2012,3:00,11.71
9/1/2012,4:00,11.686
9/1/2012,5:00,11.613
9/1/2012,6:00,11.565
9/1/2012,7:00,11.516
9/1/2012,8:00,11.443
9/1/2012,9:00,11.346
9/1/2012,10:00,10.834
9/1/2012,11:00,10.565
9/1/2012,12:00,10.516
9/1/2012,13:00,10.443
9/1/2012,14:00,10.369
9/1/2012,15:00,10.247
9/1/2012,16:00,10.345
9/1/2012,17:00,10.492
9/1/2012,18:00,10.59
9/1/2012,19:00,10.565
9/1/2012,20:00,10.516
9/1/2012,21:00,10.492
9/1/2012,22:00,10.492
9/1/2012,23:00,10.418
9/2/2012,0:00,10.296
9/2/2012,1:00,10.198
9/2/2012,2:00,10.1
9/2/2012,3:00,10.124
9/2/2012,4:00,10.173
9/2/2012,5:00,10.198
9/2/2012,6:00,10.222
9/2/2012,7:00,10.271
9/2/2012,8:00,10.247
9/2/2012,9:00,10.247
9/2/2012,10:00,10.271
9/2/2012,11:00,10.394
9/2/2012,12:00,10.369
9/2/2012,13:00,10.418
9/2/2012,14:00,10.59
9/2/2012,15:00,10.785
9/2/2012,16:00,11.005
9/2/2012,17:00,11.127
9/2/2012,18:00,11.224
9/2/2012,19:00,11.224
9/2/2012,20:00,11.175
9/2/2012,21:00,11.224
9/2/2012,22:00,11.224
9/2/2012,23:00,11.175
9/3/2012,0:00,11.053
9/3/2012,1:00,10.932
9/3/2012,2:00,10.834
9/3/2012,3:00,10.81
9/3/2012,4:00,10.834
9/3/2012,5:00,10.834
9/3/2012,6:00,10.785
9/3/2012,7:00,10.736
9/3/2012,8:00,10.712
9/3/2012,9:00,10.687
9/3/2012,10:00,10.663
9/3/2012,11:00,10.663
9/3/2012,12:00,10.663
9/3/2012,13:00,10.687
9/3/2012,14:00,10.663
9/3/2012,15:00,10.663
9/3/2012,16:00,10.663
9/3/2012,17:00,10.687
9/3/2012,18:00,10.687
9/3/2012,19:00,10.638
9/3/2012,20:00,10.247
9/3/2012,21:00,9.952
9/3/2012,22:00,9.731
9/3/2012,23:00,9.608
9/4/2012,0:00,9.682
9/4/2012,1:00,9.706
9/4/2012,2:00,9.706
9/4/2012,3:00,9.706
9/4/2012,4:00,9.682
9/4/2012,5:00,9.682
9/4/2012,6:00,9.682
9/4/2012,7:00,9.657
9/4/2012,8:00,9.632
9/4/2012,9:00,9.632
9/4/2012,10:00,9.682
9/4/2012,11:00,9.756
9/4/2012,12:00,9.854
9/4/2012,13:00,9.952
9/4/2012,14:00,10.075
9/4/2012,15:00,10.198
9/4/2012,16:00,10.32
9/4/2012,17:00,10.418
9/4/2012,18:00,10.443
9/4/2012,19:00,10.443
9/4/2012,20:00,10.32
9/4/2012,21:00,10.222
9/4/2012,22:00,10.198
9/4/2012,23:00,10.173
9/5/2012,0:00,10.222
9/5/2012,1:00,10.247
9/5/2012,2:00,10.198
9/5/2012,3:00,10.1
9/5/2012,4:00,9.928
9/5/2012,5:00,9.756
9/5/2012,6:00,9.583
9/5/2012,7:00,9.336
9/5/2012,8:00,9.163
9/5/2012,9:00,9.114
9/5/2012,10:00,9.213
9/5/2012,11:00,9.336
9/5/2012,12:00,9.435
9/5/2012,13:00,9.558
9/5/2012,14:00,9.608
9/5/2012,15:00,9.632
9/5/2012,16:00,9.558
9/5/2012,17:00,9.682
9/5/2012,18:00,9.534
9/5/2012,19:00,9.435
9/5/2012,20:00,9.41
9/5/2012,21:00,9.41
9/5/2012,22:00,9.46
9/5/2012,23:00,9.435
9/6/2012,0:00,9.46
9/6/2012,1:00,9.46
9/6/2012,2:00,9.435
9/6/2012,3:00,9.41
9/6/2012,4:00,9.435
9/6/2012,5:00,9.435
9/6/2012,6:00,9.435
9/6/2012,7:00,9.435
9/6/2012,8:00,9.435
9/6/2012,9:00,9.435
9/6/2012,10:00,9.435
9/6/2012,11:00,9.435
9/6/2012,12:00,9.46
9/6/2012,13:00,9.558
9/6/2012,14:00,9.632
9/6/2012,15:00,9.657
9/6/2012,16:00,9.657
9/6/2012,17:00,9.854
9/6/2012,18:00,9.854
9/6/2012,19:00,9.805
9/6/2012,20:00,9.977
9/6/2012,21:00,10.001
9/6/2012,22:00,9.977
9/6/2012,23:00,9.952
9/7/2012,0:00,9.928
9/7/2012,1:00,9.879
9/7/2012,2:00,9.805
9/7/2012,3:00,9.756
9/7/2012,4:00,9.731
9/7/2012,5:00,9.657
9/7/2012,6:00,9.608
9/7/2012,7:00,9.583
9/7/2012,8:00,9.534
9/7/2012,9:00,9.485
9/7/2012,10:00,9.435
9/7/2012,11:00,9.386
9/7/2012,12:00,9.336
9/7/2012,13:00,9.312
9/7/2012,14:00,9.262
9/7/2012,15:00,9.312
9/7/2012,16:00,9.435
9/7/2012,17:00,9.534
9/7/2012,18:00,9.657
9/7/2012,19:00,9.756
9/7/2012,20:00,9.805
9/7/2012,21:00,9.854
9/7/2012,22:00,9.829
9/7/2012,23:00,9.78
9/8/2012,0:00,9.706
9/8/2012,1:00,9.632
9/8/2012,2:00,9.534
9/8/2012,3:00,9.435
9/8/2012,4:00,9.336
9/8/2012,5:00,9.262
9/8/2012,6:00,9.188
9/8/2012,7:00,9.114
9/8/2012,8:00,9.064
9/8/2012,9:00,9.04
9/8/2012,10:00,9.04
9/8/2012,11:00,9.089
9/8/2012,12:00,9.188
9/8/2012,13:00,9.336
9/8/2012,14:00,9.485
9/8/2012,15:00,9.682
9/8/2012,16:00,9.879
9/8/2012,17:00,9.952
9/8/2012,18:00,9.903
9/8/2012,19:00,9.829
9/8/2012,20:00,9.78
9/8/2012,21:00,9.756
9/8/2012,22:00,9.854
9/8/2012,23:00,9.903
9/9/2012,0:00,9.829
9/9/2012,1:00,9.78
9/9/2012,2:00,9.706
9/9/2012,3:00,9.657
9/9/2012,4:00,9.583
9/9/2012,5:00,9.509
9/9/2012,6:00,9.435
9/9/2012,7:00,9.361
9/9/2012,8:00,9.312
9/9/2012,9:00,9.262
9/9/2012,10:00,9.287
9/9/2012,11:00,9.361
9/9/2012,12:00,9.41
9/9/2012,13:00,9.46
9/9/2012,14:00,9.509
9/9/2012,15:00,9.731
9/9/2012,16:00,10.051
9/9/2012,17:00,10.443
9/9/2012,18:00,10.687
9/9/2012,19:00,10.883
9/9/2012,20:00,11.005
9/9/2012,21:00,10.932
9/9/2012,22:00,10.712
9/9/2012,23:00,10.369
9/10/2012,0:00,10.247
9/10/2012,1:00,10.149
9/10/2012,2:00,9.879
9/10/2012,3:00,9.657
9/10/2012,4:00,9.509
9/10/2012,5:00,9.386
9/10/2012,6:00,9.238
9/10/2012,7:00,9.089
9/10/2012,8:00,8.965
9/10/2012,9:00,8.866
9/10/2012,10:00,8.792
9/10/2012,11:00,8.792
9/10/2012,12:00,8.817
9/10/2012,13:00,8.891
9/10/2012,14:00,9.015
9/10/2012,15:00,9.312
9/10/2012,16:00,9.632
9/10/2012,17:00,9.928
9/10/2012,18:00,9.854
9/10/2012,19:00,9.805
9/10/2012,20:00,9.756
9/10/2012,21:00,9.632
9/10/2012,22:00,9.632
9/10/2012,23:00,9.583
9/11/2012,0:00,9.632
9/11/2012,1:00,9.657
9/11/2012,2:00,9.583
9/11/2012,3:00,9.435
9/11/2012,4:00,9.312
9/11/2012,5:00,9.238
9/11/2012,6:00,9.139
9/11/2012,7:00,9.015
9/11/2012,8:00,8.941
9/11/2012,9:00,8.916
9/11/2012,10:00,8.891
9/11/2012,11:00,8.891
9/11/2012,12:00,9.04
9/11/2012,13:00,9.114
9/11/2012,14:00,9.262
9/11/2012,15:00,9.386
9/11/2012,16:00,9.41
9/11/2012,17:00,9.435
9/11/2012,18:00,9.46
9/11/2012,19:00,9.46
9/11/2012,20:00,9.509
9/11/2012,21:00,9.534
9/11/2012,22:00,9.558
9/11/2012,23:00,9.583
9/12/2012,0:00,9.534
9/12/2012,1:00,9.485
9/12/2012,2:00,9.435
9/12/2012,3:00,9.361
9/12/2012,4:00,9.287
9/12/2012,5:00,9.213
9/12/2012,6:00,9.163
9/12/2012,7:00,9.114
9/12/2012,8:00,9.064
9/12/2012,9:00,9.064
9/12/2012,10:00,9.04
9/12/2012,11:00,9.04
9/12/2012,12:00,9.064
9/12/2012,13:00,9.114
9/12/2012,14:00,9.238
9/12/2012,15:00,9.336
9/12/2012,16:00,9.386
9/12/2012,17:00,9.435
9/12/2012,18:00,9.435
9/12/2012,19:00,9.41
9/12/2012,20:00,9.386
9/12/2012,21:00,9.361
9/12/2012,22:00,9.312
9/12/2012,23:00,9.139
9/13/2012,0:00,9.089
9/13/2012,1:00,8.965
9/13/2012,2:00,8.792
9/13/2012,3:00,8.742
9/13/2012,4:00,8.717
9/13/2012,5:00,8.568
9/13/2012,6:00,8.543
9/13/2012,7:00,8.543
9/13/2012,8:00,8.519
9/13/2012,9:00,8.519
9/13/2012,10:00,8.568
9/13/2012,11:00,8.618
9/13/2012,12:00,8.717
9/13/2012,13:00,8.817
9/13/2012,14:00,8.965
9/13/2012,15:00,9.089
9/13/2012,16:00,9.188
9/13/2012,17:00,9.312
9/13/2012,18:00,9.41
9/13/2012,19:00,9.558
9/13/2012,20:00,9.78
9/13/2012,21:00,9.558
9/13/2012,22:00,9.41
9/13/2012,23:00,9.361
9/14/2012,0:00,9.336
9/14/2012,1:00,9.188
9/14/2012,2:00,9.064
9/14/2012,3:00,8.941
9/14/2012,4:00,8.817
9/14/2012,5:00,8.693
9/14/2012,6:00,8.593
9/14/2012,7:00,8.519
9/14/2012,8:00,8.469
9/14/2012,9:00,8.444
9/14/2012,10:00,8.444
9/14/2012,11:00,8.494
9/14/2012,12:00,8.543
9/14/2012,13:00,8.568
9/14/2012,14:00,8.643
9/14/2012,15:00,8.693
9/14/2012,16:00,8.717
9/14/2012,17:00,8.717
9/14/2012,18:00,8.717
9/14/2012,19:00,8.693
9/14/2012,20:00,8.643
9/14/2012,21:00,8.245
9/14/2012,22:00,8.195
9/14/2012,23:00,8.145
9/15/2012,0:00,8.12
9/15/2012,1:00,8.095
9/15/2012,2:00,7.895
9/15/2012,3:00,7.845
9/15/2012,4:00,7.92
9/15/2012,5:00,7.945
9/15/2012,6:00,7.945
9/15/2012,7:00,7.97
9/15/2012,8:00,7.97
9/15/2012,9:00,7.945
9/15/2012,10:00,7.945
9/15/2012,11:00,7.97
9/15/2012,12:00,7.97
9/15/2012,13:00,7.97
9/15/2012,14:00,7.97
9/15/2012,15:00,8.02
9/15/2012,16:00,8.045
9/15/2012,17:00,8.095
9/15/2012,18:00,8.145
9/15/2012,19:00,8.195
9/15/2012,20:00,8.22
9/15/2012,21:00,8.195
9/15/2012,22:00,8.145
9/15/2012,23:00,8.145
9/16/2012,0:00,8.145
9/16/2012,1:00,8.095
9/16/2012,2:00,8.095
9/16/2012,3:00,8.07
9/16/2012,4:00,8.045
9/16/2012,5:00,7.995
9/16/2012,6:00,7.945
9/16/2012,7:00,7.92
9/16/2012,8:00,7.895
9/16/2012,9:00,7.845
9/16/2012,10:00,7.795
9/16/2012,11:00,7.795
9/16/2012,12:00,7.82
9/16/2012,13:00,7.845
9/16/2012,14:00,7.92
9/16/2012,15:00,7.97
9/16/2012,16:00,7.995
9/16/2012,17:00,8.045
9/16/2012,18:00,8.095
9/16/2012,19:00,8.145
9/16/2012,20:00,8.145
9/16/2012,21:00,8.17
9/16/2012,22:00,8.145
9/16/2012,23:00,8.12
9/17/2012,0:00,8.095
9/17/2012,1:00,8.095
9/17/2012,2:00,8.07
9/17/2012,3:00,8.07
9/17/2012,4:00,8.07
9/17/2012,5:00,8.045
9/17/2012,6:00,7.995
9/17/2012,7:00,7.945
9/17/2012,8:00,7.895
9/17/2012,9:00,7.87
9/17/2012,10:00,7.87
9/17/2012,11:00,7.87
9/17/2012,12:00,7.945
9/17/2012,13:00,8.045
9/17/2012,14:00,8.07
9/17/2012,15:00,8.195
9/17/2012,16:00,8.295
9/17/2012,17:00,8.369
9/17/2012,18:00,8.469
9/17/2012,19:00,8.469
9/17/2012,20:00,8.494
9/17/2012,21:00,8.494
9/17/2012,22:00,8.469
9/17/2012,23:00,8.444
9/18/2012,0:00,8.369
9/18/2012,1:00,8.319
9/18/2012,2:00,8.27
9/18/2012,3:00,8.245
9/18/2012,4:00,8.22
9/18/2012,5:00,8.17
9/18/2012,6:00,8.145
9/18/2012,7:00,8.12
9/18/2012,8:00,8.07
9/18/2012,9:00,8.045
9/18/2012,10:00,8.02
9/18/2012,11:00,7.97
9/18/2012,12:00,7.92
9/18/2012,13:00,7.895
9/18/2012,14:00,7.87
9/18/2012,15:00,7.87
9/18/2012,16:00,7.895
9/18/2012,17:00,7.87
9/18/2012,18:00,7.845
9/18/2012,19:00,7.845
9/18/2012,20:00,7.795
9/18/2012,21:00,7.77
9/18/2012,22:00,7.72
9/18/2012,23:00,7.72
9/19/2012,0:00,7.72
9/19/2012,1:00,7.72
9/19/2012,2:00,7.695
9/19/2012,3:00,7.695
9/19/2012,4:00,7.695
9/19/2012,5:00,7.695
9/19/2012,6:00,7.695
9/19/2012,7:00,7.695
9/19/2012,8:00,7.695
9/19/2012,9:00,7.695
9/19/2012,10:00,7.72
9/19/2012,11:00,7.745
9/19/2012,12:00,7.77
9/19/2012,13:00,7.82
9/19/2012,14:00,7.87
9/19/2012,15:00,7.895
9/19/2012,16:00,7.92
9/19/2012,17:00,7.97
9/19/2012,18:00,8.02
9/19/2012,19:00,8.045
9/19/2012,20:00,8.095
9/19/2012,21:00,8.145
9/19/2012,22:00,8.17
9/19/2012,23:00,8.12
9/20/2012,0:00,8.145
9/20/2012,1:00,8.195
9/20/2012,2:00,8.27
9/20/2012,3:00,8.27
9/20/2012,4:00,8.344
9/20/2012,5:00,8.344
9/20/2012,6:00,8.394
9/20/2012,7:00,8.394
9/20/2012,8:00,8.394
9/20/2012,9:00,8.394
9/20/2012,10:00,8.394
9/20/2012,11:00,8.444
9/20/2012,12:00,8.494
9/20/2012,13:00,8.568
9/20/2012,14:00,8.643
9/20/2012,15:00,8.742
9/20/2012,16:00,8.866
9/20/2012,17:00,8.941
9/20/2012,18:00,9.015
9/20/2012,19:00,9.064
9/20/2012,20:00,9.139
9/20/2012,21:00,9.213
9/20/2012,22:00,9.238
9/20/2012,23:00,9.287
9/21/2012,0:00,9.336
9/21/2012,1:00,9.361
9/21/2012,2:00,9.41
9/21/2012,3:00,9.41
9/21/2012,4:00,9.46
9/21/2012,5:00,9.46
9/21/2012,6:00,9.509
9/21/2012,7:00,9.583
9/21/2012,8:00,9.583
9/21/2012,9:00,9.583
9/21/2012,10:00,9.583
9/21/2012,11:00,9.558
9/21/2012,12:00,9.558
9/21/2012,13:00,9.583
9/21/2012,14:00,9.632
9/21/2012,15:00,9.706
9/21/2012,16:00,9.682
9/21/2012,17:00,9.509
9/21/2012,18:00,9.558
9/21/2012,19:00,9.706
9/21/2012,20:00,9.706
9/21/2012,21:00,9.682
9/21/2012,22:00,9.682
9/21/2012,23:00,9.682
9/22/2012,0:00,9.706
9/22/2012,1:00,9.731
9/22/2012,2:00,9.756
9/22/2012,3:00,9.756
9/22/2012,4:00,9.829
9/22/2012,5:00,9.854
9/22/2012,6:00,9.903
9/22/2012,7:00,9.928
9/22/2012,8:00,9.977
9/22/2012,9:00,10.001
9/22/2012,10:00,10.026
9/22/2012,11:00,10.001
9/22/2012,12:00,9.977
9/22/2012,13:00,9.977
9/22/2012,14:00,10.051
9/22/2012,15:00,10.1
9/22/2012,16:00,10.149
9/22/2012,17:00,10.026
9/22/2012,18:00,10.051
9/22/2012,19:00,10.051
9/22/2012,20:00,10.026
9/22/2012,21:00,9.977
9/22/2012,22:00,9.928
9/22/2012,23:00,9.78
9/23/2012,0:00,9.632
9/23/2012,1:00,9.583
9/23/2012,2:00,9.534
9/23/2012,3:00,9.435
9/23/2012,4:00,9.386
9/23/2012,5:00,9.386
9/23/2012,6:00,9.361
9/23/2012,7:00,9.336
9/23/2012,8:00,9.336
9/23/2012,9:00,9.336
9/23/2012,10:00,9.361
9/23/2012,11:00,9.361
9/23/2012,12:00,9.361
9/23/2012,13:00,9.361
9/23/2012,14:00,9.386
9/23/2012,15:00,9.361
9/23/2012,16:00,9.336
9/23/2012,17:00,9.336
9/23/2012,18:00,9.262
9/23/2012,19:00,9.213
9/23/2012,20:00,9.188
9/23/2012,21:00,9.139
9/23/2012,22:00,9.089
9/23/2012,23:00,9.04
9/24/2012,0:00,9.015
9/24/2012,1:00,8.965
9/24/2012,2:00,8.916
9/24/2012,3:00,8.891
9/24/2012,4:00,8.841
9/24/2012,5:00,8.841
9/24/2012,6:00,8.817
9/24/2012,7:00,8.792
9/24/2012,8:00,8.792
9/24/2012,9:00,8.767
9/24/2012,10:00,8.742
9/24/2012,11:00,8.742
9/24/2012,12:00,8.767
9/24/2012,13:00,8.792
9/24/2012,14:00,8.817
9/24/2012,15:00,8.841
9/24/2012,16:00,8.916
9/24/2012,17:00,8.916
9/24/2012,18:00,8.916
9/24/2012,19:00,8.916
9/24/2012,20:00,8.941
9/24/2012,21:00,8.916
9/24/2012,22:00,8.891
9/24/2012,23:00,8.866
9/25/2012,0:00,8.841
9/25/2012,1:00,8.817
9/25/2012,2:00,8.767
9/25/2012,3:00,8.717
9/25/2012,4:00,8.693
9/25/2012,5:00,8.643
9/25/2012,6:00,8.643
9/25/2012,7:00,8.593
9/25/2012,8:00,8.593
9/25/2012,9:00,8.543
9/25/2012,10:00,8.519
9/25/2012,11:00,8.519
9/25/2012,12:00,8.519
9/25/2012,13:00,8.519
9/25/2012,14:00,8.543
9/25/2012,15:00,8.543
9/25/2012,16:00,8.543
9/25/2012,17:00,8.543
9/25/2012,18:00,8.543
9/25/2012,19:00,8.494
9/25/2012,20:00,8.444
9/25/2012,21:00,8.394
9/25/2012,22:00,8.319
9/25/2012,23:00,8.295
9/26/2012,0:00,8.22
9/26/2012,1:00,8.17
9/26/2012,2:00,8.12
9/26/2012,3:00,8.12
9/26/2012,4:00,8.045
9/26/2012,5:00,7.945
9/26/2012,6:00,7.87
9/26/2012,7:00,7.87
9/26/2012,8:00,7.87
9/26/2012,9:00,7.845
9/26/2012,10:00,7.845
9/26/2012,11:00,7.82
9/26/2012,12:00,7.82
9/26/2012,13:00,7.845
9/26/2012,14:00,7.87
9/26/2012,15:00,7.87
9/26/2012,16:00,7.87
9/26/2012,17:00,7.87
9/26/2012,18:00,7.87
9/26/2012,19:00,7.845
9/26/2012,20:00,7.795
9/26/2012,21:00,7.745
9/26/2012,22:00,7.745
9/26/2012,23:00,7.695
9/27/2012,0:00,7.645
9/27/2012,1:00,7.594
9/27/2012,2:00,7.494
9/27/2012,3:00,7.494
9/27/2012,4:00,7.419
9/27/2012,5:00,7.444
9/27/2012,6:00,7.444
9/27/2012,7:00,7.419
9/27/2012,8:00,7.368
9/27/2012,9:00,7.268
9/27/2012,10:00,7.217
9/27/2012,11:00,7.116
9/27/2012,12:00,7.066
9/27/2012,13:00,7.066
9/27/2012,14:00,7.116
9/27/2012,15:00,7.217
9/27/2012,16:00,7.293
9/27/2012,17:00,7.393
9/27/2012,18:00,7.393
9/27/2012,19:00,7.419
9/27/2012,20:00,7.419
9/27/2012,21:00,7.393
9/27/2012,22:00,7.368
9/27/2012,23:00,7.318
9/28/2012,0:00,7.242
9/28/2012,1:00,7.167
9/28/2012,2:00,7.142
9/28/2012,3:00,7.142
9/28/2012,4:00,7.091
9/28/2012,5:00,7.116
9/28/2012,6:00,7.142
9/28/2012,7:00,7.167
9/28/2012,8:00,7.217
9/28/2012,9:00,7.268
9/28/2012,10:00,7.293
9/28/2012,11:00,7.343
9/28/2012,12:00,7.393
9/28/2012,13:00,7.444
9/28/2012,14:00,7.444
9/28/2012,15:00,7.544
9/28/2012,16:00,7.544
9/28/2012,17:00,7.544
9/28/2012,18:00,7.569
9/28/2012,19:00,7.594
9/28/2012,20:00,7.594
9/28/2012,21:00,7.569
9/28/2012,22:00,7.519
9/28/2012,23:00,7.469
9/29/2012,0:00,7.393
9/29/2012,1:00,7.293
9/29/2012,2:00,7.217
9/29/2012,3:00,7.167
9/29/2012,4:00,7.142
9/29/2012,5:00,7.091
9/29/2012,6:00,7.015
9/29/2012,7:00,6.965
9/29/2012,8:00,6.864
9/29/2012,9:00,6.839
9/29/2012,10:00,6.839
9/29/2012,11:00,6.889
9/29/2012,12:00,6.889
9/29/2012,13:00,6.889
9/29/2012,14:00,6.94
9/29/2012,15:00,6.965
9/29/2012,16:00,6.914
9/29/2012,17:00,6.914
9/29/2012,18:00,6.94
9/29/2012,19:00,6.965
9/29/2012,20:00,6.94
9/29/2012,21:00,6.889
9/29/2012,22:00,6.864
9/29/2012,23:00,6.813
9/30/2012,0:00,6.712
9/30/2012,1:00,6.661
9/30/2012,2:00,6.611
9/30/2012,3:00,6.509
9/30/2012,4:00,6.433
9/30/2012,5:00,6.382
9/30/2012,6:00,6.357
9/30/2012,7:00,6.331
9/30/2012,8:00,6.331
9/30/2012,9:00,6.306
9/30/2012,10:00,6.306
9/30/2012,11:00,6.23
9/30/2012,12:00,6.153
9/30/2012,13:00,6.179
9/30/2012,14:00,6.23
9/30/2012,15:00,6.23
9/30/2012,16:00,6.331
9/30/2012,17:00,6.408
9/30/2012,18:00,6.382
9/30/2012,19:00,6.382
9/30/2012,20:00,6.382
9/30/2012,21:00,6.357
9/30/2012,22:00,6.306
9/30/2012,23:00,6.23
10/1/2012,0:00,6.128
10/1/2012,1:00,6.077
10/1/2012,2:00,6
10/1/2012,3:00,5.924
10/1/2012,4:00,5.872
10/1/2012,5:00,5.796
10/1/2012,6:00,5.745
10/1/2012,7:00,5.668
10/1/2012,8:00,5.616
10/1/2012,9:00,5.565
10/1/2012,10:00,5.514
10/1/2012,11:00,5.514
10/1/2012,12:00,5.488
10/1/2012,13:00,5.539
10/1/2012,14:00,5.642
10/1/2012,15:00,5.796
10/1/2012,16:00,5.949
10/1/2012,17:00,6.026
10/1/2012,18:00,6.077
10/1/2012,19:00,6.128
10/1/2012,20:00,6.128
10/1/2012,21:00,6.153
10/1/2012,22:00,6.179
10/1/2012,23:00,5.975
10/2/2012,0:00,5.872
10/2/2012,1:00,5.821
10/2/2012,2:00,5.745
10/2/2012,3:00,5.668
10/2/2012,4:00,5.616
10/2/2012,5:00,5.591
10/2/2012,6:00,5.565
10/2/2012,7:00,5.565
10/2/2012,8:00,5.539
10/2/2012,9:00,5.539
10/2/2012,10:00,5.539
10/2/2012,11:00,5.565
10/2/2012,12:00,5.616
10/2/2012,13:00,5.642
10/2/2012,14:00,5.668
10/2/2012,15:00,5.719
10/2/2012,16:00,5.719
10/2/2012,17:00,5.77
10/2/2012,18:00,5.77
10/2/2012,19:00,5.77
10/2/2012,20:00,5.77
10/2/2012,21:00,5.77
10/2/2012,22:00,5.77
10/2/2012,23:00,5.77
10/3/2012,0:00,5.77
10/3/2012,1:00,5.745
10/3/2012,2:00,5.745
10/3/2012,3:00,5.745
10/3/2012,4:00,5.745
10/3/2012,5:00,5.745
10/3/2012,6:00,5.745
10/3/2012,7:00,5.719
10/3/2012,8:00,5.745
10/3/2012,9:00,5.745
10/3/2012,10:00,5.745
10/3/2012,11:00,5.77
10/3/2012,12:00,5.821
10/3/2012,13:00,5.872
10/3/2012,14:00,5.924
10/3/2012,15:00,6
10/3/2012,16:00,6.102
10/3/2012,17:00,6.128
10/3/2012,18:00,6.153
10/3/2012,19:00,6.179
10/3/2012,20:00,6.179
10/3/2012,21:00,6.179
10/3/2012,22:00,6.179
10/3/2012,23:00,6.204
10/4/2012,0:00,6.153
10/4/2012,1:00,6.128
10/4/2012,2:00,6.204
10/4/2012,3:00,6.255
10/4/2012,4:00,6.281
10/4/2012,5:00,6.382
10/4/2012,6:00,6.433
10/4/2012,7:00,6.281
10/4/2012,8:00,6.23
10/4/2012,9:00,6.204
10/4/2012,10:00,6.153
10/4/2012,11:00,6.23
10/4/2012,12:00,6.306
10/4/2012,13:00,6.484
10/4/2012,14:00,6.535
10/4/2012,15:00,6.484
10/4/2012,16:00,6.458
10/4/2012,17:00,6.585
10/4/2012,18:00,6.712
10/4/2012,19:00,6.864
10/4/2012,20:00,6.965
10/4/2012,21:00,7.015
10/4/2012,22:00,7.041
10/4/2012,23:00,7.091
10/5/2012,0:00,7.091
10/5/2012,1:00,7.091
10/5/2012,2:00,7.116
10/5/2012,3:00,6.889
10/5/2012,4:00,6.965
10/5/2012,5:00,6.94
10/5/2012,6:00,7.041
10/5/2012,7:00,7.091
10/5/2012,8:00,7.116
10/5/2012,9:00,7.116
10/5/2012,10:00,7.091
10/5/2012,11:00,7.066
10/5/2012,12:00,7.142
10/5/2012,13:00,7.217
10/5/2012,14:00,7.293
10/5/2012,15:00,7.343
10/5/2012,16:00,7.419
10/5/2012,17:00,7.444
10/5/2012,18:00,7.469
10/5/2012,19:00,7.544
10/5/2012,20:00,7.544
10/5/2012,21:00,7.544
10/5/2012,22:00,7.519
10/5/2012,23:00,7.544
10/6/2012,0:00,7.594
10/6/2012,1:00,7.619
10/6/2012,2:00,7.645
10/6/2012,3:00,7.619
10/6/2012,4:00,7.569
10/6/2012,5:00,7.519
10/6/2012,6:00,7.494
10/6/2012,7:00,7.469
10/6/2012,8:00,7.444
10/6/2012,9:00,7.444
10/6/2012,10:00,7.444
10/6/2012,11:00,7.419
10/6/2012,12:00,7.368
10/6/2012,13:00,7.343
10/6/2012,14:00,7.368
10/6/2012,15:00,7.368
10/6/2012,16:00,7.393
10/6/2012,17:00,7.393
10/6/2012,18:00,7.419
10/6/2012,19:00,7.419
10/6/2012,20:00,7.419
10/6/2012,21:00,7.419
10/6/2012,22:00,7.419
10/6/2012,23:00,7.393
10/7/2012,0:00,7.393
10/7/2012,1:00,7.393
10/7/2012,2:00,7.368
10/7/2012,3:00,7.368
10/7/2012,4:00,7.343
10/7/2012,5:00,7.343
10/7/2012,6:00,7.343
10/7/2012,7:00,7.318
10/7/2012,8:00,7.318
10/7/2012,9:00,7.318
10/7/2012,10:00,7.293
10/7/2012,11:00,7.293
10/7/2012,12:00,7.318
10/7/2012,13:00,7.368
10/7/2012,14:00,7.419
10/7/2012,15:00,7.494
10/7/2012,16:00,7.519
10/7/2012,17:00,7.569
10/7/2012,18:00,7.594
10/7/2012,19:00,7.619
10/7/2012,20:00,7.594
10/7/2012,21:00,7.645
10/7/2012,22:00,7.645
10/7/2012,23:00,7.619
10/8/2012,0:00,7.569
10/8/2012,1:00,7.519
10/8/2012,2:00,7.519
10/8/2012,3:00,7.444
10/8/2012,4:00,7.343
10/8/2012,5:00,7.268
10/8/2012,6:00,7.192
10/8/2012,7:00,7.116
10/8/2012,8:00,7.041
10/8/2012,9:00,6.965
10/8/2012,10:00,6.889
10/8/2012,11:00,6.864
10/8/2012,12:00,6.94
10/8/2012,13:00,7.015
10/8/2012,14:00,7.116
10/8/2012,15:00,7.167
10/8/2012,16:00,7.293
10/8/2012,17:00,7.368
10/8/2012,18:00,7.368
10/8/2012,19:00,7.368
10/8/2012,20:00,7.393
10/8/2012,21:00,7.419
10/8/2012,22:00,7.444
10/8/2012,23:00,7.469
10/9/2012,0:00,7.494
10/9/2012,1:00,7.494
10/9/2012,2:00,7.519
10/9/2012,3:00,7.569
10/9/2012,4:00,7.544
10/9/2012,5:00,7.594
10/9/2012,6:00,7.619
10/9/2012,7:00,7.569
10/9/2012,8:00,7.469
10/9/2012,9:00,7.393
10/9/2012,10:00,7.293
10/9/2012,11:00,7.242
10/9/2012,12:00,7.242
10/9/2012,13:00,7.293
10/9/2012,14:00,7.343
10/9/2012,15:00,7.368
10/9/2012,16:00,7.469
10/9/2012,17:00,7.519
10/9/2012,18:00,7.569
10/9/2012,19:00,7.519
10/9/2012,20:00,7.469
10/9/2012,21:00,7.444
10/9/2012,22:00,7.368
10/9/2012,23:00,7.419
10/10/2012,0:00,7.419
10/10/2012,1:00,7.393
10/10/2012,2:00,7.368
10/10/2012,3:00,7.343
10/10/2012,4:00,7.318
10/10/2012,5:00,7.293
10/10/2012,6:00,7.293
10/10/2012,7:00,7.268
10/10/2012,8:00,7.242
10/10/2012,9:00,7.192
10/10/2012,10:00,7.167
10/10/2012,11:00,7.167
10/10/2012,12:00,7.192
10/10/2012,13:00,7.242
10/10/2012,14:00,7.318
10/10/2012,15:00,7.368
10/10/2012,16:00,7.444
10/10/2012,17:00,7.594
10/10/2012,18:00,7.745
10/10/2012,19:00,7.77
10/10/2012,20:00,7.795
10/10/2012,21:00,7.67
10/10/2012,22:00,7.544
10/10/2012,23:00,7.444
10/11/2012,0:00,7.368
10/11/2012,1:00,7.242
10/11/2012,2:00,7.116
10/11/2012,3:00,6.94
10/11/2012,4:00,6.813
10/11/2012,5:00,6.687
10/11/2012,6:00,6.611
10/11/2012,7:00,6.535
10/11/2012,8:00,6.433
10/11/2012,9:00,6.357
10/11/2012,10:00,6.281
10/11/2012,11:00,6.255
10/11/2012,12:00,6.281
10/11/2012,13:00,6.382
10/11/2012,14:00,6.509
10/11/2012,15:00,6.636
10/11/2012,16:00,6.788
10/11/2012,17:00,6.889
10/11/2012,18:00,6.914
10/11/2012,19:00,6.94
10/11/2012,20:00,6.94
10/11/2012,21:00,6.864
10/11/2012,22:00,6.763
10/11/2012,23:00,6.687
10/12/2012,0:00,6.509
10/12/2012,1:00,6.382
10/12/2012,2:00,6.23
10/12/2012,3:00,6.153
10/12/2012,4:00,6.051
10/12/2012,5:00,5.975
10/12/2012,6:00,5.898
10/12/2012,7:00,5.821
10/12/2012,8:00,5.745
10/12/2012,9:00,5.668
10/12/2012,10:00,5.591
10/12/2012,11:00,5.539
10/12/2012,12:00,5.514
10/12/2012,13:00,5.462
10/12/2012,14:00,5.488
10/12/2012,15:00,5.565
10/12/2012,16:00,5.642
10/12/2012,17:00,5.77
10/12/2012,18:00,5.796
10/12/2012,19:00,5.796
10/12/2012,20:00,5.745
10/12/2012,21:00,5.668
10/12/2012,22:00,5.642
10/12/2012,23:00,5.591
10/13/2012,0:00,5.565
10/13/2012,1:00,5.514
10/13/2012,2:00,5.514
10/13/2012,3:00,5.488
10/13/2012,4:00,5.514
10/13/2012,5:00,5.514
10/13/2012,6:00,5.539
10/13/2012,7:00,5.591
10/13/2012,8:00,5.591
10/13/2012,9:00,5.565
10/13/2012,10:00,5.591
10/13/2012,11:00,5.591
10/13/2012,12:00,5.616
10/13/2012,13:00,5.642
10/13/2012,14:00,5.693
10/13/2012,15:00,5.719
10/13/2012,16:00,5.745
10/13/2012,17:00,5.796
10/13/2012,18:00,5.796
10/13/2012,19:00,5.77
10/13/2012,20:00,5.745
10/13/2012,21:00,5.745
10/13/2012,22:00,5.719
10/13/2012,23:00,5.668
10/14/2012,0:00,5.668
10/14/2012,1:00,5.693
10/14/2012,2:00,5.693
10/14/2012,3:00,5.693
10/14/2012,4:00,5.693
10/14/2012,5:00,5.693
10/14/2012,6:00,5.693
10/14/2012,7:00,5.642
10/14/2012,8:00,5.616
10/14/2012,9:00,5.514
10/14/2012,10:00,5.437
10/14/2012,11:00,5.385
10/14/2012,12:00,5.411
10/14/2012,13:00,5.488
10/14/2012,14:00,5.591
10/14/2012,15:00,5.642
10/14/2012,16:00,5.693
10/14/2012,17:00,5.719
10/14/2012,18:00,5.77
10/14/2012,19:00,5.821
10/14/2012,20:00,5.821
10/14/2012,21:00,5.796
10/14/2012,22:00,5.77
10/14/2012,23:00,5.745
10/15/2012,0:00,5.719
10/15/2012,1:00,5.693
10/15/2012,2:00,5.668
10/15/2012,3:00,5.616
10/15/2012,4:00,5.565
10/15/2012,5:00,5.539
10/15/2012,6:00,5.514
10/15/2012,7:00,5.462
10/15/2012,8:00,5.385
10/15/2012,9:00,5.308
10/15/2012,10:00,5.231
10/15/2012,11:00,5.179
10/15/2012,12:00,5.179
10/15/2012,13:00,5.257
10/15/2012,14:00,5.308
10/15/2012,15:00,5.36
10/15/2012,16:00,5.437
10/15/2012,17:00,5.462
10/15/2012,18:00,5.514
10/15/2012,19:00,5.514
10/15/2012,20:00,5.488
10/15/2012,21:00,5.462
10/15/2012,22:00,5.462
10/15/2012,23:00,5.437
10/16/2012,0:00,5.385
10/16/2012,1:00,5.36
10/16/2012,2:00,5.334
10/16/2012,3:00,5.308
10/16/2012,4:00,5.282
10/16/2012,5:00,5.231
10/16/2012,6:00,5.205
10/16/2012,7:00,5.128
10/16/2012,8:00,5.102
10/16/2012,9:00,5.05
10/16/2012,10:00,5.024
10/16/2012,11:00,4.792
10/16/2012,12:00,4.714
10/16/2012,13:00,4.74
10/16/2012,14:00,4.584
10/16/2012,15:00,4.532
10/16/2012,16:00,4.324
10/16/2012,17:00,4.272
10/16/2012,18:00,4.22
10/16/2012,19:00,4.168
10/16/2012,20:00,4.089
10/16/2012,21:00,4.115
10/16/2012,22:00,4.168
10/16/2012,23:00,3.88
10/17/2012,0:00,3.88
10/17/2012,1:00,3.564
10/17/2012,2:00,3.538
10/17/2012,3:00,3.617
10/17/2012,4:00,3.538
10/17/2012,5:00,3.459
10/17/2012,6:00,3.512
10/17/2012,7:00,3.512
10/17/2012,8:00,3.564
10/17/2012,9:00,3.538
10/17/2012,10:00,3.564
10/17/2012,11:00,3.564
10/17/2012,12:00,3.538
10/17/2012,13:00,3.485
10/17/2012,14:00,3.327
10/17/2012,15:00,3.38
10/17/2012,16:00,3.433
10/17/2012,17:00,3.459
10/17/2012,18:00,3.459
10/17/2012,19:00,3.459
10/17/2012,20:00,3.433
10/17/2012,21:00,3.459
10/17/2012,22:00,3.485
10/17/2012,23:00,3.485
10/18/2012,0:00,3.354
10/18/2012,1:00,3.406
10/18/2012,2:00,3.38
10/18/2012,3:00,3.248
10/18/2012,4:00,3.221
10/18/2012,5:00,3.248
10/18/2012,6:00,3.168
10/18/2012,7:00,3.142
10/18/2012,8:00,3.063
10/18/2012,9:00,3.009
10/18/2012,10:00,3.036
10/18/2012,11:00,2.983
10/18/2012,12:00,3.063
10/18/2012,13:00,2.983
10/18/2012,14:00,3.063
10/18/2012,15:00,3.195
10/18/2012,16:00,3.354
10/18/2012,17:00,3.38
10/18/2012,18:00,3.406
10/18/2012,19:00,3.406
10/18/2012,20:00,3.354
10/18/2012,21:00,3.301
10/18/2012,22:00,3.274
10/18/2012,23:00,3.221
10/19/2012,0:00,3.168
10/19/2012,1:00,3.116
10/19/2012,2:00,3.036
10/19/2012,3:00,2.983
10/19/2012,4:00,2.903
10/19/2012,5:00,2.85
10/19/2012,6:00,2.823
10/19/2012,7:00,2.77
10/19/2012,8:00,2.744
10/19/2012,9:00,2.717
10/19/2012,10:00,2.664
10/19/2012,11:00,2.664
10/19/2012,12:00,2.69
10/19/2012,13:00,2.69
10/19/2012,14:00,2.744
10/19/2012,15:00,2.797
