Plot Title: 10316650,,
Date,"Time, GMT-08:00","Temp, °C"
6/2/2017,13:00:00,18.616
6/2/2017,14:00:00,18.426
6/2/2017,15:00:00,18.331
6/2/2017,16:00:00,18.236
6/2/2017,17:00:00,17.95
6/2/2017,18:00:00,17.855
6/2/2017,19:00:00,17.665
6/2/2017,20:00:00,17.379
6/2/2017,21:00:00,17.189
6/2/2017,22:00:00,16.999
6/2/2017,23:00:00,16.808
6/3/2017,0:00:00,16.713
6/3/2017,1:00:00,16.523
6/3/2017,2:00:00,16.332
6/3/2017,3:00:00,16.141
6/3/2017,4:00:00,15.951
6/3/2017,5:00:00,15.76
6/3/2017,6:00:00,15.76
6/3/2017,7:00:00,15.76
6/3/2017,8:00:00,15.664
6/3/2017,9:00:00,15.855
6/3/2017,10:00:00,15.951
6/3/2017,11:00:00,15.76
6/3/2017,12:00:00,15.664
6/3/2017,13:00:00,15.76
6/3/2017,14:00:00,15.76
6/3/2017,15:00:00,15.569
6/3/2017,16:00:00,15.378
6/3/2017,17:00:00,15.282
6/3/2017,18:00:00,15.091
6/3/2017,19:00:00,14.996
6/3/2017,20:00:00,14.804
6/3/2017,21:00:00,14.613
6/3/2017,22:00:00,14.325
6/3/2017,23:00:00,14.134
6/4/2017,0:00:00,14.038
6/4/2017,1:00:00,13.846
6/4/2017,2:00:00,13.75
6/4/2017,3:00:00,13.558
6/4/2017,4:00:00,13.461
6/4/2017,5:00:00,13.365
6/4/2017,6:00:00,13.173
6/4/2017,7:00:00,13.173
6/4/2017,8:00:00,12.98
6/4/2017,9:00:00,13.076
6/4/2017,10:00:00,13.269
6/4/2017,11:00:00,14.421
6/4/2017,12:00:00,14.23
6/4/2017,13:00:00,14.996
6/4/2017,14:00:00,15.951
6/4/2017,15:00:00,17.094
6/4/2017,16:00:00,17.094
6/4/2017,17:00:00,17.284
6/4/2017,18:00:00,17.284
6/4/2017,19:00:00,17.379
6/4/2017,20:00:00,16.808
6/4/2017,21:00:00,16.618
6/4/2017,22:00:00,16.332
6/4/2017,23:00:00,16.046
6/5/2017,0:00:00,15.76
6/5/2017,1:00:00,15.473
6/5/2017,2:00:00,15.282
6/5/2017,3:00:00,14.996
6/5/2017,4:00:00,14.804
6/5/2017,5:00:00,14.613
6/5/2017,6:00:00,14.517
6/5/2017,7:00:00,14.709
6/5/2017,8:00:00,15.282
6/5/2017,9:00:00,15.76
6/5/2017,10:00:00,16.332
6/5/2017,11:00:00,17.094
6/5/2017,12:00:00,17.379
6/5/2017,13:00:00,18.426
6/5/2017,14:00:00,17.57
6/5/2017,15:00:00,18.331
6/5/2017,16:00:00,17.379
6/5/2017,17:00:00,17.57
6/5/2017,18:00:00,17.284
6/5/2017,19:00:00,16.999
6/5/2017,20:00:00,16.903
6/5/2017,21:00:00,16.618
6/5/2017,22:00:00,16.141
6/5/2017,23:00:00,15.951
6/6/2017,0:00:00,15.664
6/6/2017,1:00:00,15.378
6/6/2017,2:00:00,15.187
6/6/2017,3:00:00,14.9
6/6/2017,4:00:00,14.709
6/6/2017,5:00:00,14.517
6/6/2017,6:00:00,14.421
6/6/2017,7:00:00,14.23
6/6/2017,8:00:00,14.038
6/6/2017,9:00:00,14.23
6/6/2017,10:00:00,14.517
6/6/2017,11:00:00,14.421
6/6/2017,12:00:00,14.613
6/6/2017,13:00:00,15.569
6/6/2017,14:00:00,15.76
6/6/2017,15:00:00,16.427
6/6/2017,16:00:00,16.046
6/6/2017,17:00:00,16.332
6/6/2017,18:00:00,16.332
6/6/2017,19:00:00,16.332
6/6/2017,20:00:00,16.046
6/6/2017,21:00:00,15.76
6/6/2017,22:00:00,15.473
6/6/2017,23:00:00,15.187
6/7/2017,0:00:00,14.9
6/7/2017,1:00:00,14.709
6/7/2017,2:00:00,14.325
6/7/2017,3:00:00,14.134
6/7/2017,4:00:00,13.942
6/7/2017,5:00:00,13.75
6/7/2017,6:00:00,13.75
6/7/2017,7:00:00,13.75
6/7/2017,8:00:00,13.75
6/7/2017,9:00:00,13.942
6/7/2017,10:00:00,14.134
6/7/2017,11:00:00,14.325
6/7/2017,12:00:00,14.421
6/7/2017,13:00:00,14.804
6/7/2017,14:00:00,14.709
6/7/2017,15:00:00,14.709
6/7/2017,16:00:00,15.282
6/7/2017,17:00:00,15.378
6/7/2017,18:00:00,15.187
6/7/2017,19:00:00,15.187
6/7/2017,20:00:00,15.091
6/7/2017,21:00:00,14.996
6/7/2017,22:00:00,14.9
6/7/2017,23:00:00,14.804
6/8/2017,0:00:00,14.709
6/8/2017,1:00:00,14.613
6/8/2017,2:00:00,14.517
6/8/2017,3:00:00,14.421
6/8/2017,4:00:00,14.325
6/8/2017,5:00:00,14.325
6/8/2017,6:00:00,14.23
6/8/2017,7:00:00,14.23
6/8/2017,8:00:00,14.325
6/8/2017,9:00:00,14.613
6/8/2017,10:00:00,14.709
6/8/2017,11:00:00,15.282
6/8/2017,12:00:00,15.664
6/8/2017,13:00:00,16.237
6/8/2017,14:00:00,16.523
6/8/2017,15:00:00,17.57
6/8/2017,16:00:00,17.284
6/8/2017,17:00:00,17.284
6/8/2017,18:00:00,17.475
6/8/2017,19:00:00,17.475
6/8/2017,20:00:00,17.379
6/8/2017,21:00:00,17.379
6/8/2017,22:00:00,17.284
6/8/2017,23:00:00,17.094
6/9/2017,0:00:00,16.903
6/9/2017,1:00:00,16.808
6/9/2017,2:00:00,16.713
6/9/2017,3:00:00,16.523
6/9/2017,4:00:00,16.332
6/9/2017,5:00:00,16.141
6/9/2017,6:00:00,16.237
6/9/2017,7:00:00,16.427
6/9/2017,8:00:00,16.713
6/9/2017,9:00:00,16.999
6/9/2017,10:00:00,17.855
6/9/2017,11:00:00,18.806
6/9/2017,12:00:00,19.567
6/9/2017,13:00:00,20.043
6/9/2017,14:00:00,20.329
6/9/2017,15:00:00,19.567
6/9/2017,16:00:00,19.282
6/9/2017,17:00:00,18.806
6/9/2017,18:00:00,18.521
6/9/2017,19:00:00,18.426
6/9/2017,20:00:00,18.236
6/9/2017,21:00:00,18.045
6/9/2017,22:00:00,17.855
6/9/2017,23:00:00,17.665
6/10/2017,0:00:00,17.475
6/10/2017,1:00:00,17.189
6/10/2017,2:00:00,16.808
6/10/2017,3:00:00,16.523
6/10/2017,4:00:00,16.427
6/10/2017,5:00:00,16.237
6/10/2017,6:00:00,16.141
6/10/2017,7:00:00,16.046
6/10/2017,8:00:00,15.855
6/10/2017,9:00:00,15.664
6/10/2017,10:00:00,15.569
6/10/2017,11:00:00,15.473
6/10/2017,12:00:00,15.569
6/10/2017,13:00:00,15.473
6/10/2017,14:00:00,15.664
6/10/2017,15:00:00,15.569
6/10/2017,16:00:00,15.569
6/10/2017,17:00:00,15.951
6/10/2017,18:00:00,15.664
6/10/2017,19:00:00,15.569
6/10/2017,20:00:00,15.187
6/10/2017,21:00:00,14.9
6/10/2017,22:00:00,14.804
6/10/2017,23:00:00,14.709
6/11/2017,0:00:00,14.421
6/11/2017,1:00:00,14.325
6/11/2017,2:00:00,14.23
6/11/2017,3:00:00,14.134
6/11/2017,4:00:00,13.942
6/11/2017,5:00:00,13.75
6/11/2017,6:00:00,13.558
6/11/2017,7:00:00,13.558
6/11/2017,8:00:00,13.461
6/11/2017,9:00:00,13.365
6/11/2017,10:00:00,13.365
6/11/2017,11:00:00,13.365
6/11/2017,12:00:00,13.654
6/11/2017,13:00:00,13.461
6/11/2017,14:00:00,13.654
6/11/2017,15:00:00,13.75
6/11/2017,16:00:00,13.75
6/11/2017,17:00:00,13.846
6/11/2017,18:00:00,13.846
6/11/2017,19:00:00,13.75
6/11/2017,20:00:00,13.75
6/11/2017,21:00:00,13.558
6/11/2017,22:00:00,13.461
6/11/2017,23:00:00,13.269
6/12/2017,0:00:00,13.173
6/12/2017,1:00:00,13.076
6/12/2017,2:00:00,12.883
6/12/2017,3:00:00,12.787
6/12/2017,4:00:00,12.594
6/12/2017,5:00:00,12.594
6/12/2017,6:00:00,12.497
6/12/2017,7:00:00,12.497
6/12/2017,8:00:00,12.497
6/12/2017,9:00:00,12.594
6/12/2017,10:00:00,12.594
6/12/2017,11:00:00,13.076
6/12/2017,12:00:00,13.365
6/12/2017,13:00:00,13.558
6/12/2017,14:00:00,13.942
6/12/2017,15:00:00,13.942
6/12/2017,16:00:00,16.046
6/12/2017,17:00:00,14.709
6/12/2017,18:00:00,14.613
6/12/2017,19:00:00,14.517
6/12/2017,20:00:00,14.517
6/12/2017,21:00:00,14.325
6/12/2017,22:00:00,14.23
6/12/2017,23:00:00,14.038
6/13/2017,0:00:00,13.846
6/13/2017,1:00:00,13.75
6/13/2017,2:00:00,13.558
6/13/2017,3:00:00,13.461
6/13/2017,4:00:00,13.365
6/13/2017,5:00:00,13.269
6/13/2017,6:00:00,13.173
6/13/2017,7:00:00,13.365
6/13/2017,8:00:00,13.654
6/13/2017,9:00:00,13.942
6/13/2017,10:00:00,14.613
6/13/2017,11:00:00,15.187
6/13/2017,12:00:00,15.187
6/13/2017,13:00:00,15.187
6/13/2017,14:00:00,16.523
6/13/2017,15:00:00,16.046
6/13/2017,16:00:00,16.713
6/13/2017,17:00:00,16.237
6/13/2017,18:00:00,16.237
6/13/2017,19:00:00,16.237
6/13/2017,20:00:00,16.046
6/13/2017,21:00:00,15.76
6/13/2017,22:00:00,15.569
6/13/2017,23:00:00,15.282
6/14/2017,0:00:00,15.091
6/14/2017,1:00:00,14.9
6/14/2017,2:00:00,14.804
6/14/2017,3:00:00,14.517
6/14/2017,4:00:00,14.421
6/14/2017,5:00:00,14.134
6/14/2017,6:00:00,14.134
6/14/2017,7:00:00,14.325
6/14/2017,8:00:00,14.804
6/14/2017,9:00:00,15.378
6/14/2017,10:00:00,15.76
6/14/2017,11:00:00,16.618
6/14/2017,12:00:00,17.475
6/14/2017,13:00:00,18.711
6/14/2017,14:00:00,19.377
6/14/2017,15:00:00,20.234
6/14/2017,16:00:00,18.996
6/14/2017,17:00:00,20.424
6/14/2017,18:00:00,20.329
6/14/2017,19:00:00,20.043
6/14/2017,20:00:00,19.472
6/14/2017,21:00:00,18.996
6/14/2017,22:00:00,18.616
6/14/2017,23:00:00,18.14
6/15/2017,0:00:00,17.76
6/15/2017,1:00:00,17.379
6/15/2017,2:00:00,17.189
6/15/2017,3:00:00,16.903
6/15/2017,4:00:00,16.618
6/15/2017,5:00:00,16.427
6/15/2017,6:00:00,16.237
6/15/2017,7:00:00,16.427
6/15/2017,8:00:00,16.713
6/15/2017,9:00:00,17.379
6/15/2017,10:00:00,17.855
6/15/2017,11:00:00,18.806
6/15/2017,12:00:00,19.662
6/15/2017,13:00:00,20.329
6/15/2017,14:00:00,20.424
6/15/2017,15:00:00,20.805
6/15/2017,16:00:00,21.282
6/15/2017,17:00:00,20.615
6/15/2017,18:00:00,20.234
6/15/2017,19:00:00,19.853
6/15/2017,20:00:00,19.472
6/15/2017,21:00:00,18.996
6/15/2017,22:00:00,18.521
6/15/2017,23:00:00,18.14
6/16/2017,0:00:00,17.855
6/16/2017,1:00:00,17.665
6/16/2017,2:00:00,17.475
6/16/2017,3:00:00,17.284
6/16/2017,4:00:00,16.999
6/16/2017,5:00:00,16.808
6/16/2017,6:00:00,16.713
6/16/2017,7:00:00,16.618
6/16/2017,8:00:00,16.999
6/16/2017,9:00:00,17.475
6/16/2017,10:00:00,17.284
6/16/2017,11:00:00,17.189
6/16/2017,12:00:00,17.665
6/16/2017,13:00:00,18.14
6/16/2017,14:00:00,18.045
6/16/2017,15:00:00,18.045
6/16/2017,16:00:00,18.331
6/16/2017,17:00:00,18.14
6/16/2017,18:00:00,17.855
6/16/2017,19:00:00,17.57
6/16/2017,20:00:00,17.284
6/16/2017,21:00:00,17.094
6/16/2017,22:00:00,16.808
6/16/2017,23:00:00,16.618
6/17/2017,0:00:00,16.427
6/17/2017,1:00:00,16.141
6/17/2017,2:00:00,15.951
6/17/2017,3:00:00,15.76
6/17/2017,4:00:00,15.664
6/17/2017,5:00:00,15.473
6/17/2017,6:00:00,15.282
6/17/2017,7:00:00,15.187
6/17/2017,8:00:00,15.282
6/17/2017,9:00:00,15.091
6/17/2017,10:00:00,15.091
6/17/2017,11:00:00,15.187
6/17/2017,12:00:00,15.187
6/17/2017,13:00:00,15.76
6/17/2017,14:00:00,16.332
6/17/2017,15:00:00,16.903
6/17/2017,16:00:00,17.475
6/17/2017,17:00:00,17.76
6/17/2017,18:00:00,17.57
6/17/2017,19:00:00,17.379
6/17/2017,20:00:00,17.189
6/17/2017,21:00:00,16.903
6/17/2017,22:00:00,16.618
6/17/2017,23:00:00,16.237
6/18/2017,0:00:00,15.951
6/18/2017,1:00:00,15.855
6/18/2017,2:00:00,15.664
6/18/2017,3:00:00,15.473
6/18/2017,4:00:00,15.282
6/18/2017,5:00:00,14.996
6/18/2017,6:00:00,14.9
6/18/2017,7:00:00,15.187
6/18/2017,8:00:00,15.664
6/18/2017,9:00:00,15.951
6/18/2017,10:00:00,16.237
6/18/2017,11:00:00,17.379
6/18/2017,12:00:00,18.236
6/18/2017,13:00:00,19.187
6/18/2017,14:00:00,19.853
6/18/2017,15:00:00,20.234
6/18/2017,16:00:00,20.71
6/18/2017,17:00:00,20.805
6/18/2017,18:00:00,20.424
6/18/2017,19:00:00,20.234
6/18/2017,20:00:00,19.948
6/18/2017,21:00:00,19.662
6/18/2017,22:00:00,19.377
6/18/2017,23:00:00,18.996
6/19/2017,0:00:00,18.711
6/19/2017,1:00:00,18.331
6/19/2017,2:00:00,17.95
6/19/2017,3:00:00,17.57
6/19/2017,4:00:00,17.379
6/19/2017,5:00:00,17.189
6/19/2017,6:00:00,17.094
6/19/2017,7:00:00,16.903
6/19/2017,8:00:00,16.808
6/19/2017,9:00:00,16.808
6/19/2017,10:00:00,17.189
6/19/2017,11:00:00,17.475
6/19/2017,12:00:00,18.14
6/19/2017,13:00:00,18.616
6/19/2017,14:00:00,18.331
6/19/2017,15:00:00,17.76
6/19/2017,16:00:00,17.665
6/19/2017,17:00:00,17.665
6/19/2017,18:00:00,17.57
6/19/2017,19:00:00,17.284
6/19/2017,20:00:00,16.903
6/19/2017,21:00:00,16.618
6/19/2017,22:00:00,16.523
6/19/2017,23:00:00,16.237
6/20/2017,0:00:00,16.046
6/20/2017,1:00:00,15.951
6/20/2017,2:00:00,15.76
6/20/2017,3:00:00,15.664
6/20/2017,4:00:00,15.473
6/20/2017,5:00:00,15.282
6/20/2017,6:00:00,15.282
6/20/2017,7:00:00,15.187
6/20/2017,8:00:00,15.282
6/20/2017,9:00:00,15.664
6/20/2017,10:00:00,15.76
6/20/2017,11:00:00,16.046
6/20/2017,12:00:00,16.141
6/20/2017,13:00:00,16.903
6/20/2017,14:00:00,16.332
6/20/2017,15:00:00,16.141
6/20/2017,16:00:00,16.332
6/20/2017,17:00:00,16.523
6/20/2017,18:00:00,16.808
6/20/2017,19:00:00,16.808
6/20/2017,20:00:00,16.523
6/20/2017,21:00:00,16.332
6/20/2017,22:00:00,16.141
6/20/2017,23:00:00,15.951
6/21/2017,0:00:00,15.76
6/21/2017,1:00:00,15.569
6/21/2017,2:00:00,15.378
6/21/2017,3:00:00,15.187
6/21/2017,4:00:00,15.091
6/21/2017,5:00:00,14.9
6/21/2017,6:00:00,14.804
6/21/2017,7:00:00,14.804
6/21/2017,8:00:00,14.804
6/21/2017,9:00:00,14.996
6/21/2017,10:00:00,15.473
6/21/2017,11:00:00,15.473
6/21/2017,12:00:00,15.091
6/21/2017,13:00:00,15.187
6/21/2017,14:00:00,15.76
6/21/2017,15:00:00,15.664
6/21/2017,16:00:00,15.76
6/21/2017,17:00:00,15.855
6/21/2017,18:00:00,15.664
6/21/2017,19:00:00,15.473
6/21/2017,20:00:00,15.378
6/21/2017,21:00:00,15.187
6/21/2017,22:00:00,14.996
6/21/2017,23:00:00,14.9
6/22/2017,0:00:00,14.709
6/22/2017,1:00:00,14.613
6/22/2017,2:00:00,14.421
6/22/2017,3:00:00,14.325
6/22/2017,4:00:00,14.23
6/22/2017,5:00:00,14.134
6/22/2017,6:00:00,14.134
6/22/2017,7:00:00,14.038
6/22/2017,8:00:00,14.134
6/22/2017,9:00:00,14.134
6/22/2017,10:00:00,14.23
6/22/2017,11:00:00,14.038
6/22/2017,12:00:00,14.421
6/22/2017,13:00:00,14.804
6/22/2017,14:00:00,15.282
6/22/2017,15:00:00,15.664
6/22/2017,16:00:00,15.473
6/22/2017,17:00:00,15.664
6/22/2017,18:00:00,15.569
6/22/2017,19:00:00,15.473
6/22/2017,20:00:00,15.473
6/22/2017,21:00:00,15.378
6/22/2017,22:00:00,15.187
6/22/2017,23:00:00,15.091
6/23/2017,0:00:00,14.9
6/23/2017,1:00:00,14.709
6/23/2017,2:00:00,14.517
6/23/2017,3:00:00,14.421
6/23/2017,4:00:00,14.23
6/23/2017,5:00:00,14.134
6/23/2017,6:00:00,14.134
6/23/2017,7:00:00,14.325
6/23/2017,8:00:00,14.709
6/23/2017,9:00:00,15.091
6/23/2017,10:00:00,15.569
6/23/2017,11:00:00,15.378
6/23/2017,12:00:00,15.378
6/23/2017,13:00:00,15.569
6/23/2017,14:00:00,15.76
6/23/2017,15:00:00,16.427
6/23/2017,16:00:00,16.618
6/23/2017,17:00:00,16.713
6/23/2017,18:00:00,16.523
6/23/2017,19:00:00,16.427
6/23/2017,20:00:00,16.332
6/23/2017,21:00:00,16.237
6/23/2017,22:00:00,16.141
6/23/2017,23:00:00,15.855
6/24/2017,0:00:00,15.664
6/24/2017,1:00:00,15.473
6/24/2017,2:00:00,15.091
6/24/2017,3:00:00,14.9
6/24/2017,4:00:00,14.613
6/24/2017,5:00:00,14.421
6/24/2017,6:00:00,14.325
6/24/2017,7:00:00,14.613
6/24/2017,8:00:00,14.9
6/24/2017,9:00:00,15.282
6/24/2017,10:00:00,15.091
6/24/2017,11:00:00,15.187
6/24/2017,12:00:00,15.664
6/24/2017,13:00:00,16.141
6/24/2017,14:00:00,15.951
6/24/2017,15:00:00,16.523
6/24/2017,16:00:00,16.713
6/24/2017,17:00:00,16.808
6/24/2017,18:00:00,16.237
6/24/2017,19:00:00,16.237
6/24/2017,20:00:00,15.951
6/24/2017,21:00:00,15.855
6/24/2017,22:00:00,15.76
6/24/2017,23:00:00,15.664
6/25/2017,0:00:00,15.473
6/25/2017,1:00:00,15.378
6/25/2017,2:00:00,15.187
6/25/2017,3:00:00,15.091
6/25/2017,4:00:00,14.9
6/25/2017,5:00:00,14.804
6/25/2017,6:00:00,14.804
6/25/2017,7:00:00,14.9
6/25/2017,8:00:00,15.091
6/25/2017,9:00:00,15.951
6/25/2017,10:00:00,17.094
6/25/2017,11:00:00,17.855
6/25/2017,12:00:00,19.092
6/25/2017,13:00:00,20.234
6/25/2017,14:00:00,20.519
6/25/2017,15:00:00,21.187
6/25/2017,16:00:00,21.664
6/25/2017,17:00:00,21.569
6/25/2017,18:00:00,21.187
6/25/2017,19:00:00,20.901
6/25/2017,20:00:00,20.424
6/25/2017,21:00:00,20.234
6/25/2017,22:00:00,20.043
6/25/2017,23:00:00,19.662
6/26/2017,0:00:00,19.377
6/26/2017,1:00:00,19.092
6/26/2017,2:00:00,18.806
6/26/2017,3:00:00,18.616
6/26/2017,4:00:00,18.521
6/26/2017,5:00:00,18.331
6/26/2017,6:00:00,18.14
6/26/2017,7:00:00,18.045
6/26/2017,8:00:00,18.14
6/26/2017,9:00:00,18.045
6/26/2017,10:00:00,18.045
6/26/2017,11:00:00,17.95
6/26/2017,12:00:00,18.045
6/26/2017,13:00:00,18.045
6/26/2017,14:00:00,18.616
6/26/2017,15:00:00,18.616
6/26/2017,16:00:00,18.426
6/26/2017,17:00:00,18.331
6/26/2017,18:00:00,18.426
6/26/2017,19:00:00,18.14
6/26/2017,20:00:00,17.95
6/26/2017,21:00:00,17.76
6/26/2017,22:00:00,17.57
6/26/2017,23:00:00,17.284
6/27/2017,0:00:00,17.189
6/27/2017,1:00:00,16.808
6/27/2017,2:00:00,16.618
6/27/2017,3:00:00,16.427
6/27/2017,4:00:00,16.237
6/27/2017,5:00:00,15.951
6/27/2017,6:00:00,15.855
6/27/2017,7:00:00,15.76
6/27/2017,8:00:00,15.76
6/27/2017,9:00:00,15.76
6/27/2017,10:00:00,15.951
6/27/2017,11:00:00,15.76
6/27/2017,12:00:00,15.76
6/27/2017,13:00:00,15.664
6/27/2017,14:00:00,15.569
6/27/2017,15:00:00,15.569
6/27/2017,16:00:00,15.473
6/27/2017,17:00:00,15.473
6/27/2017,18:00:00,15.282
6/27/2017,19:00:00,15.091
6/27/2017,20:00:00,14.9
6/27/2017,21:00:00,14.709
6/27/2017,22:00:00,14.517
6/27/2017,23:00:00,14.421
6/28/2017,0:00:00,14.23
6/28/2017,1:00:00,14.134
6/28/2017,2:00:00,14.038
6/28/2017,3:00:00,13.942
6/28/2017,4:00:00,13.846
6/28/2017,5:00:00,13.75
6/28/2017,6:00:00,13.654
6/28/2017,7:00:00,13.654
6/28/2017,8:00:00,13.654
6/28/2017,9:00:00,13.846
6/28/2017,10:00:00,14.134
6/28/2017,11:00:00,14.134
6/28/2017,12:00:00,14.709
6/28/2017,13:00:00,14.613
6/28/2017,14:00:00,14.804
6/28/2017,15:00:00,15.091
6/28/2017,16:00:00,15.187
6/28/2017,17:00:00,15.282
6/28/2017,18:00:00,15.091
6/28/2017,19:00:00,14.9
6/28/2017,20:00:00,14.804
6/28/2017,21:00:00,14.709
6/28/2017,22:00:00,14.613
6/28/2017,23:00:00,14.517
6/29/2017,0:00:00,14.325
6/29/2017,1:00:00,14.23
6/29/2017,2:00:00,14.23
6/29/2017,3:00:00,14.134
6/29/2017,4:00:00,14.038
6/29/2017,5:00:00,13.942
6/29/2017,6:00:00,13.846
6/29/2017,7:00:00,13.846
6/29/2017,8:00:00,13.846
6/29/2017,9:00:00,13.942
6/29/2017,10:00:00,14.038
6/29/2017,11:00:00,14.23
6/29/2017,12:00:00,14.325
6/29/2017,13:00:00,14.421
6/29/2017,14:00:00,14.517
6/29/2017,15:00:00,14.709
6/29/2017,16:00:00,14.613
6/29/2017,17:00:00,14.517
6/29/2017,18:00:00,14.421
6/29/2017,19:00:00,14.421
6/29/2017,20:00:00,14.23
6/29/2017,21:00:00,14.134
6/29/2017,22:00:00,14.038
6/29/2017,23:00:00,13.846
6/30/2017,0:00:00,13.75
6/30/2017,1:00:00,13.654
6/30/2017,2:00:00,13.558
6/30/2017,3:00:00,13.461
6/30/2017,4:00:00,13.365
6/30/2017,5:00:00,13.269
6/30/2017,6:00:00,13.269
6/30/2017,7:00:00,13.365
6/30/2017,8:00:00,13.365
6/30/2017,9:00:00,13.558
6/30/2017,10:00:00,13.558
6/30/2017,11:00:00,13.75
6/30/2017,12:00:00,13.75
6/30/2017,13:00:00,14.038
6/30/2017,14:00:00,14.421
6/30/2017,15:00:00,14.517
6/30/2017,16:00:00,14.613
6/30/2017,17:00:00,14.613
6/30/2017,18:00:00,14.613
6/30/2017,19:00:00,14.709
6/30/2017,20:00:00,14.613
6/30/2017,21:00:00,14.613
6/30/2017,22:00:00,14.421
6/30/2017,23:00:00,14.325
7/1/2017,0:00:00,14.23
7/1/2017,1:00:00,14.134
7/1/2017,2:00:00,14.038
7/1/2017,3:00:00,13.942
7/1/2017,4:00:00,13.846
7/1/2017,5:00:00,13.846
7/1/2017,6:00:00,13.75
7/1/2017,7:00:00,13.75
7/1/2017,8:00:00,13.846
7/1/2017,9:00:00,14.038
7/1/2017,10:00:00,14.038
7/1/2017,11:00:00,14.325
7/1/2017,12:00:00,14.325
7/1/2017,13:00:00,14.613
7/1/2017,14:00:00,14.613
7/1/2017,15:00:00,14.996
7/1/2017,16:00:00,15.378
7/1/2017,17:00:00,15.378
7/1/2017,18:00:00,15.378
7/1/2017,19:00:00,15.378
7/1/2017,20:00:00,15.282
7/1/2017,21:00:00,15.091
7/1/2017,22:00:00,14.996
7/1/2017,23:00:00,14.9
7/2/2017,0:00:00,14.804
7/2/2017,1:00:00,14.709
7/2/2017,2:00:00,14.517
7/2/2017,3:00:00,14.421
7/2/2017,4:00:00,14.325
7/2/2017,5:00:00,14.23
7/2/2017,6:00:00,14.23
7/2/2017,7:00:00,14.23
7/2/2017,8:00:00,14.134
7/2/2017,9:00:00,14.23
7/2/2017,10:00:00,14.325
7/2/2017,11:00:00,14.517
7/2/2017,12:00:00,14.9
7/2/2017,13:00:00,15.569
7/2/2017,14:00:00,17.094
7/2/2017,15:00:00,16.999
7/2/2017,16:00:00,17.284
7/2/2017,17:00:00,17.855
7/2/2017,18:00:00,17.95
7/2/2017,19:00:00,17.665
7/2/2017,20:00:00,17.475
7/2/2017,21:00:00,17.189
7/2/2017,22:00:00,16.999
7/2/2017,23:00:00,16.713
7/3/2017,0:00:00,16.523
7/3/2017,1:00:00,16.332
7/3/2017,2:00:00,16.141
7/3/2017,3:00:00,15.951
7/3/2017,4:00:00,15.76
7/3/2017,5:00:00,15.664
7/3/2017,6:00:00,15.569
7/3/2017,7:00:00,15.569
7/3/2017,8:00:00,15.569
7/3/2017,9:00:00,15.664
7/3/2017,10:00:00,15.855
7/3/2017,11:00:00,16.141
7/3/2017,12:00:00,16.332
7/3/2017,13:00:00,16.713
7/3/2017,14:00:00,16.713
7/3/2017,15:00:00,16.808
7/3/2017,16:00:00,17.094
7/3/2017,17:00:00,17.284
7/3/2017,18:00:00,17.284
7/3/2017,19:00:00,16.999
7/3/2017,20:00:00,16.808
7/3/2017,21:00:00,16.618
7/3/2017,22:00:00,16.523
7/3/2017,23:00:00,16.332
7/4/2017,0:00:00,16.141
7/4/2017,1:00:00,15.951
7/4/2017,2:00:00,15.76
7/4/2017,3:00:00,15.569
7/4/2017,4:00:00,15.378
7/4/2017,5:00:00,15.282
7/4/2017,6:00:00,15.187
7/4/2017,7:00:00,15.378
7/4/2017,8:00:00,15.855
7/4/2017,9:00:00,16.523
7/4/2017,10:00:00,16.427
7/4/2017,11:00:00,16.237
7/4/2017,12:00:00,16.808
7/4/2017,13:00:00,17.475
7/4/2017,14:00:00,18.045
7/4/2017,15:00:00,18.616
7/4/2017,16:00:00,18.711
7/4/2017,17:00:00,19.092
7/4/2017,18:00:00,18.616
7/4/2017,19:00:00,18.426
7/4/2017,20:00:00,18.14
7/4/2017,21:00:00,17.95
7/4/2017,22:00:00,17.665
7/4/2017,23:00:00,17.665
7/5/2017,0:00:00,17.379
7/5/2017,1:00:00,17.189
7/5/2017,2:00:00,16.999
7/5/2017,3:00:00,16.808
7/5/2017,4:00:00,16.618
7/5/2017,5:00:00,16.427
7/5/2017,6:00:00,16.427
7/5/2017,7:00:00,16.237
7/5/2017,8:00:00,16.141
7/5/2017,9:00:00,16.332
7/5/2017,10:00:00,16.427
7/5/2017,11:00:00,16.523
7/5/2017,12:00:00,16.903
7/5/2017,13:00:00,16.808
7/5/2017,14:00:00,17.379
7/5/2017,15:00:00,17.284
7/5/2017,16:00:00,17.57
7/5/2017,17:00:00,17.665
7/5/2017,18:00:00,17.855
7/5/2017,19:00:00,17.855
7/5/2017,20:00:00,17.665
7/5/2017,21:00:00,17.379
7/5/2017,22:00:00,17.284
7/5/2017,23:00:00,17.189
7/6/2017,0:00:00,16.999
7/6/2017,1:00:00,16.903
7/6/2017,2:00:00,16.618
7/6/2017,3:00:00,16.427
7/6/2017,4:00:00,16.332
7/6/2017,5:00:00,16.141
7/6/2017,6:00:00,16.046
7/6/2017,7:00:00,16.427
7/6/2017,8:00:00,16.618
7/6/2017,9:00:00,17.094
7/6/2017,10:00:00,18.426
7/6/2017,11:00:00,18.331
7/6/2017,12:00:00,19.472
7/6/2017,13:00:00,19.282
7/6/2017,14:00:00,19.662
7/6/2017,15:00:00,19.472
7/6/2017,16:00:00,21.187
7/6/2017,17:00:00,20.519
7/6/2017,18:00:00,20.519
7/6/2017,19:00:00,20.234
7/6/2017,20:00:00,20.138
7/6/2017,21:00:00,19.853
7/6/2017,22:00:00,19.472
7/6/2017,23:00:00,19.187
7/7/2017,0:00:00,18.901
7/7/2017,1:00:00,18.616
7/7/2017,2:00:00,18.331
7/7/2017,3:00:00,18.045
7/7/2017,4:00:00,17.76
7/7/2017,5:00:00,17.57
7/7/2017,6:00:00,17.475
7/7/2017,7:00:00,17.379
7/7/2017,8:00:00,17.57
7/7/2017,9:00:00,17.57
7/7/2017,10:00:00,17.665
7/7/2017,11:00:00,17.76
7/7/2017,12:00:00,18.521
7/7/2017,13:00:00,17.95
7/7/2017,14:00:00,18.236
7/7/2017,15:00:00,18.236
7/7/2017,16:00:00,18.711
7/7/2017,17:00:00,18.996
7/7/2017,18:00:00,18.616
7/7/2017,19:00:00,18.331
7/7/2017,20:00:00,18.14
7/7/2017,21:00:00,17.95
7/7/2017,22:00:00,17.855
7/7/2017,23:00:00,17.665
7/8/2017,0:00:00,17.475
7/8/2017,1:00:00,17.284
7/8/2017,2:00:00,17.189
7/8/2017,3:00:00,16.903
7/8/2017,4:00:00,16.808
7/8/2017,5:00:00,16.618
7/8/2017,6:00:00,16.523
7/8/2017,7:00:00,16.427
7/8/2017,8:00:00,16.427
7/8/2017,9:00:00,16.332
7/8/2017,10:00:00,16.332
7/8/2017,11:00:00,16.332
7/8/2017,12:00:00,16.332
7/8/2017,13:00:00,16.523
7/8/2017,14:00:00,16.618
7/8/2017,15:00:00,16.427
7/8/2017,16:00:00,16.523
7/8/2017,17:00:00,16.618
7/8/2017,18:00:00,16.713
7/8/2017,19:00:00,16.618
7/8/2017,20:00:00,16.427
7/8/2017,21:00:00,16.332
7/8/2017,22:00:00,16.141
7/8/2017,23:00:00,15.951
7/9/2017,0:00:00,15.76
7/9/2017,1:00:00,15.569
7/9/2017,2:00:00,15.282
7/9/2017,3:00:00,15.187
7/9/2017,4:00:00,15.091
7/9/2017,5:00:00,14.996
7/9/2017,6:00:00,14.996
7/9/2017,7:00:00,14.996
7/9/2017,8:00:00,15.664
7/9/2017,9:00:00,16.427
7/9/2017,10:00:00,17.284
7/9/2017,11:00:00,17.379
7/9/2017,12:00:00,18.806
7/9/2017,13:00:00,18.996
7/9/2017,14:00:00,19.567
7/9/2017,15:00:00,19.948
7/9/2017,16:00:00,20.901
7/9/2017,17:00:00,21.569
7/9/2017,18:00:00,20.996
7/9/2017,19:00:00,20.71
7/9/2017,20:00:00,19.758
7/9/2017,21:00:00,19.282
7/9/2017,22:00:00,18.806
7/9/2017,23:00:00,18.616
7/10/2017,0:00:00,18.331
7/10/2017,1:00:00,17.95
7/10/2017,2:00:00,17.76
7/10/2017,3:00:00,17.379
7/10/2017,4:00:00,17.094
7/10/2017,5:00:00,16.999
7/10/2017,6:00:00,16.713
7/10/2017,7:00:00,16.808
7/10/2017,8:00:00,16.808
7/10/2017,9:00:00,17.284
7/10/2017,10:00:00,17.855
7/10/2017,11:00:00,18.616
7/10/2017,12:00:00,19.662
7/10/2017,13:00:00,19.472
7/10/2017,14:00:00,20.424
7/10/2017,15:00:00,20.329
7/10/2017,16:00:00,21.664
7/10/2017,17:00:00,21.951
7/10/2017,18:00:00,21.091
7/10/2017,19:00:00,22.142
7/10/2017,20:00:00,21.569
7/10/2017,21:00:00,20.805
7/10/2017,22:00:00,20.424
7/10/2017,23:00:00,19.948
7/11/2017,0:00:00,19.472
7/11/2017,1:00:00,19.187
7/11/2017,2:00:00,18.616
7/11/2017,3:00:00,18.331
7/11/2017,4:00:00,17.95
7/11/2017,5:00:00,17.76
7/11/2017,6:00:00,17.76
7/11/2017,7:00:00,17.665
7/11/2017,8:00:00,17.57
7/11/2017,9:00:00,17.665
7/11/2017,10:00:00,17.855
7/11/2017,11:00:00,17.665
7/11/2017,12:00:00,17.76
7/11/2017,13:00:00,17.95
7/11/2017,14:00:00,17.665
7/11/2017,15:00:00,17.95
7/11/2017,16:00:00,17.665
7/11/2017,17:00:00,17.475
7/11/2017,18:00:00,17.475
7/11/2017,19:00:00,17.284
7/11/2017,20:00:00,17.284
7/11/2017,21:00:00,17.094
7/11/2017,22:00:00,16.903
7/11/2017,23:00:00,16.713
7/12/2017,0:00:00,16.523
7/12/2017,1:00:00,16.332
7/12/2017,2:00:00,16.237
7/12/2017,3:00:00,15.951
7/12/2017,4:00:00,15.951
7/12/2017,5:00:00,15.76
7/12/2017,6:00:00,15.855
7/12/2017,7:00:00,16.046
7/12/2017,8:00:00,16.523
7/12/2017,9:00:00,17.189
7/12/2017,10:00:00,17.95
7/12/2017,11:00:00,19.187
7/12/2017,12:00:00,20.043
7/12/2017,13:00:00,21.473
7/12/2017,14:00:00,22.333
7/12/2017,15:00:00,23.292
7/12/2017,16:00:00,23.388
7/12/2017,17:00:00,23.1
7/12/2017,18:00:00,23.581
7/12/2017,19:00:00,23.1
7/12/2017,20:00:00,22.908
7/12/2017,21:00:00,22.238
7/12/2017,22:00:00,21.855
7/12/2017,23:00:00,21.282
7/13/2017,0:00:00,20.901
7/13/2017,1:00:00,20.519
7/13/2017,2:00:00,20.234
7/13/2017,3:00:00,19.758
7/13/2017,4:00:00,19.377
7/13/2017,5:00:00,19.187
7/13/2017,6:00:00,19.092
7/13/2017,7:00:00,18.901
7/13/2017,8:00:00,19.282
7/13/2017,9:00:00,19.377
7/13/2017,10:00:00,19.377
7/13/2017,11:00:00,20.615
7/13/2017,12:00:00,21.664
7/13/2017,13:00:00,21.282
7/13/2017,14:00:00,21.76
7/13/2017,15:00:00,22.238
7/13/2017,16:00:00,22.046
7/13/2017,17:00:00,22.333
7/13/2017,18:00:00,22.525
7/13/2017,19:00:00,22.238
7/13/2017,20:00:00,21.951
7/13/2017,21:00:00,21.569
7/13/2017,22:00:00,20.996
7/13/2017,23:00:00,20.519
7/14/2017,0:00:00,20.138
7/14/2017,1:00:00,19.853
7/14/2017,2:00:00,19.377
7/14/2017,3:00:00,19.187
7/14/2017,4:00:00,18.996
7/14/2017,5:00:00,18.901
7/14/2017,6:00:00,18.806
7/14/2017,7:00:00,18.806
7/14/2017,8:00:00,19.187
7/14/2017,9:00:00,19.377
7/14/2017,10:00:00,19.567
7/14/2017,11:00:00,19.853
7/14/2017,12:00:00,19.758
7/14/2017,13:00:00,19.567
7/14/2017,14:00:00,20.138
7/14/2017,15:00:00,20.234
7/14/2017,16:00:00,19.567
7/14/2017,17:00:00,19.758
7/14/2017,18:00:00,19.758
7/14/2017,19:00:00,19.472
7/14/2017,20:00:00,19.472
7/14/2017,21:00:00,19.187
7/14/2017,22:00:00,18.901
7/14/2017,23:00:00,18.711
7/15/2017,0:00:00,18.616
7/15/2017,1:00:00,18.426
7/15/2017,2:00:00,18.14
7/15/2017,3:00:00,17.95
7/15/2017,4:00:00,17.76
7/15/2017,5:00:00,17.665
7/15/2017,6:00:00,17.57
7/15/2017,7:00:00,17.379
7/15/2017,8:00:00,17.475
7/15/2017,9:00:00,17.57
7/15/2017,10:00:00,18.331
7/15/2017,11:00:00,18.426
7/15/2017,12:00:00,18.616
7/15/2017,13:00:00,18.616
7/15/2017,14:00:00,18.806
7/15/2017,15:00:00,18.616
7/15/2017,16:00:00,18.901
7/15/2017,17:00:00,18.806
7/15/2017,18:00:00,18.521
7/15/2017,19:00:00,18.331
7/15/2017,20:00:00,18.14
7/15/2017,21:00:00,17.95
7/15/2017,22:00:00,17.76
7/15/2017,23:00:00,17.57
7/16/2017,0:00:00,17.379
7/16/2017,1:00:00,17.284
7/16/2017,2:00:00,17.094
7/16/2017,3:00:00,16.903
7/16/2017,4:00:00,16.808
7/16/2017,5:00:00,16.713
7/16/2017,6:00:00,16.618
7/16/2017,7:00:00,16.618
7/16/2017,8:00:00,16.618
7/16/2017,9:00:00,16.808
7/16/2017,10:00:00,17.475
7/16/2017,11:00:00,17.475
7/16/2017,12:00:00,17.57
7/16/2017,13:00:00,17.76
7/16/2017,14:00:00,17.76
7/16/2017,15:00:00,17.76
7/16/2017,16:00:00,17.855
7/16/2017,17:00:00,18.045
7/16/2017,18:00:00,17.95
7/16/2017,19:00:00,17.855
7/16/2017,20:00:00,17.76
7/16/2017,21:00:00,17.57
7/16/2017,22:00:00,17.284
7/16/2017,23:00:00,17.189
7/17/2017,0:00:00,17.094
7/17/2017,1:00:00,16.903
7/17/2017,2:00:00,16.713
7/17/2017,3:00:00,16.618
7/17/2017,4:00:00,16.427
7/17/2017,5:00:00,16.332
7/17/2017,6:00:00,16.237
7/17/2017,7:00:00,16.237
7/17/2017,8:00:00,16.332
7/17/2017,9:00:00,16.618
7/17/2017,10:00:00,16.999
7/17/2017,11:00:00,18.14
7/17/2017,12:00:00,18.045
7/17/2017,13:00:00,18.14
7/17/2017,14:00:00,18.806
7/17/2017,15:00:00,18.521
7/17/2017,16:00:00,18.331
7/17/2017,17:00:00,18.521
7/17/2017,18:00:00,18.616
7/17/2017,19:00:00,18.331
7/17/2017,20:00:00,18.426
7/17/2017,21:00:00,18.236
7/17/2017,22:00:00,17.95
7/17/2017,23:00:00,17.665
7/18/2017,0:00:00,17.379
7/18/2017,1:00:00,17.189
7/18/2017,2:00:00,17.094
7/18/2017,3:00:00,16.903
7/18/2017,4:00:00,16.713
7/18/2017,5:00:00,16.618
7/18/2017,6:00:00,16.427
7/18/2017,7:00:00,16.332
7/18/2017,8:00:00,16.332
7/18/2017,9:00:00,16.427
7/18/2017,10:00:00,16.618
7/18/2017,11:00:00,16.523
7/18/2017,12:00:00,16.713
7/18/2017,13:00:00,16.713
7/18/2017,14:00:00,16.808
7/18/2017,15:00:00,16.903
7/18/2017,16:00:00,16.808
7/18/2017,17:00:00,16.999
7/18/2017,18:00:00,16.903
7/18/2017,19:00:00,16.523
7/18/2017,20:00:00,16.523
7/18/2017,21:00:00,16.237
7/18/2017,22:00:00,16.046
7/18/2017,23:00:00,16.046
7/19/2017,0:00:00,15.855
7/19/2017,1:00:00,15.76
7/19/2017,2:00:00,15.664
7/19/2017,3:00:00,15.569
7/19/2017,4:00:00,15.378
7/19/2017,5:00:00,15.378
7/19/2017,6:00:00,15.282
7/19/2017,7:00:00,15.187
7/19/2017,8:00:00,15.187
7/19/2017,9:00:00,15.187
7/19/2017,10:00:00,15.282
7/19/2017,11:00:00,15.378
7/19/2017,12:00:00,15.569
7/19/2017,13:00:00,15.855
7/19/2017,14:00:00,15.951
7/19/2017,15:00:00,16.046
7/19/2017,16:00:00,16.046
7/19/2017,17:00:00,15.951
7/19/2017,18:00:00,15.855
7/19/2017,19:00:00,15.855
7/19/2017,20:00:00,15.76
7/19/2017,21:00:00,15.664
7/19/2017,22:00:00,15.569
7/19/2017,23:00:00,15.378
7/20/2017,0:00:00,15.282
7/20/2017,1:00:00,15.187
7/20/2017,2:00:00,15.091
7/20/2017,3:00:00,14.996
7/20/2017,4:00:00,14.9
7/20/2017,5:00:00,14.9
7/20/2017,6:00:00,14.804
7/20/2017,7:00:00,14.804
7/20/2017,8:00:00,14.804
7/20/2017,9:00:00,14.996
7/20/2017,10:00:00,15.664
7/20/2017,11:00:00,16.046
7/20/2017,12:00:00,17.284
7/20/2017,13:00:00,17.379
7/20/2017,14:00:00,18.426
7/20/2017,15:00:00,18.426
7/20/2017,16:00:00,18.711
7/20/2017,17:00:00,18.806
7/20/2017,18:00:00,18.711
7/20/2017,19:00:00,18.521
7/20/2017,20:00:00,18.331
7/20/2017,21:00:00,18.14
7/20/2017,22:00:00,17.855
7/20/2017,23:00:00,17.665
7/21/2017,0:00:00,17.379
7/21/2017,1:00:00,17.189
7/21/2017,2:00:00,16.903
7/21/2017,3:00:00,16.808
7/21/2017,4:00:00,16.523
7/21/2017,5:00:00,16.427
7/21/2017,6:00:00,16.332
7/21/2017,7:00:00,16.332
7/21/2017,8:00:00,16.523
7/21/2017,9:00:00,17.284
7/21/2017,10:00:00,17.76
7/21/2017,11:00:00,18.996
7/21/2017,12:00:00,19.948
7/21/2017,13:00:00,20.615
7/21/2017,14:00:00,21.187
7/21/2017,15:00:00,20.519
7/21/2017,16:00:00,20.519
7/21/2017,17:00:00,20.329
7/21/2017,18:00:00,20.234
7/21/2017,19:00:00,20.138
7/21/2017,20:00:00,19.758
7/21/2017,21:00:00,19.472
7/21/2017,22:00:00,19.377
7/21/2017,23:00:00,19.092
7/22/2017,0:00:00,18.806
7/22/2017,1:00:00,18.521
7/22/2017,2:00:00,18.236
7/22/2017,3:00:00,18.14
7/22/2017,4:00:00,17.76
7/22/2017,5:00:00,17.475
7/22/2017,6:00:00,17.475
7/22/2017,7:00:00,17.475
7/22/2017,8:00:00,17.76
7/22/2017,9:00:00,18.521
7/22/2017,10:00:00,19.758
7/22/2017,11:00:00,20.71
7/22/2017,12:00:00,22.046
7/22/2017,13:00:00,23.004
7/22/2017,14:00:00,24.062
7/22/2017,15:00:00,24.738
7/22/2017,16:00:00,25.416
7/22/2017,17:00:00,25.61
7/22/2017,18:00:00,25.125
7/22/2017,19:00:00,24.448
7/22/2017,20:00:00,23.869
7/22/2017,21:00:00,23.292
7/22/2017,22:00:00,22.812
7/22/2017,23:00:00,22.238
7/23/2017,0:00:00,21.76
7/23/2017,1:00:00,20.996
7/23/2017,2:00:00,20.615
7/23/2017,3:00:00,20.329
7/23/2017,4:00:00,20.138
7/23/2017,5:00:00,19.853
7/23/2017,6:00:00,19.662
7/23/2017,7:00:00,19.662
7/23/2017,8:00:00,19.662
7/23/2017,9:00:00,19.758
7/23/2017,10:00:00,19.758
7/23/2017,11:00:00,20.043
7/23/2017,12:00:00,19.948
7/23/2017,13:00:00,20.424
7/23/2017,14:00:00,20.519
7/23/2017,15:00:00,21.091
7/23/2017,16:00:00,21.091
7/23/2017,17:00:00,20.901
7/23/2017,18:00:00,20.996
7/23/2017,19:00:00,20.805
7/23/2017,20:00:00,20.615
7/23/2017,21:00:00,20.329
7/23/2017,22:00:00,20.043
7/23/2017,23:00:00,19.567
7/24/2017,0:00:00,19.567
7/24/2017,1:00:00,19.187
7/24/2017,2:00:00,18.996
7/24/2017,3:00:00,18.901
7/24/2017,4:00:00,18.711
7/24/2017,5:00:00,18.521
7/24/2017,6:00:00,18.426
7/24/2017,7:00:00,18.236
7/24/2017,8:00:00,18.045
7/24/2017,9:00:00,18.236
7/24/2017,10:00:00,18.521
7/24/2017,11:00:00,19.187
7/24/2017,12:00:00,21.091
7/24/2017,13:00:00,19.758
7/24/2017,14:00:00,19.853
7/24/2017,15:00:00,19.853
7/24/2017,16:00:00,19.758
7/24/2017,17:00:00,20.329
7/24/2017,18:00:00,20.138
7/24/2017,19:00:00,20.138
7/24/2017,20:00:00,19.567
7/24/2017,21:00:00,19.472
7/24/2017,22:00:00,19.282
7/24/2017,23:00:00,19.092
7/25/2017,0:00:00,18.616
7/25/2017,1:00:00,18.236
7/25/2017,2:00:00,18.045
7/25/2017,3:00:00,17.95
7/25/2017,4:00:00,17.76
7/25/2017,5:00:00,17.665
7/25/2017,6:00:00,17.57
7/25/2017,7:00:00,17.475
7/25/2017,8:00:00,17.475
7/25/2017,9:00:00,17.57
7/25/2017,10:00:00,17.76
7/25/2017,11:00:00,17.95
7/25/2017,12:00:00,18.236
7/25/2017,13:00:00,18.521
7/25/2017,14:00:00,18.616
7/25/2017,15:00:00,18.521
7/25/2017,16:00:00,18.806
7/25/2017,17:00:00,18.806
7/25/2017,18:00:00,18.711
7/25/2017,19:00:00,18.521
7/25/2017,20:00:00,18.236
7/25/2017,21:00:00,18.045
7/25/2017,22:00:00,17.95
7/25/2017,23:00:00,17.475
7/26/2017,0:00:00,17.189
7/26/2017,1:00:00,17.094
7/26/2017,2:00:00,16.903
7/26/2017,3:00:00,16.808
7/26/2017,4:00:00,16.618
7/26/2017,5:00:00,16.427
7/26/2017,6:00:00,16.332
7/26/2017,7:00:00,16.332
7/26/2017,8:00:00,16.332
7/26/2017,9:00:00,16.903
7/26/2017,10:00:00,17.189
7/26/2017,11:00:00,18.045
7/26/2017,12:00:00,18.14
7/26/2017,13:00:00,18.426
7/26/2017,14:00:00,18.996
7/26/2017,15:00:00,19.853
7/26/2017,16:00:00,20.043
7/26/2017,17:00:00,20.329
7/26/2017,18:00:00,20.234
7/26/2017,19:00:00,19.853
7/26/2017,20:00:00,19.282
7/26/2017,21:00:00,18.996
7/26/2017,22:00:00,18.616
7/26/2017,23:00:00,18.331
7/27/2017,0:00:00,18.045
7/27/2017,1:00:00,17.855
7/27/2017,2:00:00,17.475
7/27/2017,3:00:00,17.379
7/27/2017,4:00:00,17.189
7/27/2017,5:00:00,16.999
7/27/2017,6:00:00,16.808
7/27/2017,7:00:00,16.618
7/27/2017,8:00:00,16.713
7/27/2017,9:00:00,16.713
7/27/2017,10:00:00,16.808
7/27/2017,11:00:00,16.999
7/27/2017,12:00:00,17.189
7/27/2017,13:00:00,17.57
7/27/2017,14:00:00,17.284
7/27/2017,15:00:00,17.284
7/27/2017,16:00:00,17.379
7/27/2017,17:00:00,17.189
7/27/2017,18:00:00,17.094
7/27/2017,19:00:00,17.189
7/27/2017,20:00:00,16.999
7/27/2017,21:00:00,16.808
7/27/2017,22:00:00,16.618
7/27/2017,23:00:00,16.427
7/28/2017,0:00:00,16.237
7/28/2017,1:00:00,16.141
7/28/2017,2:00:00,16.046
7/28/2017,3:00:00,15.951
7/28/2017,4:00:00,15.76
7/28/2017,5:00:00,15.664
7/28/2017,6:00:00,15.569
7/28/2017,7:00:00,15.569
7/28/2017,8:00:00,15.569
7/28/2017,9:00:00,15.569
7/28/2017,10:00:00,15.664
7/28/2017,11:00:00,16.332
7/28/2017,12:00:00,16.523
7/28/2017,13:00:00,17.665
7/28/2017,14:00:00,17.855
7/28/2017,15:00:00,17.665
7/28/2017,16:00:00,18.045
7/28/2017,17:00:00,17.76
7/28/2017,18:00:00,17.95
7/28/2017,19:00:00,17.855
7/28/2017,20:00:00,17.57
7/28/2017,21:00:00,17.284
7/28/2017,22:00:00,16.999
7/28/2017,23:00:00,16.713
7/29/2017,0:00:00,16.523
7/29/2017,1:00:00,16.332
7/29/2017,2:00:00,16.141
7/29/2017,3:00:00,15.855
7/29/2017,4:00:00,15.855
7/29/2017,5:00:00,15.664
7/29/2017,6:00:00,15.569
7/29/2017,7:00:00,15.664
7/29/2017,8:00:00,15.76
7/29/2017,9:00:00,16.046
7/29/2017,10:00:00,16.427
7/29/2017,11:00:00,17.284
7/29/2017,12:00:00,17.855
7/29/2017,13:00:00,18.901
7/29/2017,14:00:00,19.472
7/29/2017,15:00:00,20.424
7/29/2017,16:00:00,20.138
7/29/2017,17:00:00,20.615
7/29/2017,18:00:00,20.805
7/29/2017,19:00:00,20.71
7/29/2017,20:00:00,20.043
7/29/2017,21:00:00,19.853
7/29/2017,22:00:00,19.567
7/29/2017,23:00:00,19.282
7/30/2017,0:00:00,18.996
7/30/2017,1:00:00,18.426
7/30/2017,2:00:00,18.14
7/30/2017,3:00:00,17.95
7/30/2017,4:00:00,17.665
7/30/2017,5:00:00,17.475
7/30/2017,6:00:00,17.379
7/30/2017,7:00:00,17.379
7/30/2017,8:00:00,17.95
7/30/2017,9:00:00,18.045
7/30/2017,10:00:00,19.472
7/30/2017,11:00:00,20.138
7/30/2017,12:00:00,21.282
7/30/2017,13:00:00,21.855
7/30/2017,14:00:00,21.855
7/30/2017,15:00:00,21.855
7/30/2017,16:00:00,23.677
7/30/2017,17:00:00,23.677
7/30/2017,18:00:00,23.388
7/30/2017,19:00:00,22.429
7/30/2017,20:00:00,21.951
7/30/2017,21:00:00,21.378
7/30/2017,22:00:00,20.901
7/30/2017,23:00:00,20.329
7/31/2017,0:00:00,19.948
7/31/2017,1:00:00,19.567
7/31/2017,2:00:00,19.187
7/31/2017,3:00:00,18.711
7/31/2017,4:00:00,18.426
7/31/2017,5:00:00,18.14
7/31/2017,6:00:00,17.855
7/31/2017,7:00:00,17.855
7/31/2017,8:00:00,17.95
7/31/2017,9:00:00,18.14
7/31/2017,10:00:00,18.426
7/31/2017,11:00:00,19.758
7/31/2017,12:00:00,20.234
7/31/2017,13:00:00,20.138
7/31/2017,14:00:00,20.043
7/31/2017,15:00:00,19.187
7/31/2017,16:00:00,19.472
7/31/2017,17:00:00,19.377
7/31/2017,18:00:00,18.901
7/31/2017,19:00:00,18.996
7/31/2017,20:00:00,18.711
7/31/2017,21:00:00,18.521
7/31/2017,22:00:00,18.236
7/31/2017,23:00:00,18.045
8/1/2017,0:00:00,17.855
8/1/2017,1:00:00,17.665
8/1/2017,2:00:00,17.475
8/1/2017,3:00:00,17.284
8/1/2017,4:00:00,17.094
8/1/2017,5:00:00,16.903
8/1/2017,6:00:00,16.808
8/1/2017,7:00:00,16.808
8/1/2017,8:00:00,17.189
8/1/2017,9:00:00,17.189
8/1/2017,10:00:00,16.999
8/1/2017,11:00:00,17.475
8/1/2017,12:00:00,19.948
8/1/2017,13:00:00,19.662
8/1/2017,14:00:00,19.472
8/1/2017,15:00:00,19.472
8/1/2017,16:00:00,19.187
8/1/2017,17:00:00,18.996
8/1/2017,18:00:00,18.806
8/1/2017,19:00:00,18.426
8/1/2017,20:00:00,18.14
8/1/2017,21:00:00,17.95
8/1/2017,22:00:00,17.76
8/1/2017,23:00:00,17.57
8/2/2017,0:00:00,17.379
8/2/2017,1:00:00,17.189
8/2/2017,2:00:00,17.094
8/2/2017,3:00:00,16.999
8/2/2017,4:00:00,16.808
8/2/2017,5:00:00,16.618
8/2/2017,6:00:00,16.523
8/2/2017,7:00:00,16.427
8/2/2017,8:00:00,16.427
8/2/2017,9:00:00,16.427
8/2/2017,10:00:00,16.523
8/2/2017,11:00:00,16.808
8/2/2017,12:00:00,16.808
8/2/2017,13:00:00,16.999
8/2/2017,14:00:00,17.189
8/2/2017,15:00:00,17.379
8/2/2017,16:00:00,17.57
8/2/2017,17:00:00,17.665
8/2/2017,18:00:00,17.57
8/2/2017,19:00:00,17.475
8/2/2017,20:00:00,17.379
8/2/2017,21:00:00,17.189
8/2/2017,22:00:00,17.094
8/2/2017,23:00:00,16.903
8/3/2017,0:00:00,16.713
8/3/2017,1:00:00,16.523
8/3/2017,2:00:00,16.427
8/3/2017,3:00:00,16.427
8/3/2017,4:00:00,16.237
8/3/2017,5:00:00,16.237
8/3/2017,6:00:00,16.046
8/3/2017,7:00:00,16.141
8/3/2017,8:00:00,16.141
8/3/2017,9:00:00,16.332
8/3/2017,10:00:00,16.618
8/3/2017,11:00:00,16.903
8/3/2017,12:00:00,17.57
8/3/2017,13:00:00,18.806
8/3/2017,14:00:00,20.043
8/3/2017,15:00:00,20.043
8/3/2017,16:00:00,20.329
8/3/2017,17:00:00,20.805
8/3/2017,18:00:00,20.424
8/3/2017,19:00:00,20.043
8/3/2017,20:00:00,19.662
8/3/2017,21:00:00,19.377
8/3/2017,22:00:00,19.092
8/3/2017,23:00:00,18.901
8/4/2017,0:00:00,18.711
8/4/2017,1:00:00,18.426
8/4/2017,2:00:00,18.236
8/4/2017,3:00:00,18.045
8/4/2017,4:00:00,17.855
8/4/2017,5:00:00,17.665
8/4/2017,6:00:00,17.475
8/4/2017,7:00:00,17.284
8/4/2017,8:00:00,17.57
8/4/2017,9:00:00,18.236
8/4/2017,10:00:00,19.092
8/4/2017,11:00:00,20.234
8/4/2017,12:00:00,21.187
8/4/2017,13:00:00,22.429
8/4/2017,14:00:00,23.388
8/4/2017,15:00:00,23.966
8/4/2017,16:00:00,24.255
8/4/2017,17:00:00,24.158
8/4/2017,18:00:00,24.062
8/4/2017,19:00:00,23.773
8/4/2017,20:00:00,23.004
8/4/2017,21:00:00,22.621
8/4/2017,22:00:00,22.142
8/4/2017,23:00:00,21.664
8/5/2017,0:00:00,21.187
8/5/2017,1:00:00,20.805
8/5/2017,2:00:00,20.329
8/5/2017,3:00:00,20.043
8/5/2017,4:00:00,19.662
8/5/2017,5:00:00,19.377
8/5/2017,6:00:00,18.996
8/5/2017,7:00:00,18.996
8/5/2017,8:00:00,19.282
8/5/2017,9:00:00,19.758
8/5/2017,10:00:00,20.615
8/5/2017,11:00:00,21.569
8/5/2017,12:00:00,22.812
8/5/2017,13:00:00,23.484
8/5/2017,14:00:00,24.835
8/5/2017,15:00:00,25.513
8/5/2017,16:00:00,26.585
8/5/2017,17:00:00,26.195
8/5/2017,18:00:00,26.097
8/5/2017,19:00:00,25.61
8/5/2017,20:00:00,24.931
8/5/2017,21:00:00,24.255
8/5/2017,22:00:00,23.484
8/5/2017,23:00:00,22.812
8/6/2017,0:00:00,22.142
8/6/2017,1:00:00,21.664
8/6/2017,2:00:00,21.091
8/6/2017,3:00:00,20.615
8/6/2017,4:00:00,20.234
8/6/2017,5:00:00,19.948
8/6/2017,6:00:00,19.758
8/6/2017,7:00:00,19.472
8/6/2017,8:00:00,19.472
8/6/2017,9:00:00,19.472
8/6/2017,10:00:00,19.472
8/6/2017,11:00:00,19.662
8/6/2017,12:00:00,20.043
8/6/2017,13:00:00,20.71
8/6/2017,14:00:00,21.473
8/6/2017,15:00:00,23.677
8/6/2017,16:00:00,24.255
8/6/2017,17:00:00,24.641
8/6/2017,18:00:00,23.484
8/6/2017,19:00:00,23.484
8/6/2017,20:00:00,23.004
8/6/2017,21:00:00,22.621
8/6/2017,22:00:00,22.238
8/6/2017,23:00:00,21.855
8/7/2017,0:00:00,21.569
8/7/2017,1:00:00,21.187
8/7/2017,2:00:00,20.71
8/7/2017,3:00:00,20.519
8/7/2017,4:00:00,20.329
8/7/2017,5:00:00,20.043
8/7/2017,6:00:00,19.758
8/7/2017,7:00:00,19.567
8/7/2017,8:00:00,19.472
8/7/2017,9:00:00,19.567
8/7/2017,10:00:00,19.662
8/7/2017,11:00:00,19.853
8/7/2017,12:00:00,20.138
8/7/2017,13:00:00,20.424
8/7/2017,14:00:00,20.519
8/7/2017,15:00:00,20.901
8/7/2017,16:00:00,21.282
8/7/2017,17:00:00,21.282
8/7/2017,18:00:00,21.091
8/7/2017,19:00:00,20.805
8/7/2017,20:00:00,20.519
8/7/2017,21:00:00,20.329
8/7/2017,22:00:00,20.043
8/7/2017,23:00:00,19.662
8/8/2017,0:00:00,19.377
8/8/2017,1:00:00,19.282
8/8/2017,2:00:00,18.996
8/8/2017,3:00:00,18.806
8/8/2017,4:00:00,18.616
8/8/2017,5:00:00,18.426
8/8/2017,6:00:00,18.236
8/8/2017,7:00:00,18.14
8/8/2017,8:00:00,18.045
8/8/2017,9:00:00,18.14
8/8/2017,10:00:00,18.521
8/8/2017,11:00:00,19.472
8/8/2017,12:00:00,20.424
8/8/2017,13:00:00,22.046
8/8/2017,14:00:00,22.429
8/8/2017,15:00:00,22.717
8/8/2017,16:00:00,23.773
8/8/2017,17:00:00,23.677
8/8/2017,18:00:00,23.196
8/8/2017,19:00:00,22.717
8/8/2017,20:00:00,22.046
8/8/2017,21:00:00,21.664
8/8/2017,22:00:00,21.282
8/8/2017,23:00:00,20.996
8/9/2017,0:00:00,20.71
8/9/2017,1:00:00,20.234
8/9/2017,2:00:00,19.853
8/9/2017,3:00:00,19.472
8/9/2017,4:00:00,19.187
8/9/2017,5:00:00,18.711
8/9/2017,6:00:00,18.426
8/9/2017,7:00:00,18.14
8/9/2017,8:00:00,18.331
8/9/2017,9:00:00,18.806
8/9/2017,10:00:00,18.806
8/9/2017,11:00:00,18.996
8/9/2017,12:00:00,18.901
8/9/2017,13:00:00,19.282
8/9/2017,14:00:00,19.853
8/9/2017,15:00:00,21.378
8/9/2017,16:00:00,20.329
8/9/2017,17:00:00,20.424
8/9/2017,18:00:00,20.234
8/9/2017,19:00:00,19.853
8/9/2017,20:00:00,19.567
8/9/2017,21:00:00,19.377
8/9/2017,22:00:00,18.996
8/9/2017,23:00:00,18.806
8/10/2017,0:00:00,18.616
8/10/2017,1:00:00,18.521
8/10/2017,2:00:00,18.331
8/10/2017,3:00:00,18.045
8/10/2017,4:00:00,17.95
8/10/2017,5:00:00,17.76
8/10/2017,6:00:00,17.665
8/10/2017,7:00:00,17.57
8/10/2017,8:00:00,17.57
8/10/2017,9:00:00,17.665
8/10/2017,10:00:00,17.76
8/10/2017,11:00:00,17.855
8/10/2017,12:00:00,17.855
8/10/2017,13:00:00,17.76
8/10/2017,14:00:00,18.14
8/10/2017,15:00:00,18.045
8/10/2017,16:00:00,18.236
8/10/2017,17:00:00,18.045
8/10/2017,18:00:00,18.045
8/10/2017,19:00:00,18.045
8/10/2017,20:00:00,17.855
8/10/2017,21:00:00,17.665
8/10/2017,22:00:00,17.475
8/10/2017,23:00:00,17.284
8/11/2017,0:00:00,17.189
8/11/2017,1:00:00,16.999
8/11/2017,2:00:00,16.903
8/11/2017,3:00:00,16.903
8/11/2017,4:00:00,16.713
8/11/2017,5:00:00,16.713
8/11/2017,6:00:00,16.618
8/11/2017,7:00:00,16.523
8/11/2017,8:00:00,16.427
8/11/2017,9:00:00,16.332
8/11/2017,10:00:00,16.332
8/11/2017,11:00:00,16.332
8/11/2017,12:00:00,16.141
8/11/2017,13:00:00,16.141
8/11/2017,14:00:00,16.141
8/11/2017,15:00:00,16.141
8/11/2017,16:00:00,16.046
8/11/2017,17:00:00,15.951
8/11/2017,18:00:00,15.951
8/11/2017,19:00:00,15.855
8/11/2017,20:00:00,15.76
8/11/2017,21:00:00,15.664
8/11/2017,22:00:00,15.569
8/11/2017,23:00:00,15.569
8/12/2017,0:00:00,15.473
8/12/2017,1:00:00,15.378
8/12/2017,2:00:00,15.187
8/12/2017,3:00:00,15.187
8/12/2017,4:00:00,15.091
8/12/2017,5:00:00,15.091
8/12/2017,6:00:00,14.996
8/12/2017,7:00:00,14.996
8/12/2017,8:00:00,14.9
8/12/2017,9:00:00,14.9
8/12/2017,10:00:00,14.9
8/12/2017,11:00:00,15.091
8/12/2017,12:00:00,15.091
8/12/2017,13:00:00,15.473
8/12/2017,14:00:00,15.569
8/12/2017,15:00:00,15.569
8/12/2017,16:00:00,15.664
8/12/2017,17:00:00,15.569
8/12/2017,18:00:00,15.473
8/12/2017,19:00:00,15.378
8/12/2017,20:00:00,15.282
8/12/2017,21:00:00,15.187
8/12/2017,22:00:00,14.996
8/12/2017,23:00:00,14.996
8/13/2017,0:00:00,14.9
8/13/2017,1:00:00,14.804
8/13/2017,2:00:00,14.709
8/13/2017,3:00:00,14.613
8/13/2017,4:00:00,14.613
8/13/2017,5:00:00,14.517
8/13/2017,6:00:00,14.421
8/13/2017,7:00:00,14.421
8/13/2017,8:00:00,14.517
8/13/2017,9:00:00,14.325
8/13/2017,10:00:00,14.325
8/13/2017,11:00:00,14.996
8/13/2017,12:00:00,16.141
8/13/2017,13:00:00,17.284
8/13/2017,14:00:00,16.713
8/13/2017,15:00:00,16.713
8/13/2017,16:00:00,16.808
8/13/2017,17:00:00,17.189
8/13/2017,18:00:00,16.999
8/13/2017,19:00:00,16.808
8/13/2017,20:00:00,16.427
8/13/2017,21:00:00,16.141
8/13/2017,22:00:00,15.76
8/13/2017,23:00:00,15.569
8/14/2017,0:00:00,15.282
8/14/2017,1:00:00,15.091
8/14/2017,2:00:00,14.9
8/14/2017,3:00:00,14.613
8/14/2017,4:00:00,14.421
8/14/2017,5:00:00,14.23
8/14/2017,6:00:00,13.942
8/14/2017,7:00:00,13.846
8/14/2017,8:00:00,13.942
8/14/2017,9:00:00,14.421
8/14/2017,10:00:00,14.9
8/14/2017,11:00:00,15.855
8/14/2017,12:00:00,16.808
8/14/2017,13:00:00,18.14
8/14/2017,14:00:00,17.379
8/14/2017,15:00:00,17.57
8/14/2017,16:00:00,18.806
8/14/2017,17:00:00,19.377
8/14/2017,18:00:00,19.377
8/14/2017,19:00:00,18.616
8/14/2017,20:00:00,18.616
8/14/2017,21:00:00,18.236
8/14/2017,22:00:00,17.855
8/14/2017,23:00:00,17.379
8/15/2017,0:00:00,17.094
8/15/2017,1:00:00,16.618
8/15/2017,2:00:00,16.237
8/15/2017,3:00:00,15.855
8/15/2017,4:00:00,15.569
8/15/2017,5:00:00,15.282
8/15/2017,6:00:00,14.996
8/15/2017,7:00:00,14.804
8/15/2017,8:00:00,14.996
8/15/2017,9:00:00,15.378
8/15/2017,10:00:00,16.141
8/15/2017,11:00:00,17.094
8/15/2017,12:00:00,18.045
8/15/2017,13:00:00,18.996
8/15/2017,14:00:00,19.662
8/15/2017,15:00:00,20.138
8/15/2017,16:00:00,20.329
8/15/2017,17:00:00,20.519
8/15/2017,18:00:00,19.948
8/15/2017,19:00:00,19.472
8/15/2017,20:00:00,18.901
8/15/2017,21:00:00,18.426
8/15/2017,22:00:00,18.045
8/15/2017,23:00:00,17.76
8/16/2017,0:00:00,17.379
8/16/2017,1:00:00,16.999
8/16/2017,2:00:00,16.618
8/16/2017,3:00:00,16.427
8/16/2017,4:00:00,16.141
8/16/2017,5:00:00,15.76
8/16/2017,6:00:00,15.569
8/16/2017,7:00:00,15.282
8/16/2017,8:00:00,15.664
8/16/2017,9:00:00,15.378
8/16/2017,10:00:00,15.282
8/16/2017,11:00:00,15.282
8/16/2017,12:00:00,15.091
8/16/2017,13:00:00,14.9
8/16/2017,14:00:00,14.804
8/16/2017,15:00:00,14.709
8/16/2017,16:00:00,14.613
8/16/2017,17:00:00,14.613
8/16/2017,18:00:00,14.421
8/16/2017,19:00:00,14.709
8/16/2017,20:00:00,14.325
8/16/2017,21:00:00,14.23
8/16/2017,22:00:00,14.038
8/16/2017,23:00:00,13.942
8/17/2017,0:00:00,13.75
8/17/2017,1:00:00,13.654
8/17/2017,2:00:00,13.558
8/17/2017,3:00:00,13.461
8/17/2017,4:00:00,13.269
8/17/2017,5:00:00,13.173
8/17/2017,6:00:00,12.98
8/17/2017,7:00:00,12.883
8/17/2017,8:00:00,12.883
8/17/2017,9:00:00,12.883
8/17/2017,10:00:00,13.076
8/17/2017,11:00:00,13.365
8/17/2017,12:00:00,13.75
8/17/2017,13:00:00,14.23
8/17/2017,14:00:00,15.282
8/17/2017,15:00:00,14.517
8/17/2017,16:00:00,14.804
8/17/2017,17:00:00,15.569
8/17/2017,18:00:00,15.187
8/17/2017,19:00:00,14.996
8/17/2017,20:00:00,14.9
8/17/2017,21:00:00,14.709
8/17/2017,22:00:00,14.421
8/17/2017,23:00:00,14.325
8/18/2017,0:00:00,14.134
8/18/2017,1:00:00,13.846
8/18/2017,2:00:00,13.75
8/18/2017,3:00:00,13.654
8/18/2017,4:00:00,13.461
8/18/2017,5:00:00,13.365
8/18/2017,6:00:00,13.269
8/18/2017,7:00:00,13.269
8/18/2017,8:00:00,13.365
8/18/2017,9:00:00,13.654
8/18/2017,10:00:00,14.421
8/18/2017,11:00:00,14.709
8/18/2017,12:00:00,15.855
8/18/2017,13:00:00,15.473
8/18/2017,14:00:00,15.76
8/18/2017,15:00:00,15.76
8/18/2017,16:00:00,15.951
8/18/2017,17:00:00,15.569
8/18/2017,18:00:00,15.378
8/18/2017,19:00:00,15.187
8/18/2017,20:00:00,14.9
8/18/2017,21:00:00,14.709
8/18/2017,22:00:00,14.517
8/18/2017,23:00:00,14.325
8/19/2017,0:00:00,14.134
8/19/2017,1:00:00,13.942
8/19/2017,2:00:00,13.75
8/19/2017,3:00:00,13.558
8/19/2017,4:00:00,13.461
8/19/2017,5:00:00,13.365
8/19/2017,6:00:00,13.269
8/19/2017,7:00:00,13.173
8/19/2017,8:00:00,13.269
8/19/2017,9:00:00,13.365
8/19/2017,10:00:00,13.654
8/19/2017,11:00:00,13.942
8/19/2017,12:00:00,14.23
8/19/2017,13:00:00,15.187
8/19/2017,14:00:00,16.999
8/19/2017,15:00:00,16.237
8/19/2017,16:00:00,16.141
8/19/2017,17:00:00,16.046
8/19/2017,18:00:00,15.855
8/19/2017,19:00:00,15.76
8/19/2017,20:00:00,15.664
8/19/2017,21:00:00,15.378
8/19/2017,22:00:00,15.187
8/19/2017,23:00:00,15.091
8/20/2017,0:00:00,14.9
8/20/2017,1:00:00,14.709
8/20/2017,2:00:00,14.517
8/20/2017,3:00:00,14.421
8/20/2017,4:00:00,14.23
8/20/2017,5:00:00,14.134
8/20/2017,6:00:00,14.038
8/20/2017,7:00:00,13.846
8/20/2017,8:00:00,13.846
8/20/2017,9:00:00,13.846
8/20/2017,10:00:00,13.75
8/20/2017,11:00:00,13.75
8/20/2017,12:00:00,13.75
8/20/2017,13:00:00,13.846
8/20/2017,14:00:00,13.942
8/20/2017,15:00:00,13.942
8/20/2017,16:00:00,14.038
8/20/2017,17:00:00,14.134
8/20/2017,18:00:00,14.038
8/20/2017,19:00:00,13.942
8/20/2017,20:00:00,13.846
8/20/2017,21:00:00,13.75
8/20/2017,22:00:00,13.654
8/20/2017,23:00:00,13.558
8/21/2017,0:00:00,13.558
8/21/2017,1:00:00,13.461
8/21/2017,2:00:00,13.461
8/21/2017,3:00:00,13.365
8/21/2017,4:00:00,13.365
8/21/2017,5:00:00,13.269
8/21/2017,6:00:00,13.269
8/21/2017,7:00:00,13.173
8/21/2017,8:00:00,13.173
8/21/2017,9:00:00,13.173
8/21/2017,10:00:00,13.269
8/21/2017,11:00:00,13.365
8/21/2017,12:00:00,13.365
8/21/2017,13:00:00,13.365
8/21/2017,14:00:00,13.461
8/21/2017,15:00:00,13.942
8/21/2017,16:00:00,13.846
8/21/2017,17:00:00,13.942
8/21/2017,18:00:00,14.134
8/21/2017,19:00:00,14.134
8/21/2017,20:00:00,13.942
8/21/2017,21:00:00,13.942
8/21/2017,22:00:00,13.846
8/21/2017,23:00:00,13.75
8/22/2017,0:00:00,13.654
8/22/2017,1:00:00,13.558
8/22/2017,2:00:00,13.461
8/22/2017,3:00:00,13.461
8/22/2017,4:00:00,13.365
8/22/2017,5:00:00,13.269
8/22/2017,6:00:00,13.269
8/22/2017,7:00:00,13.269
8/22/2017,8:00:00,13.365
8/22/2017,9:00:00,13.461
8/22/2017,10:00:00,13.558
8/22/2017,11:00:00,14.23
8/22/2017,12:00:00,14.613
8/22/2017,13:00:00,15.091
8/22/2017,14:00:00,15.855
8/22/2017,15:00:00,16.046
8/22/2017,16:00:00,17.665
8/22/2017,17:00:00,17.665
8/22/2017,18:00:00,17.57
8/22/2017,19:00:00,17.475
8/22/2017,20:00:00,17.284
8/22/2017,21:00:00,16.999
8/22/2017,22:00:00,16.713
8/22/2017,23:00:00,16.523
8/23/2017,0:00:00,16.427
8/23/2017,1:00:00,16.332
8/23/2017,2:00:00,16.141
8/23/2017,3:00:00,16.046
8/23/2017,4:00:00,15.855
8/23/2017,5:00:00,15.664
8/23/2017,6:00:00,15.569
8/23/2017,7:00:00,15.378
8/23/2017,8:00:00,15.473
8/23/2017,9:00:00,15.664
8/23/2017,10:00:00,15.76
8/23/2017,11:00:00,16.046
8/23/2017,12:00:00,16.523
8/23/2017,13:00:00,16.713
8/23/2017,14:00:00,16.808
8/23/2017,15:00:00,16.808
8/23/2017,16:00:00,16.808
8/23/2017,17:00:00,16.903
8/23/2017,18:00:00,16.618
8/23/2017,19:00:00,16.332
8/23/2017,20:00:00,16.141
8/23/2017,21:00:00,15.855
8/23/2017,22:00:00,15.76
8/23/2017,23:00:00,15.569
8/24/2017,0:00:00,15.378
8/24/2017,1:00:00,15.187
8/24/2017,2:00:00,14.996
8/24/2017,3:00:00,14.9
8/24/2017,4:00:00,14.709
8/24/2017,5:00:00,14.517
8/24/2017,6:00:00,14.421
8/24/2017,7:00:00,14.325
8/24/2017,8:00:00,14.134
8/24/2017,9:00:00,14.134
8/24/2017,10:00:00,14.134
8/24/2017,11:00:00,14.134
8/24/2017,12:00:00,14.134
8/24/2017,13:00:00,14.134
8/24/2017,14:00:00,14.325
8/24/2017,15:00:00,14.134
8/24/2017,16:00:00,14.325
8/24/2017,17:00:00,14.134
8/24/2017,18:00:00,14.038
8/24/2017,19:00:00,13.846
8/24/2017,20:00:00,13.75
8/24/2017,21:00:00,13.558
8/24/2017,22:00:00,13.365
8/24/2017,23:00:00,13.269
8/25/2017,0:00:00,13.173
8/25/2017,1:00:00,12.98
8/25/2017,2:00:00,12.883
8/25/2017,3:00:00,12.787
8/25/2017,4:00:00,12.69
8/25/2017,5:00:00,12.69
8/25/2017,6:00:00,12.594
8/25/2017,7:00:00,12.594
8/25/2017,8:00:00,12.594
8/25/2017,9:00:00,12.594
8/25/2017,10:00:00,12.594
8/25/2017,11:00:00,12.594
8/25/2017,12:00:00,12.69
8/25/2017,13:00:00,12.69
8/25/2017,14:00:00,12.883
8/25/2017,15:00:00,12.98
8/25/2017,16:00:00,13.076
8/25/2017,17:00:00,13.173
8/25/2017,18:00:00,13.076
8/25/2017,19:00:00,13.076
8/25/2017,20:00:00,12.98
8/25/2017,21:00:00,12.787
8/25/2017,22:00:00,12.69
8/25/2017,23:00:00,12.69
8/26/2017,0:00:00,12.594
8/26/2017,1:00:00,12.594
8/26/2017,2:00:00,12.497
8/26/2017,3:00:00,12.401
8/26/2017,4:00:00,12.401
8/26/2017,5:00:00,12.401
8/26/2017,6:00:00,12.304
8/26/2017,7:00:00,12.207
8/26/2017,8:00:00,12.207
8/26/2017,9:00:00,12.304
8/26/2017,10:00:00,12.594
8/26/2017,11:00:00,12.883
8/26/2017,12:00:00,13.076
8/26/2017,13:00:00,13.365
8/26/2017,14:00:00,14.134
8/26/2017,15:00:00,14.134
8/26/2017,16:00:00,14.9
8/26/2017,17:00:00,14.996
8/26/2017,18:00:00,14.613
8/26/2017,19:00:00,14.517
8/26/2017,20:00:00,14.325
8/26/2017,21:00:00,14.038
8/26/2017,22:00:00,13.942
8/26/2017,23:00:00,13.846
8/27/2017,0:00:00,13.75
8/27/2017,1:00:00,13.558
8/27/2017,2:00:00,13.461
8/27/2017,3:00:00,13.365
8/27/2017,4:00:00,13.269
8/27/2017,5:00:00,13.173
8/27/2017,6:00:00,13.076
8/27/2017,7:00:00,12.98
8/27/2017,8:00:00,12.98
8/27/2017,9:00:00,12.883
8/27/2017,10:00:00,13.076
8/27/2017,11:00:00,13.076
8/27/2017,12:00:00,13.076
8/27/2017,13:00:00,13.076
8/27/2017,14:00:00,13.365
8/27/2017,15:00:00,13.173
8/27/2017,16:00:00,13.365
8/27/2017,17:00:00,13.461
8/27/2017,18:00:00,13.365
8/27/2017,19:00:00,13.461
8/27/2017,20:00:00,13.269
8/27/2017,21:00:00,13.173
8/27/2017,22:00:00,12.98
8/27/2017,23:00:00,12.883
8/28/2017,0:00:00,12.787
8/28/2017,1:00:00,12.69
8/28/2017,2:00:00,12.594
8/28/2017,3:00:00,12.594
8/28/2017,4:00:00,12.497
8/28/2017,5:00:00,12.401
8/28/2017,6:00:00,12.304
8/28/2017,7:00:00,12.207
8/28/2017,8:00:00,12.207
8/28/2017,9:00:00,12.401
8/28/2017,10:00:00,12.69
8/28/2017,11:00:00,13.654
8/28/2017,12:00:00,14.325
8/28/2017,13:00:00,14.517
8/28/2017,14:00:00,14.421
8/28/2017,15:00:00,14.134
8/28/2017,16:00:00,13.942
8/28/2017,17:00:00,13.75
8/28/2017,18:00:00,13.654
8/28/2017,19:00:00,13.461
8/28/2017,20:00:00,13.365
8/28/2017,21:00:00,13.076
8/28/2017,22:00:00,12.883
8/28/2017,23:00:00,12.69
8/29/2017,0:00:00,12.594
8/29/2017,1:00:00,12.594
8/29/2017,2:00:00,12.497
8/29/2017,3:00:00,12.497
8/29/2017,4:00:00,12.497
8/29/2017,5:00:00,12.401
8/29/2017,6:00:00,12.401
8/29/2017,7:00:00,12.401
8/29/2017,8:00:00,12.401
8/29/2017,9:00:00,12.401
8/29/2017,10:00:00,12.497
8/29/2017,11:00:00,12.497
8/29/2017,12:00:00,12.594
8/29/2017,13:00:00,12.69
8/29/2017,14:00:00,12.69
8/29/2017,15:00:00,12.787
8/29/2017,16:00:00,12.883
8/29/2017,17:00:00,12.883
8/29/2017,18:00:00,12.787
8/29/2017,19:00:00,12.787
8/29/2017,20:00:00,12.787
8/29/2017,21:00:00,12.69
8/29/2017,22:00:00,12.69
8/29/2017,23:00:00,12.69
8/30/2017,0:00:00,12.69
8/30/2017,1:00:00,12.594
8/30/2017,2:00:00,12.497
8/30/2017,3:00:00,12.497
8/30/2017,4:00:00,12.401
8/30/2017,5:00:00,12.304
8/30/2017,6:00:00,12.304
8/30/2017,7:00:00,12.207
8/30/2017,8:00:00,12.207
8/30/2017,9:00:00,12.401
8/30/2017,10:00:00,12.883
8/30/2017,11:00:00,12.98
8/30/2017,12:00:00,13.846
8/30/2017,13:00:00,13.654
8/30/2017,14:00:00,13.942
8/30/2017,15:00:00,13.942
8/30/2017,16:00:00,13.75
8/30/2017,17:00:00,13.654
8/30/2017,18:00:00,13.461
8/30/2017,19:00:00,13.269
8/30/2017,20:00:00,13.076
8/30/2017,21:00:00,12.883
8/30/2017,22:00:00,12.594
8/30/2017,23:00:00,12.401
8/31/2017,0:00:00,12.304
8/31/2017,1:00:00,12.11
8/31/2017,2:00:00,12.013
8/31/2017,3:00:00,11.916
8/31/2017,4:00:00,11.819
8/31/2017,5:00:00,11.722
8/31/2017,6:00:00,11.722
8/31/2017,7:00:00,11.625
8/31/2017,8:00:00,11.625
8/31/2017,9:00:00,11.722
8/31/2017,10:00:00,11.819
8/31/2017,11:00:00,11.916
8/31/2017,12:00:00,12.013
8/31/2017,13:00:00,12.11
8/31/2017,14:00:00,12.11
8/31/2017,15:00:00,12.11
8/31/2017,16:00:00,12.013
8/31/2017,17:00:00,12.013
8/31/2017,18:00:00,11.819
8/31/2017,19:00:00,11.722
8/31/2017,20:00:00,11.722
8/31/2017,21:00:00,11.625
8/31/2017,22:00:00,11.625
8/31/2017,23:00:00,11.528
9/1/2017,0:00:00,11.528
9/1/2017,1:00:00,11.431
9/1/2017,2:00:00,11.431
9/1/2017,3:00:00,11.334
9/1/2017,4:00:00,11.334
9/1/2017,5:00:00,11.236
9/1/2017,6:00:00,11.236
9/1/2017,7:00:00,11.139
9/1/2017,8:00:00,11.139
9/1/2017,9:00:00,11.625
9/1/2017,10:00:00,12.013
9/1/2017,11:00:00,12.401
9/1/2017,12:00:00,13.558
9/1/2017,13:00:00,13.846
9/1/2017,14:00:00,14.709
9/1/2017,15:00:00,14.804
9/1/2017,16:00:00,14.421
9/1/2017,17:00:00,14.038
9/1/2017,18:00:00,13.75
9/1/2017,19:00:00,13.461
9/1/2017,20:00:00,13.269
9/1/2017,21:00:00,13.076
9/1/2017,22:00:00,12.787
9/1/2017,23:00:00,12.594
9/2/2017,0:00:00,12.497
9/2/2017,1:00:00,12.304
9/2/2017,2:00:00,12.11
9/2/2017,3:00:00,12.013
9/2/2017,4:00:00,11.819
9/2/2017,5:00:00,11.722
9/2/2017,6:00:00,11.625
9/2/2017,7:00:00,11.528
9/2/2017,8:00:00,11.528
9/2/2017,9:00:00,11.722
9/2/2017,10:00:00,11.916
9/2/2017,11:00:00,11.916
9/2/2017,12:00:00,12.11
9/2/2017,13:00:00,13.076
9/2/2017,14:00:00,14.613
9/2/2017,15:00:00,14.038
9/2/2017,16:00:00,14.709
9/2/2017,17:00:00,15.091
9/2/2017,18:00:00,14.9
9/2/2017,19:00:00,14.613
9/2/2017,20:00:00,14.23
9/2/2017,21:00:00,13.942
9/2/2017,22:00:00,13.558
9/2/2017,23:00:00,13.365
9/3/2017,0:00:00,13.076
9/3/2017,1:00:00,12.787
9/3/2017,2:00:00,12.497
9/3/2017,3:00:00,12.207
9/3/2017,4:00:00,12.013
9/3/2017,5:00:00,11.819
9/3/2017,6:00:00,11.722
9/3/2017,7:00:00,11.528
9/3/2017,8:00:00,11.528
9/3/2017,9:00:00,11.625
9/3/2017,10:00:00,11.916
9/3/2017,11:00:00,12.304
9/3/2017,12:00:00,12.69
9/3/2017,13:00:00,13.076
9/3/2017,14:00:00,13.076
9/3/2017,15:00:00,13.076
9/3/2017,16:00:00,12.787
9/3/2017,17:00:00,12.883
9/3/2017,18:00:00,12.497
9/3/2017,19:00:00,12.304
9/3/2017,20:00:00,12.013
9/3/2017,21:00:00,11.722
9/3/2017,22:00:00,11.528
9/3/2017,23:00:00,11.334
9/4/2017,0:00:00,11.236
9/4/2017,1:00:00,11.139
9/4/2017,2:00:00,11.041
9/4/2017,3:00:00,11.041
9/4/2017,4:00:00,10.944
9/4/2017,5:00:00,10.944
9/4/2017,6:00:00,10.944
9/4/2017,7:00:00,10.944
9/4/2017,8:00:00,11.041
9/4/2017,9:00:00,11.139
9/4/2017,10:00:00,11.334
9/4/2017,11:00:00,11.431
9/4/2017,12:00:00,11.916
9/4/2017,13:00:00,12.304
9/4/2017,14:00:00,13.365
9/4/2017,15:00:00,13.461
9/4/2017,16:00:00,13.846
9/4/2017,17:00:00,14.038
9/4/2017,18:00:00,13.75
9/4/2017,19:00:00,13.654
9/4/2017,20:00:00,13.75
9/4/2017,21:00:00,13.654
9/4/2017,22:00:00,13.654
9/4/2017,23:00:00,13.461
9/5/2017,0:00:00,13.365
9/5/2017,1:00:00,13.173
9/5/2017,2:00:00,13.076
9/5/2017,3:00:00,12.883
9/5/2017,4:00:00,12.69
9/5/2017,5:00:00,12.69
9/5/2017,6:00:00,12.594
9/5/2017,7:00:00,12.497
9/5/2017,8:00:00,12.401
9/5/2017,9:00:00,12.401
9/5/2017,10:00:00,12.401
9/5/2017,11:00:00,12.401
9/5/2017,12:00:00,12.497
9/5/2017,13:00:00,12.69
9/5/2017,14:00:00,12.787
9/5/2017,15:00:00,12.98
9/5/2017,16:00:00,13.173
9/5/2017,17:00:00,13.269
9/5/2017,18:00:00,13.461
9/5/2017,19:00:00,13.461
9/5/2017,20:00:00,13.461
9/5/2017,21:00:00,13.558
9/5/2017,22:00:00,13.461
9/5/2017,23:00:00,13.365
9/6/2017,0:00:00,13.269
9/6/2017,1:00:00,13.173
9/6/2017,2:00:00,13.076
9/6/2017,3:00:00,12.98
9/6/2017,4:00:00,12.883
9/6/2017,5:00:00,12.883
9/6/2017,6:00:00,12.787
9/6/2017,7:00:00,12.69
9/6/2017,8:00:00,12.787
9/6/2017,9:00:00,13.076
9/6/2017,10:00:00,12.98
9/6/2017,11:00:00,13.076
9/6/2017,12:00:00,13.173
9/6/2017,13:00:00,13.269
9/6/2017,14:00:00,13.365
9/6/2017,15:00:00,13.269
9/6/2017,16:00:00,13.269
9/6/2017,17:00:00,13.75
9/6/2017,18:00:00,13.75
9/6/2017,19:00:00,13.654
9/6/2017,20:00:00,13.558
9/6/2017,21:00:00,13.365
9/6/2017,22:00:00,13.269
9/6/2017,23:00:00,13.076
9/7/2017,0:00:00,12.98
9/7/2017,1:00:00,12.787
9/7/2017,2:00:00,12.594
9/7/2017,3:00:00,12.401
9/7/2017,4:00:00,12.304
9/7/2017,5:00:00,12.207
9/7/2017,6:00:00,12.013
9/7/2017,7:00:00,11.916
9/7/2017,8:00:00,11.916
9/7/2017,9:00:00,11.916
9/7/2017,10:00:00,12.013
9/7/2017,11:00:00,12.11
9/7/2017,12:00:00,12.401
9/7/2017,13:00:00,12.594
9/7/2017,14:00:00,12.69
9/7/2017,15:00:00,12.787
9/7/2017,16:00:00,12.98
9/7/2017,17:00:00,13.846
9/7/2017,18:00:00,13.173
9/7/2017,19:00:00,12.98
9/7/2017,20:00:00,12.787
9/7/2017,21:00:00,12.69
9/7/2017,22:00:00,12.497
9/7/2017,23:00:00,12.401
9/8/2017,0:00:00,12.304
9/8/2017,1:00:00,12.207
9/8/2017,2:00:00,12.11
9/8/2017,3:00:00,12.013
9/8/2017,4:00:00,12.013
9/8/2017,5:00:00,11.916
9/8/2017,6:00:00,11.819
9/8/2017,7:00:00,11.722
9/8/2017,8:00:00,11.625
9/8/2017,9:00:00,11.625
9/8/2017,10:00:00,11.722
9/8/2017,11:00:00,11.625
9/8/2017,12:00:00,11.722
9/8/2017,13:00:00,11.819
9/8/2017,14:00:00,11.916
9/8/2017,15:00:00,11.916
9/8/2017,16:00:00,11.916
9/8/2017,17:00:00,12.013
9/8/2017,18:00:00,11.916
9/8/2017,19:00:00,11.819
9/8/2017,20:00:00,11.819
9/8/2017,21:00:00,11.722
9/8/2017,22:00:00,11.625
9/8/2017,23:00:00,11.528
9/9/2017,0:00:00,11.528
9/9/2017,1:00:00,11.528
9/9/2017,2:00:00,11.431
9/9/2017,3:00:00,11.431
9/9/2017,4:00:00,11.334
9/9/2017,5:00:00,11.236
9/9/2017,6:00:00,11.236
9/9/2017,7:00:00,11.236
9/9/2017,8:00:00,11.236
9/9/2017,9:00:00,11.431
9/9/2017,10:00:00,11.431
9/9/2017,11:00:00,11.528
9/9/2017,12:00:00,11.334
9/9/2017,13:00:00,11.334
9/9/2017,14:00:00,11.431
9/9/2017,15:00:00,11.431
9/9/2017,16:00:00,11.431
9/9/2017,17:00:00,11.431
9/9/2017,18:00:00,11.334
9/9/2017,19:00:00,11.334
9/9/2017,20:00:00,11.334
9/9/2017,21:00:00,11.236
9/9/2017,22:00:00,11.236
9/9/2017,23:00:00,11.139
9/10/2017,0:00:00,11.041
9/10/2017,1:00:00,11.041
9/10/2017,2:00:00,10.944
9/10/2017,3:00:00,10.944
9/10/2017,4:00:00,10.846
9/10/2017,5:00:00,10.846
9/10/2017,6:00:00,10.748
9/10/2017,7:00:00,10.651
9/10/2017,8:00:00,10.748
9/10/2017,9:00:00,10.748
9/10/2017,10:00:00,10.846
9/10/2017,11:00:00,10.944
9/10/2017,12:00:00,11.236
9/10/2017,13:00:00,11.236
9/10/2017,14:00:00,11.139
9/10/2017,15:00:00,11.236
9/10/2017,16:00:00,11.236
9/10/2017,17:00:00,11.236
9/10/2017,18:00:00,11.334
9/10/2017,19:00:00,11.236
9/10/2017,20:00:00,11.139
9/10/2017,21:00:00,11.139
9/10/2017,22:00:00,11.041
9/10/2017,23:00:00,11.041
9/11/2017,0:00:00,10.944
9/11/2017,1:00:00,10.944
9/11/2017,2:00:00,10.846
9/11/2017,3:00:00,10.846
9/11/2017,4:00:00,10.748
9/11/2017,5:00:00,10.748
9/11/2017,6:00:00,10.651
9/11/2017,7:00:00,10.651
9/11/2017,8:00:00,10.651
9/11/2017,9:00:00,10.748
9/11/2017,10:00:00,11.041
9/11/2017,11:00:00,11.528
9/11/2017,12:00:00,12.11
9/11/2017,13:00:00,13.461
9/11/2017,14:00:00,14.325
9/11/2017,15:00:00,14.9
9/11/2017,16:00:00,14.9
9/11/2017,17:00:00,14.9
9/11/2017,18:00:00,14.9
9/11/2017,19:00:00,14.804
9/11/2017,20:00:00,14.517
9/11/2017,21:00:00,14.325
9/11/2017,22:00:00,14.23
9/11/2017,23:00:00,14.134
9/12/2017,0:00:00,14.038
9/12/2017,1:00:00,13.846
9/12/2017,2:00:00,13.75
9/12/2017,3:00:00,13.461
9/12/2017,4:00:00,13.269
9/12/2017,5:00:00,12.98
9/12/2017,6:00:00,12.883
9/12/2017,7:00:00,12.69
9/12/2017,8:00:00,12.594
9/12/2017,9:00:00,12.497
9/12/2017,10:00:00,12.497
9/12/2017,11:00:00,12.401
9/12/2017,12:00:00,12.594
9/12/2017,13:00:00,13.269
9/12/2017,14:00:00,13.076
9/12/2017,15:00:00,13.173
9/12/2017,16:00:00,13.654
9/12/2017,17:00:00,13.365
9/12/2017,18:00:00,13.558
9/12/2017,19:00:00,13.365
9/12/2017,20:00:00,13.173
9/12/2017,21:00:00,13.076
9/12/2017,22:00:00,12.883
9/12/2017,23:00:00,12.69
9/13/2017,0:00:00,12.69
9/13/2017,1:00:00,12.594
9/13/2017,2:00:00,12.497
9/13/2017,3:00:00,12.304
9/13/2017,4:00:00,12.304
9/13/2017,5:00:00,12.207
9/13/2017,6:00:00,12.11
9/13/2017,7:00:00,12.013
9/13/2017,8:00:00,12.013
9/13/2017,9:00:00,11.916
9/13/2017,10:00:00,12.013
9/13/2017,11:00:00,12.11
9/13/2017,12:00:00,12.304
9/13/2017,13:00:00,12.594
9/13/2017,14:00:00,12.883
9/13/2017,15:00:00,13.173
9/13/2017,16:00:00,12.98
9/13/2017,17:00:00,12.883
9/13/2017,18:00:00,12.883
9/13/2017,19:00:00,12.69
9/13/2017,20:00:00,12.594
9/13/2017,21:00:00,12.497
9/13/2017,22:00:00,12.401
9/13/2017,23:00:00,12.304
9/14/2017,0:00:00,12.207
9/14/2017,1:00:00,12.11
9/14/2017,2:00:00,12.013
9/14/2017,3:00:00,11.916
9/14/2017,4:00:00,11.819
9/14/2017,5:00:00,11.819
9/14/2017,6:00:00,11.722
9/14/2017,7:00:00,11.625
9/14/2017,8:00:00,11.528
9/14/2017,9:00:00,11.625
9/14/2017,10:00:00,11.625
9/14/2017,11:00:00,11.625
9/14/2017,12:00:00,11.722
9/14/2017,13:00:00,11.722
9/14/2017,14:00:00,11.722
9/14/2017,15:00:00,11.819
9/14/2017,16:00:00,11.819
9/14/2017,17:00:00,11.722
9/14/2017,18:00:00,11.722
9/14/2017,19:00:00,11.722
9/14/2017,20:00:00,11.528
9/14/2017,21:00:00,11.431
9/14/2017,22:00:00,11.334
9/14/2017,23:00:00,11.236
9/15/2017,0:00:00,11.236
9/15/2017,1:00:00,11.139
9/15/2017,2:00:00,11.041
9/15/2017,3:00:00,10.944
9/15/2017,4:00:00,10.944
9/15/2017,5:00:00,10.846
9/15/2017,6:00:00,10.846
9/15/2017,7:00:00,10.748
9/15/2017,8:00:00,10.651
9/15/2017,9:00:00,10.748
9/15/2017,10:00:00,10.846
9/15/2017,11:00:00,10.846
9/15/2017,12:00:00,11.041
9/15/2017,13:00:00,11.334
9/15/2017,14:00:00,11.334
9/15/2017,15:00:00,11.528
9/15/2017,16:00:00,11.819
9/15/2017,17:00:00,11.528
9/15/2017,18:00:00,11.528
9/15/2017,19:00:00,11.431
9/15/2017,20:00:00,11.334
9/15/2017,21:00:00,11.334
9/15/2017,22:00:00,11.236
9/15/2017,23:00:00,11.236
9/16/2017,0:00:00,11.139
9/16/2017,1:00:00,11.041
9/16/2017,2:00:00,11.041
9/16/2017,3:00:00,10.944
9/16/2017,4:00:00,10.944
9/16/2017,5:00:00,10.846
9/16/2017,6:00:00,10.748
9/16/2017,7:00:00,10.748
9/16/2017,8:00:00,10.651
9/16/2017,9:00:00,10.651
9/16/2017,10:00:00,10.651
9/16/2017,11:00:00,10.748
9/16/2017,12:00:00,10.748
9/16/2017,13:00:00,10.748
9/16/2017,14:00:00,10.846
9/16/2017,15:00:00,10.944
9/16/2017,16:00:00,10.944
9/16/2017,17:00:00,10.846
9/16/2017,18:00:00,10.748
9/16/2017,19:00:00,10.553
9/16/2017,20:00:00,10.455
9/16/2017,21:00:00,10.357
9/16/2017,22:00:00,10.357
9/16/2017,23:00:00,10.259
9/17/2017,0:00:00,10.259
9/17/2017,1:00:00,10.161
9/17/2017,2:00:00,10.161
9/17/2017,3:00:00,10.161
9/17/2017,4:00:00,10.063
9/17/2017,5:00:00,10.063
9/17/2017,6:00:00,9.965
9/17/2017,7:00:00,9.965
9/17/2017,8:00:00,9.965
9/17/2017,9:00:00,10.063
9/17/2017,10:00:00,10.161
9/17/2017,11:00:00,10.259
9/17/2017,12:00:00,10.553
9/17/2017,13:00:00,10.944
9/17/2017,14:00:00,11.236
9/17/2017,15:00:00,11.722
9/17/2017,16:00:00,11.916
9/17/2017,17:00:00,11.819
9/17/2017,18:00:00,11.916
9/17/2017,19:00:00,11.819
9/17/2017,20:00:00,11.722
9/17/2017,21:00:00,11.528
9/17/2017,22:00:00,11.431
9/17/2017,23:00:00,11.334
9/18/2017,0:00:00,11.236
9/18/2017,1:00:00,11.139
9/18/2017,2:00:00,11.041
9/18/2017,3:00:00,10.846
9/18/2017,4:00:00,10.651
9/18/2017,5:00:00,10.651
9/18/2017,6:00:00,10.553
9/18/2017,7:00:00,10.455
9/18/2017,8:00:00,10.455
9/18/2017,9:00:00,10.455
9/18/2017,10:00:00,10.651
9/18/2017,11:00:00,10.944
9/18/2017,12:00:00,10.748
9/18/2017,13:00:00,10.944
9/18/2017,14:00:00,11.625
9/18/2017,15:00:00,11.431
9/18/2017,16:00:00,11.625
9/18/2017,17:00:00,11.722
9/18/2017,18:00:00,11.625
9/18/2017,19:00:00,11.625
9/18/2017,20:00:00,11.431
9/18/2017,21:00:00,11.334
9/18/2017,22:00:00,11.139
9/18/2017,23:00:00,10.944
9/19/2017,0:00:00,10.748
9/19/2017,1:00:00,10.553
9/19/2017,2:00:00,10.455
9/19/2017,3:00:00,10.259
9/19/2017,4:00:00,10.161
9/19/2017,5:00:00,10.063
9/19/2017,6:00:00,9.965
9/19/2017,7:00:00,9.866
9/19/2017,8:00:00,9.866
9/19/2017,9:00:00,9.965
9/19/2017,10:00:00,10.357
9/19/2017,11:00:00,10.944
9/19/2017,12:00:00,11.625
9/19/2017,13:00:00,12.401
9/19/2017,14:00:00,13.076
9/19/2017,15:00:00,13.942
9/19/2017,16:00:00,14.613
9/19/2017,17:00:00,14.421
9/19/2017,18:00:00,14.325
9/19/2017,19:00:00,13.846
9/19/2017,20:00:00,13.461
9/19/2017,21:00:00,13.076
9/19/2017,22:00:00,12.69
9/19/2017,23:00:00,12.497
9/20/2017,0:00:00,12.207
9/20/2017,1:00:00,12.013
9/20/2017,2:00:00,11.819
9/20/2017,3:00:00,11.625
9/20/2017,4:00:00,11.334
9/20/2017,5:00:00,11.139
9/20/2017,6:00:00,10.944
9/20/2017,7:00:00,10.748
9/20/2017,8:00:00,10.651
9/20/2017,9:00:00,10.748
9/20/2017,10:00:00,10.944
9/20/2017,11:00:00,11.819
9/20/2017,12:00:00,12.497
9/20/2017,13:00:00,12.883
9/20/2017,14:00:00,13.75
9/20/2017,15:00:00,14.421
9/20/2017,16:00:00,14.038
9/20/2017,17:00:00,13.75
9/20/2017,18:00:00,13.942
9/20/2017,19:00:00,13.558
9/20/2017,20:00:00,13.269
9/20/2017,21:00:00,13.076
9/20/2017,22:00:00,12.787
9/20/2017,23:00:00,12.594
9/21/2017,0:00:00,12.304
9/21/2017,1:00:00,12.11
9/21/2017,2:00:00,11.916
9/21/2017,3:00:00,11.819
9/21/2017,4:00:00,11.722
9/21/2017,5:00:00,11.722
9/21/2017,6:00:00,11.625
9/21/2017,7:00:00,11.528
9/21/2017,8:00:00,11.431
9/21/2017,9:00:00,11.431
9/21/2017,10:00:00,11.431
9/21/2017,11:00:00,11.431
9/21/2017,12:00:00,11.334
9/21/2017,13:00:00,11.334
9/21/2017,14:00:00,11.431
9/21/2017,15:00:00,11.431
9/21/2017,16:00:00,11.236
9/21/2017,17:00:00,11.041
9/21/2017,18:00:00,11.041
9/21/2017,19:00:00,10.944
9/21/2017,20:00:00,10.846
9/21/2017,21:00:00,10.748
9/21/2017,22:00:00,10.748
9/21/2017,23:00:00,10.651
9/22/2017,0:00:00,10.651
9/22/2017,1:00:00,10.553
9/22/2017,2:00:00,10.553
9/22/2017,3:00:00,10.455
9/22/2017,4:00:00,10.455
9/22/2017,5:00:00,10.357
9/22/2017,6:00:00,10.357
9/22/2017,7:00:00,10.357
9/22/2017,8:00:00,10.357
9/22/2017,9:00:00,10.357
9/22/2017,10:00:00,10.455
9/22/2017,11:00:00,10.455
9/22/2017,12:00:00,10.455
9/22/2017,13:00:00,10.553
9/22/2017,14:00:00,10.651
9/22/2017,15:00:00,10.846
9/22/2017,16:00:00,10.748
9/22/2017,17:00:00,10.846
9/22/2017,18:00:00,10.846
9/22/2017,19:00:00,10.748
9/22/2017,20:00:00,10.748
9/22/2017,21:00:00,10.748
9/22/2017,22:00:00,10.748
9/22/2017,23:00:00,10.748
9/23/2017,0:00:00,10.748
9/23/2017,1:00:00,10.748
9/23/2017,2:00:00,10.651
9/23/2017,3:00:00,10.651
9/23/2017,4:00:00,10.651
9/23/2017,5:00:00,10.651
9/23/2017,6:00:00,10.553
9/23/2017,7:00:00,10.553
9/23/2017,8:00:00,10.553
9/23/2017,9:00:00,10.553
9/23/2017,10:00:00,10.651
9/23/2017,11:00:00,11.041
9/23/2017,12:00:00,11.139
9/23/2017,13:00:00,11.139
9/23/2017,14:00:00,11.236
9/23/2017,15:00:00,11.236
9/23/2017,16:00:00,11.334
9/23/2017,17:00:00,11.236
9/23/2017,18:00:00,11.236
9/23/2017,19:00:00,11.236
9/23/2017,20:00:00,11.139
9/23/2017,21:00:00,11.139
9/23/2017,22:00:00,11.139
9/23/2017,23:00:00,11.139
9/24/2017,0:00:00,11.041
9/24/2017,1:00:00,11.041
9/24/2017,2:00:00,11.041
9/24/2017,3:00:00,10.944
9/24/2017,4:00:00,10.944
9/24/2017,5:00:00,10.944
9/24/2017,6:00:00,10.944
9/24/2017,7:00:00,10.846
9/24/2017,8:00:00,10.846
9/24/2017,9:00:00,10.944
9/24/2017,10:00:00,10.944
9/24/2017,11:00:00,10.944
9/24/2017,12:00:00,11.041
9/24/2017,13:00:00,11.236
9/24/2017,14:00:00,11.334
9/24/2017,15:00:00,11.431
9/24/2017,16:00:00,11.431
9/24/2017,17:00:00,11.334
9/24/2017,18:00:00,11.236
9/24/2017,19:00:00,11.139
9/24/2017,20:00:00,11.041
9/24/2017,21:00:00,10.944
9/24/2017,22:00:00,10.944
9/24/2017,23:00:00,10.846
9/25/2017,0:00:00,10.748
9/25/2017,1:00:00,10.748
9/25/2017,2:00:00,10.553
9/25/2017,3:00:00,10.553
9/25/2017,4:00:00,10.455
9/25/2017,5:00:00,10.357
9/25/2017,6:00:00,10.259
9/25/2017,7:00:00,10.259
9/25/2017,8:00:00,10.161
9/25/2017,9:00:00,10.161
9/25/2017,10:00:00,10.259
9/25/2017,11:00:00,10.651
9/25/2017,12:00:00,11.041
9/25/2017,13:00:00,11.139
9/25/2017,14:00:00,11.236
9/25/2017,15:00:00,11.431
9/25/2017,16:00:00,11.431
9/25/2017,17:00:00,11.528
9/25/2017,18:00:00,11.431
9/25/2017,19:00:00,11.236
9/25/2017,20:00:00,11.139
9/25/2017,21:00:00,11.041
9/25/2017,22:00:00,10.944
9/25/2017,23:00:00,10.846
9/26/2017,0:00:00,10.748
9/26/2017,1:00:00,10.651
9/26/2017,2:00:00,10.553
9/26/2017,3:00:00,10.455
9/26/2017,4:00:00,10.455
9/26/2017,5:00:00,10.357
9/26/2017,6:00:00,10.259
9/26/2017,7:00:00,10.161
9/26/2017,8:00:00,10.161
9/26/2017,9:00:00,10.259
9/26/2017,10:00:00,10.259
9/26/2017,11:00:00,10.651
9/26/2017,12:00:00,10.651
9/26/2017,13:00:00,10.944
9/26/2017,14:00:00,11.236
9/26/2017,15:00:00,11.334
9/26/2017,16:00:00,11.431
9/26/2017,17:00:00,11.528
9/26/2017,18:00:00,11.431
9/26/2017,19:00:00,11.334
9/26/2017,20:00:00,11.139
9/26/2017,21:00:00,11.041
9/26/2017,22:00:00,11.041
9/26/2017,23:00:00,10.944
9/27/2017,0:00:00,10.944
9/27/2017,1:00:00,10.944
9/27/2017,2:00:00,10.944
9/27/2017,3:00:00,10.944
9/27/2017,4:00:00,10.944
9/27/2017,5:00:00,10.846
9/27/2017,6:00:00,10.846
9/27/2017,7:00:00,10.846
9/27/2017,8:00:00,10.944
9/27/2017,9:00:00,10.944
9/27/2017,10:00:00,10.944
9/27/2017,11:00:00,11.139
9/27/2017,12:00:00,11.334
9/27/2017,13:00:00,11.625
9/27/2017,14:00:00,11.916
9/27/2017,15:00:00,11.819
9/27/2017,16:00:00,11.916
9/27/2017,17:00:00,12.11
9/27/2017,18:00:00,12.11
9/27/2017,19:00:00,12.013
9/27/2017,20:00:00,11.916
9/27/2017,21:00:00,11.819
9/27/2017,22:00:00,11.819
9/27/2017,23:00:00,11.625
9/28/2017,0:00:00,11.625
9/28/2017,1:00:00,11.528
9/28/2017,2:00:00,11.528
9/28/2017,3:00:00,11.431
9/28/2017,4:00:00,11.334
9/28/2017,5:00:00,11.334
9/28/2017,6:00:00,11.236
9/28/2017,7:00:00,11.236
9/28/2017,8:00:00,11.139
9/28/2017,9:00:00,11.139
9/28/2017,10:00:00,11.139
9/28/2017,11:00:00,11.139
9/28/2017,12:00:00,11.236
9/28/2017,13:00:00,11.236
9/28/2017,14:00:00,11.139
9/28/2017,15:00:00,11.139
9/28/2017,16:00:00,11.041
9/28/2017,17:00:00,11.041
9/28/2017,18:00:00,10.846
9/28/2017,19:00:00,10.748
9/28/2017,20:00:00,10.651
9/28/2017,21:00:00,10.651
9/28/2017,22:00:00,10.553
9/28/2017,23:00:00,10.455
9/29/2017,0:00:00,10.357
9/29/2017,1:00:00,10.357
9/29/2017,2:00:00,10.259
9/29/2017,3:00:00,10.161
9/29/2017,4:00:00,10.161
9/29/2017,5:00:00,10.063
9/29/2017,6:00:00,10.063
9/29/2017,7:00:00,10.063
9/29/2017,8:00:00,10.063
9/29/2017,9:00:00,10.063
9/29/2017,10:00:00,10.259
9/29/2017,11:00:00,10.651
9/29/2017,12:00:00,11.041
9/29/2017,13:00:00,11.139
9/29/2017,14:00:00,11.431
9/29/2017,15:00:00,12.304
9/29/2017,16:00:00,12.013
9/29/2017,17:00:00,12.401
9/29/2017,18:00:00,12.11
9/29/2017,19:00:00,11.916
9/29/2017,20:00:00,11.625
9/29/2017,21:00:00,11.431
9/29/2017,22:00:00,11.236
9/29/2017,23:00:00,11.041
9/30/2017,0:00:00,10.846
9/30/2017,1:00:00,10.748
9/30/2017,2:00:00,10.553
9/30/2017,3:00:00,10.455
9/30/2017,4:00:00,10.259
9/30/2017,5:00:00,10.161
9/30/2017,6:00:00,9.965
9/30/2017,7:00:00,9.768
9/30/2017,8:00:00,9.669
9/30/2017,9:00:00,9.669
9/30/2017,10:00:00,9.965
9/30/2017,11:00:00,10.357
9/30/2017,12:00:00,10.846
9/30/2017,13:00:00,11.528
9/30/2017,14:00:00,12.11
9/30/2017,15:00:00,12.69
9/30/2017,16:00:00,12.69
9/30/2017,17:00:00,12.787
9/30/2017,18:00:00,12.497
9/30/2017,19:00:00,12.11
9/30/2017,20:00:00,11.819
9/30/2017,21:00:00,11.528
9/30/2017,22:00:00,11.236
9/30/2017,23:00:00,11.041
10/1/2017,0:00:00,10.748
10/1/2017,1:00:00,10.553
10/1/2017,2:00:00,10.455
10/1/2017,3:00:00,10.357
10/1/2017,4:00:00,10.357
10/1/2017,5:00:00,10.259
10/1/2017,6:00:00,10.161
10/1/2017,7:00:00,10.161
10/1/2017,8:00:00,9.965
10/1/2017,9:00:00,9.965
10/1/2017,10:00:00,10.161
10/1/2017,11:00:00,10.651
10/1/2017,12:00:00,11.139
10/1/2017,13:00:00,11.528
10/1/2017,14:00:00,11.139
10/1/2017,15:00:00,11.139
10/1/2017,16:00:00,11.236
10/1/2017,17:00:00,11.236
10/1/2017,18:00:00,11.139
10/1/2017,19:00:00,11.041
10/1/2017,20:00:00,10.944
10/1/2017,21:00:00,10.846
10/1/2017,22:00:00,10.748
10/1/2017,23:00:00,10.651
10/2/2017,0:00:00,10.553
10/2/2017,1:00:00,10.455
10/2/2017,2:00:00,10.357
10/2/2017,3:00:00,10.259
10/2/2017,4:00:00,10.063
10/2/2017,5:00:00,9.965
10/2/2017,6:00:00,9.768
10/2/2017,7:00:00,9.571
10/2/2017,8:00:00,9.373
10/2/2017,9:00:00,9.275
10/2/2017,10:00:00,9.176
10/2/2017,11:00:00,9.077
10/2/2017,12:00:00,8.978
10/2/2017,13:00:00,8.879
10/2/2017,14:00:00,8.978
10/2/2017,15:00:00,8.879
10/2/2017,16:00:00,8.879
10/2/2017,17:00:00,8.779
10/2/2017,18:00:00,8.779
10/2/2017,19:00:00,8.779
10/2/2017,20:00:00,8.779
10/2/2017,21:00:00,8.779
10/2/2017,22:00:00,8.779
10/2/2017,23:00:00,8.779
10/3/2017,0:00:00,8.779
10/3/2017,1:00:00,8.779
10/3/2017,2:00:00,8.779
10/3/2017,3:00:00,8.779
10/3/2017,4:00:00,8.779
10/3/2017,5:00:00,8.779
10/3/2017,6:00:00,8.779
10/3/2017,7:00:00,8.779
10/3/2017,8:00:00,8.779
10/3/2017,9:00:00,8.879
10/3/2017,10:00:00,8.879
10/3/2017,11:00:00,8.978
10/3/2017,12:00:00,9.077
10/3/2017,13:00:00,9.176
10/3/2017,14:00:00,9.275
10/3/2017,15:00:00,9.373
10/3/2017,16:00:00,9.373
10/3/2017,17:00:00,9.472
10/3/2017,18:00:00,9.472
10/3/2017,19:00:00,9.472
10/3/2017,20:00:00,9.571
10/3/2017,21:00:00,9.571
10/3/2017,22:00:00,9.571
10/3/2017,23:00:00,9.669
10/4/2017,0:00:00,9.669
10/4/2017,1:00:00,9.768
10/4/2017,2:00:00,9.768
10/4/2017,3:00:00,9.768
10/4/2017,4:00:00,9.768
10/4/2017,5:00:00,9.866
10/4/2017,6:00:00,9.866
10/4/2017,7:00:00,9.866
10/4/2017,8:00:00,9.768
10/4/2017,9:00:00,9.866
10/4/2017,10:00:00,9.866
10/4/2017,11:00:00,9.866
10/4/2017,12:00:00,9.965
10/4/2017,13:00:00,9.965
10/4/2017,14:00:00,10.063
10/4/2017,15:00:00,10.161
10/4/2017,16:00:00,10.259
10/4/2017,17:00:00,10.259
10/4/2017,18:00:00,10.259
10/4/2017,19:00:00,10.259
10/4/2017,20:00:00,10.161
10/4/2017,21:00:00,10.161
10/4/2017,22:00:00,10.161
10/4/2017,23:00:00,10.161
10/5/2017,0:00:00,10.063
10/5/2017,1:00:00,10.063
10/5/2017,2:00:00,10.063
10/5/2017,3:00:00,9.965
10/5/2017,4:00:00,9.965
10/5/2017,5:00:00,9.965
10/5/2017,6:00:00,9.866
10/5/2017,7:00:00,9.866
10/5/2017,8:00:00,9.866
10/5/2017,9:00:00,9.768
10/5/2017,10:00:00,9.768
10/5/2017,11:00:00,9.768
10/5/2017,12:00:00,9.768
10/5/2017,13:00:00,9.768
10/5/2017,14:00:00,9.669
10/5/2017,15:00:00,9.669
10/5/2017,16:00:00,9.472
10/5/2017,17:00:00,9.373
10/5/2017,18:00:00,9.373
10/5/2017,19:00:00,9.275
10/5/2017,20:00:00,9.176
10/5/2017,21:00:00,9.176
10/5/2017,22:00:00,9.077
10/5/2017,23:00:00,8.879
10/6/2017,0:00:00,8.879
10/6/2017,1:00:00,8.779
10/6/2017,2:00:00,8.779
10/6/2017,3:00:00,8.68
10/6/2017,4:00:00,8.68
10/6/2017,5:00:00,8.581
10/6/2017,6:00:00,8.581
10/6/2017,7:00:00,8.481
10/6/2017,8:00:00,8.282
10/6/2017,9:00:00,8.382
10/6/2017,10:00:00,8.481
10/6/2017,11:00:00,8.481
10/6/2017,12:00:00,9.275
10/6/2017,13:00:00,9.768
10/6/2017,14:00:00,10.161
10/6/2017,15:00:00,10.455
10/6/2017,16:00:00,10.553
10/6/2017,17:00:00,10.357
10/6/2017,18:00:00,10.161
10/6/2017,19:00:00,9.768
10/6/2017,20:00:00,9.571
10/6/2017,21:00:00,9.472
10/6/2017,22:00:00,9.275
10/6/2017,23:00:00,9.176
10/7/2017,0:00:00,8.978
10/7/2017,1:00:00,8.879
10/7/2017,2:00:00,8.879
10/7/2017,3:00:00,8.779
10/7/2017,4:00:00,8.68
10/7/2017,5:00:00,8.481
10/7/2017,6:00:00,8.382
10/7/2017,7:00:00,8.182
10/7/2017,8:00:00,8.082
10/7/2017,9:00:00,7.983
10/7/2017,10:00:00,8.282
10/7/2017,11:00:00,8.68
10/7/2017,12:00:00,9.077
10/7/2017,13:00:00,9.669
10/7/2017,14:00:00,9.965
10/7/2017,15:00:00,10.063
10/7/2017,16:00:00,9.965
10/7/2017,17:00:00,9.965
10/7/2017,18:00:00,9.768
10/7/2017,19:00:00,9.571
10/7/2017,20:00:00,9.472
10/7/2017,21:00:00,9.373
10/7/2017,22:00:00,9.373
10/7/2017,23:00:00,9.275
10/8/2017,0:00:00,9.077
10/8/2017,1:00:00,9.077
10/8/2017,2:00:00,8.978
10/8/2017,3:00:00,8.779
10/8/2017,4:00:00,8.581
10/8/2017,5:00:00,8.382
10/8/2017,6:00:00,8.182
10/8/2017,7:00:00,8.082
10/8/2017,8:00:00,7.882
10/8/2017,9:00:00,7.782
10/8/2017,10:00:00,7.782
10/8/2017,11:00:00,7.782
10/8/2017,12:00:00,7.782
10/8/2017,13:00:00,7.882
10/8/2017,14:00:00,7.882
10/8/2017,15:00:00,7.983
10/8/2017,16:00:00,8.082
10/8/2017,17:00:00,8.182
10/8/2017,18:00:00,8.182
10/8/2017,19:00:00,7.983
10/8/2017,20:00:00,7.882
10/8/2017,21:00:00,7.782
10/8/2017,22:00:00,7.782
10/8/2017,23:00:00,7.682
10/9/2017,0:00:00,7.582
10/9/2017,1:00:00,7.381
10/9/2017,2:00:00,7.28
10/9/2017,3:00:00,7.28
10/9/2017,4:00:00,7.179
10/9/2017,5:00:00,7.179
10/9/2017,6:00:00,7.079
10/9/2017,7:00:00,6.978
10/9/2017,8:00:00,6.775
10/9/2017,9:00:00,6.775
10/9/2017,10:00:00,6.978
10/9/2017,11:00:00,7.28
10/9/2017,12:00:00,7.582
10/9/2017,13:00:00,8.082
10/9/2017,14:00:00,8.581
10/9/2017,15:00:00,8.779
10/9/2017,16:00:00,8.978
10/9/2017,17:00:00,8.879
10/9/2017,18:00:00,8.581
10/9/2017,19:00:00,8.282
10/9/2017,20:00:00,8.082
10/9/2017,21:00:00,7.983
10/9/2017,22:00:00,7.782
10/9/2017,23:00:00,7.582
10/10/2017,0:00:00,7.481
10/10/2017,1:00:00,7.381
10/10/2017,2:00:00,7.179
10/10/2017,3:00:00,7.079
10/10/2017,4:00:00,6.978
10/10/2017,5:00:00,6.775
10/10/2017,6:00:00,6.573
10/10/2017,7:00:00,6.471
10/10/2017,8:00:00,6.471
10/10/2017,9:00:00,6.37
10/10/2017,10:00:00,6.471
10/10/2017,11:00:00,6.877
10/10/2017,12:00:00,7.079
10/10/2017,13:00:00,7.582
10/10/2017,14:00:00,7.882
10/10/2017,15:00:00,7.682
10/10/2017,16:00:00,8.082
10/10/2017,17:00:00,7.882
10/10/2017,18:00:00,7.682
10/10/2017,19:00:00,7.481
10/10/2017,20:00:00,7.28
10/10/2017,21:00:00,7.079
10/10/2017,22:00:00,6.978
10/10/2017,23:00:00,6.978
10/11/2017,0:00:00,6.877
10/11/2017,1:00:00,6.775
10/11/2017,2:00:00,6.775
10/11/2017,3:00:00,6.573
10/11/2017,4:00:00,6.471
10/11/2017,5:00:00,6.37
10/11/2017,6:00:00,6.166
10/11/2017,7:00:00,6.064
10/11/2017,8:00:00,5.86
10/11/2017,9:00:00,5.962
10/11/2017,10:00:00,6.064
10/11/2017,11:00:00,6.268
10/11/2017,12:00:00,6.573
10/11/2017,13:00:00,6.573
10/11/2017,14:00:00,6.775
10/11/2017,15:00:00,6.775
10/11/2017,16:00:00,6.877
10/11/2017,17:00:00,6.877
10/11/2017,18:00:00,6.674
10/11/2017,19:00:00,6.471
10/11/2017,20:00:00,6.37
10/11/2017,21:00:00,6.268
10/11/2017,22:00:00,6.064
10/11/2017,23:00:00,5.962
10/12/2017,0:00:00,5.962
10/12/2017,1:00:00,5.757
10/12/2017,2:00:00,5.655
10/12/2017,3:00:00,5.552
10/12/2017,4:00:00,5.45
10/12/2017,5:00:00,5.347
10/12/2017,6:00:00,5.141
10/12/2017,7:00:00,5.037
10/12/2017,8:00:00,4.934
10/12/2017,9:00:00,4.934
10/12/2017,10:00:00,5.141
10/12/2017,11:00:00,5.45
10/12/2017,12:00:00,5.45
10/12/2017,13:00:00,5.962
10/12/2017,14:00:00,6.166
10/12/2017,15:00:00,6.471
10/12/2017,16:00:00,6.37
10/12/2017,17:00:00,6.268
10/12/2017,18:00:00,6.166
10/12/2017,19:00:00,6.064
10/12/2017,20:00:00,6.064
10/12/2017,21:00:00,5.962
10/12/2017,22:00:00,5.962
10/12/2017,23:00:00,5.86
10/13/2017,0:00:00,5.86
10/13/2017,1:00:00,5.86
10/13/2017,2:00:00,5.86
10/13/2017,3:00:00,5.757
10/13/2017,4:00:00,5.757
10/13/2017,5:00:00,5.757
10/13/2017,6:00:00,5.86
10/13/2017,7:00:00,5.86
10/13/2017,8:00:00,5.757
10/13/2017,9:00:00,5.86
10/13/2017,10:00:00,5.86
10/13/2017,11:00:00,5.962
10/13/2017,12:00:00,6.064
10/13/2017,13:00:00,6.268
10/13/2017,14:00:00,6.37
10/13/2017,15:00:00,6.471
10/13/2017,16:00:00,6.775
10/13/2017,17:00:00,6.775
10/13/2017,18:00:00,6.674
10/13/2017,19:00:00,6.471
10/13/2017,20:00:00,6.268
10/13/2017,21:00:00,6.064
10/13/2017,22:00:00,6.064
10/13/2017,23:00:00,5.962
10/14/2017,0:00:00,5.962
10/14/2017,1:00:00,5.86
10/14/2017,2:00:00,5.757
10/14/2017,3:00:00,5.552
10/14/2017,4:00:00,5.45
10/14/2017,5:00:00,5.347
10/14/2017,6:00:00,5.244
10/14/2017,7:00:00,5.141
10/14/2017,8:00:00,4.831
10/14/2017,9:00:00,4.934
10/14/2017,10:00:00,4.934
10/14/2017,11:00:00,5.141
10/14/2017,12:00:00,5.244
10/14/2017,13:00:00,5.244
10/14/2017,14:00:00,5.347
10/14/2017,15:00:00,5.347
10/14/2017,16:00:00,5.347
10/14/2017,17:00:00,5.347
10/14/2017,18:00:00,5.244
10/14/2017,19:00:00,5.244
10/14/2017,20:00:00,5.244
10/14/2017,21:00:00,5.244
10/14/2017,22:00:00,5.141
10/14/2017,23:00:00,5.037
10/15/2017,0:00:00,5.037
10/15/2017,1:00:00,4.934
10/15/2017,2:00:00,4.831
10/15/2017,3:00:00,4.727
10/15/2017,4:00:00,4.623
10/15/2017,5:00:00,4.519
10/15/2017,6:00:00,4.311
10/15/2017,7:00:00,4.207
10/15/2017,8:00:00,4.102
10/15/2017,9:00:00,3.893
10/15/2017,10:00:00,3.998
10/15/2017,11:00:00,4.207
10/15/2017,12:00:00,4.831
10/15/2017,13:00:00,5.244
10/15/2017,14:00:00,5.757
10/15/2017,15:00:00,6.064
10/15/2017,16:00:00,5.86
10/15/2017,17:00:00,5.655
10/15/2017,18:00:00,5.552
10/15/2017,19:00:00,5.347
10/15/2017,20:00:00,5.244
10/15/2017,21:00:00,5.141
10/15/2017,22:00:00,5.037
10/15/2017,23:00:00,5.037
10/16/2017,0:00:00,4.934
10/16/2017,1:00:00,4.831
10/16/2017,2:00:00,4.727
10/16/2017,3:00:00,4.623
10/16/2017,4:00:00,4.623
10/16/2017,5:00:00,4.623
10/16/2017,6:00:00,4.519
10/16/2017,7:00:00,4.519
10/16/2017,8:00:00,4.519
10/16/2017,9:00:00,4.519
10/16/2017,10:00:00,4.519
10/16/2017,11:00:00,4.727
10/16/2017,12:00:00,4.831
10/16/2017,13:00:00,5.037
10/16/2017,14:00:00,5.244
10/16/2017,15:00:00,5.45
10/16/2017,16:00:00,5.962
10/16/2017,17:00:00,5.655
10/16/2017,18:00:00,5.45
10/16/2017,19:00:00,5.45
10/16/2017,20:00:00,5.347
10/16/2017,21:00:00,5.244
10/16/2017,22:00:00,5.244
10/16/2017,23:00:00,5.037
10/17/2017,0:00:00,5.037
10/17/2017,1:00:00,5.037
10/17/2017,2:00:00,4.934
10/17/2017,3:00:00,4.831
10/17/2017,4:00:00,4.831
10/17/2017,5:00:00,4.727
10/17/2017,6:00:00,4.727
10/17/2017,7:00:00,4.623
10/17/2017,8:00:00,4.623
10/17/2017,9:00:00,4.623
10/17/2017,10:00:00,4.623
10/17/2017,11:00:00,4.623
10/17/2017,12:00:00,4.623
10/17/2017,13:00:00,4.831
10/17/2017,14:00:00,4.934
10/17/2017,15:00:00,4.934
10/17/2017,16:00:00,4.831
10/17/2017,17:00:00,4.934
10/17/2017,18:00:00,4.831
10/17/2017,19:00:00,4.727
10/17/2017,20:00:00,4.519
10/17/2017,21:00:00,4.415
10/17/2017,22:00:00,4.311
10/17/2017,23:00:00,4.207
10/18/2017,0:00:00,4.207
10/18/2017,1:00:00,4.102
10/18/2017,2:00:00,3.998
10/18/2017,3:00:00,3.998
10/18/2017,4:00:00,3.893
10/18/2017,5:00:00,3.893
10/18/2017,6:00:00,3.788
10/18/2017,7:00:00,3.788
