"date","2.5%","50%","97.5%","BVS","CAB","TIN","SQR","CAN","EYS","TIS","WDD","RHM"
2012-01-01,-4.36005660909364,0.00269411074019794,4.41968106513996,NA,-0.38,0.07,0.53,NA,NA,0.32,NA,NA
2012-02-01,-0.165091002227863,2.62154959604647,5.39054242748518,NA,0.05,-0.06,0.18,NA,NA,0.3,NA,NA
2012-03-01,-3.21985053065396,-0.349859037544672,2.51108099555361,NA,-0.33,0,0.04,NA,NA,0.33,NA,NA
2012-04-01,2.82444012994742,5.60137852633847,8.34755875425787,NA,0.26,-0.02,1.19,NA,NA,0.32,NA,NA
2012-05-01,6.38382108237537,9.13381826929902,11.8371583847106,NA,1.76,5.96,8.08,NA,NA,6.21,NA,NA
2012-06-01,10.3824805928495,13.1233554432051,15.8283041613053,NA,9.59,14.89,14.48,NA,NA,14.45,NA,NA
2012-07-01,11.6482768966248,14.3714620741725,17.0884986906291,9.47,12.51,14.08,13.93,NA,NA,14.13,NA,10.04
2012-08-01,12.1510606435133,14.8800066345431,17.5997923840373,10.1,13.15,14.67,14.36,NA,15.43,14.51,NA,9.75
2012-09-01,9.54428194901264,12.3135769244225,15.0219758886153,8.78,8.89,10.08,10.03,NA,9.97,9.78,NA,8.72
2012-10-01,1.63023376913935,4.42236012253011,7.19240432643903,6.28,4.4,5.97,5.62,NA,5.62,6.04,NA,6.46
2012-11-01,-4.59940610501007,-1.64734151561444,1.28738160582237,4.34,0.71,3.14,3.49,NA,1.62,3.24,NA,3.14
2012-12-01,-5.13041215315204,-2.21628411945901,0.707380113499185,3,0.02,1.43,2.16,NA,0.25,1.65,NA,1.1
2013-01-01,-0.465614533578128,2.32575490348608,5.12906851468637,2.12,0.04,1.1,1.86,NA,0.48,1.39,NA,0.37
2013-02-01,1.4900921440072,4.30737732065546,7.07484650725823,2.06,0.16,1.01,2.35,NA,0.44,1.37,NA,0.23
2013-03-01,-1.50524245665585,1.30912795222149,4.13023288007274,1.55,0.11,0.26,3.66,NA,0.14,1.15,NA,0.17
2013-04-01,-0.289013058135686,2.52405272666519,5.30806786024876,1.02,0.22,0.2,4.37,NA,0.13,0.94,NA,0.35
2013-05-01,6.6054459189625,9.34157949881083,12.0547958710995,1.01,2.89,8.27,9.47,NA,6.87,9.32,NA,7.12
2013-06-01,13.2092379863248,16.0102089902409,18.7685249206537,6.52,15.09,17.91,17.95,NA,17.93,18.29,NA,15.5
2013-07-01,13.8848549834631,16.6791910725166,19.4360559306758,11,15.65,16.33,16.37,NA,NA,18.13,NA,13.64
2013-08-01,13.3372778419265,16.1747380619285,18.8943408832843,12.11,14.4,15.21,15.42,NA,15.04,15.72,NA,12.35
2013-09-01,10.7541178789517,13.4977991730158,16.2014949093892,9.03,10.21,11.54,11.68,NA,12.01,11.58,NA,10.21
2013-10-01,7.20590942544843,9.96936703185221,12.7124615728086,7.51,6.54,7.29,7.61,NA,7.89,7.05,NA,7.1
2013-11-01,-1.53959577624091,1.28213716900178,4.09346089934714,5.74,2.13,4.05,4.73,NA,5.09,-0.62,NA,2.74
2013-12-01,-4.34845729429448,-1.42596192326404,1.46973022085314,3.94,0.14,1.3,2.98,NA,2.66,-1.89,NA,0.63
2014-01-01,2.60356194439705,5.33527366598606,8.04370085847672,2.56,0.51,1,2.29,NA,1.82,0.62,NA,0.67
2014-02-01,-5.5107909364624,-2.52486158386268,0.427586155520393,2.02,0.05,0.03,3.26,NA,1.81,-0.23,NA,0.48
2014-03-01,-1.02875946092134,1.80424961709138,4.62685572939717,1.63,0.02,0.36,2.39,NA,0.33,-0.74,NA,0.21
2014-04-01,3.14565399596644,5.90400806218137,8.6586845710787,1.5,1.21,5.55,5.62,NA,3.55,5.06,NA,4.47
2014-05-01,9.99326698031575,12.7215710768243,15.4176680353655,8.46,10.57,15.64,14.38,NA,15.39,14.26,NA,13.52
2014-06-01,10.5380192146589,13.2915101217446,15.9721077136041,10.87,12.95,15.6,15.17,NA,15.86,16.42,NA,13.41
2014-07-01,13.4249249466622,16.1843736547735,18.9282744759742,12.87,15.04,NA,16.8,NA,NA,18.04,NA,15.45
2014-08-01,13.1874532785386,15.9328038747516,18.7576109436022,NA,13.22,NA,16.93,NA,NA,17.16,NA,12.91
2014-09-01,11.0341113797391,13.7976724174344,16.4828516868418,NA,10.68,NA,NA,NA,NA,NA,NA,10.26
2014-10-01,4.84958436820449,7.57189316071969,10.2980304534325,NA,5.14,NA,NA,NA,NA,NA,NA,5.73
2014-11-01,1.99125998096224,4.73090761154769,7.49300898558408,NA,2.5,NA,NA,NA,NA,NA,NA,3.92
2014-12-01,1.67219405123263,4.46928981554464,7.21999519699267,NA,1.21,NA,NA,NA,NA,NA,NA,2.3
2015-01-01,-1.02950351184,1.81235555212902,4.64008948313133,NA,0.67,NA,NA,NA,NA,NA,NA,1.57
2015-02-01,0.217991270255944,3.01801132378203,5.77112314183759,NA,0.57,NA,NA,NA,NA,NA,NA,2.07
2015-03-01,0.746712212728352,3.49707658797841,6.27742360972744,NA,1.32,NA,NA,NA,NA,NA,NA,3.96
2015-04-01,4.04159872939303,6.79580098319873,9.51645058259366,NA,4.4,NA,NA,NA,NA,NA,NA,6.04
2015-05-01,9.56615713673562,12.2356204023715,14.9124674822139,NA,12.48,NA,NA,NA,NA,14.42,NA,13.52
2015-06-01,13.8913477090899,15.6317069605732,17.2882995911495,NA,14.45,NA,NA,17.05,NA,15.77,16.21,13.28
2015-07-01,15.3739829343285,17.0885757146911,18.7602573661497,NA,16,NA,NA,19.05,NA,17.31,17.48,13.99
2015-08-01,15.1442394913338,16.8670262043559,18.5350642938833,NA,15.77,NA,NA,18.08,NA,16.29,17.38,13.4
2015-09-01,10.3941771278409,12.1221488243125,13.800841540111,NA,10,NA,NA,12.83,NA,10.47,12.82,8.78
2015-10-01,6.99197686210614,9.6929058814082,12.3783272190712,NA,6.41,NA,NA,NA,NA,6.91,NA,6.09
2015-11-01,-0.752291341925694,2.05046093989847,4.87518782244173,NA,2.16,NA,NA,NA,NA,2.88,NA,1.81
2015-12-01,-1.52250459503302,1.29610410375959,4.13610926877427,NA,0.83,NA,NA,NA,NA,2.03,NA,0.71
2016-01-01,2.36977368217305,5.13725684176354,7.90361878717505,NA,1.23,NA,NA,NA,NA,2.02,NA,1.44
2016-02-01,2.82404049871959,5.55801229242854,8.30773624839584,NA,1.64,NA,NA,NA,NA,2.81,NA,2.48
2016-03-01,3.89739244478484,6.65926768567745,9.41122869532792,NA,3.5,NA,NA,NA,NA,4.92,NA,4.7
2016-04-01,6.23249206099743,8.99585448581252,11.6945093441821,NA,7.29,NA,NA,NA,NA,8.54,NA,8.12
2016-05-01,9.62759532445454,12.3615612416403,15.1038768388855,NA,12.47,NA,NA,NA,NA,14.21,NA,12.87
2016-06-01,14.9184436921496,17.062903773344,19.0749676895852,NA,15.73,NA,NA,19.04,NA,17.45,18.58,14.51
2016-07-01,16.790965247197,18.6695701849253,20.4267315036394,NA,NA,NA,NA,19.64,NA,17.38,19.55,15.31
2016-08-01,14.3420837818056,16.0921924106382,17.9564048256627,NA,NA,NA,NA,16.44,NA,15.3,15.27,12.78
2016-09-01,11.1835070178698,12.8223910804885,14.4217545484995,NA,NA,NA,NA,12.93,NA,12.37,12.84,10.17
2016-10-01,4.09042374803333,5.90916355180478,7.81068738665059,NA,NA,NA,NA,5.28,NA,5.02,4.91,6.04
2016-11-01,2.13526750580714,3.83743067418037,5.60067359222503,NA,1.2,NA,NA,3.25,NA,2.83,3.18,4.35
2016-12-01,-1.64049542758401,0.40001223647043,2.249756534734,NA,0.35,NA,NA,0.53,NA,0.2,1.43,2.14
2017-01-01,-3.07954081687376,-0.701789402790785,1.29652692161177,NA,0.07,NA,NA,-0.56,NA,-1.12,0.81,1.07
2017-02-01,-1.30729419426264,0.397259807228574,2.09169932599369,NA,0.09,NA,NA,-0.27,NA,-1.04,0.5,0.37
2017-03-01,-2.60864968189305,-0.568610352027878,1.24367536115434,NA,0.07,NA,NA,-1.14,NA,-1.46,0.34,0.12
2017-04-01,3.25750938594081,5.4884046625468,7.84350378185879,NA,0.91,NA,NA,2.54,NA,5.31,3.6,3.13
2017-05-01,8.59433279118853,10.2884448869575,11.9562220901094,NA,7.24,NA,NA,12.15,NA,11.67,10.81,7.01
2017-06-01,12.91136573219,14.6055525049501,16.2521973298328,NA,13.18,NA,NA,16.48,15.93,15.89,15.05,9.08
2017-07-01,15.0719918782991,16.7448552801657,18.3713160400763,NA,15.57,NA,NA,18.39,17.94,17.88,17.08,10.8
2017-08-01,14.3247582368222,15.9651991215502,17.6109985589428,NA,13.82,NA,NA,16.58,16.06,15.39,16.1,10.73
2017-09-01,10.4601043982739,12.1790171137092,14.0161069088022,NA,10.04,NA,NA,11.92,11.69,11.31,11.32,9.08
2017-10-01,6.06626789569655,7.71621978036485,9.34189766830484,NA,5.49,NA,NA,7.17,7.34,5.67,7.85,5.27
2017-11-01,-1.72708452817319,1.1335260441341,3.96666769625661,NA,1.43,NA,NA,NA,NA,2.31,NA,1.9
2017-12-01,-0.355181418045542,2.44078033395996,5.23242580638835,NA,1.06,NA,NA,NA,NA,1.66,NA,1.37
2018-01-01,-1.67671270433538,1.19390433707431,3.9933847875218,NA,0.38,NA,NA,NA,NA,0.89,NA,0.37
2018-02-01,-4.20054856872632,-1.26647985054809,1.65364358484959,NA,0.08,NA,NA,NA,NA,0.3,NA,0.33
2018-03-01,-0.103217961045686,2.69006137369576,5.45050477412909,NA,0.26,NA,NA,NA,NA,0.29,NA,0.96
2018-04-01,3.54051234029185,6.29373254880375,9.03840653126129,NA,1.7,NA,NA,NA,NA,4.22,NA,3.71
2018-05-01,7.02810674713447,9.70685895041041,12.3880233396157,NA,6.52,NA,NA,NA,NA,10.43,NA,5.28
2018-06-01,13.1395038130619,14.9033498543488,16.6296759818585,NA,12.69,NA,NA,16.12,15.78,15.82,15.68,9.56
2018-07-01,15.3179084260925,16.9844290586383,18.6314163486281,NA,14.72,NA,NA,18.03,17.46,NA,17.11,11.41
2018-08-01,14.0062596267405,15.6327464958477,17.2684508384325,NA,13.11,NA,NA,15.96,15.58,NA,15.46,11.03
2018-09-01,12.2810522978639,13.909837412131,15.5287692291903,NA,11.56,NA,NA,15.08,14.59,NA,14.03,9.2
2018-10-01,7.68458135524574,9.5022892420415,11.3520182802077,NA,7.56,NA,NA,8.43,8.22,NA,8.51,7.05
2018-11-01,3.0305527721512,4.77126661924621,6.63802224128024,NA,3.53,NA,NA,4.27,4.47,NA,3.95,3.04
2018-12-01,1.67319339088415,3.51456658954556,5.4600703602817,NA,1.9,NA,NA,2.5,2.97,NA,2.47,1.4
2019-01-01,-1.28843098449961,0.535041372527808,2.21225200082614,NA,0.43,NA,NA,1.58,2.63,NA,1.06,0.33
2019-02-01,-1.40404969526575,0.406375409759333,2.08701880345365,NA,0.19,NA,NA,1.2,2.46,NA,0.84,0.17
2019-03-01,1.31080679162607,4.02873300568751,6.85488267232536,NA,0.68,NA,NA,0.61,2.36,NA,1.39,1.15
2019-04-01,4.84137777124174,6.58715102149686,8.40359623212011,NA,3.88,NA,NA,8.64,7.41,NA,5.72,4.48
2019-05-01,10.109320993684,11.7168859550212,13.3389515814028,NA,9.74,NA,NA,12.79,12.75,NA,11.54,7.99
2019-06-01,14.6703860489127,16.2928967524014,17.9415552609542,NA,NA,NA,NA,17.77,17.55,NA,16.11,11.47
2019-07-01,17.3580808725732,19.0760344420315,20.7468422929614,NA,NA,NA,NA,20.38,19.78,NA,19.29,13.59
2019-08-01,15.8897868170625,17.5391535397089,19.2230692182135,NA,NA,NA,NA,19.2,18.56,NA,17.39,12.79
2019-09-01,12.0472305126393,13.7004872682413,15.4025355121005,NA,NA,NA,NA,13.28,13.03,NA,13.21,NA
2019-10-01,7.92211651052336,9.61298903513739,11.2670820951959,NA,NA,NA,NA,7.06,7.14,NA,10.14,NA
2019-11-01,4.1479065429066,6.91214737850791,9.65817819627161,NA,NA,NA,NA,NA,NA,NA,NA,NA
2019-12-01,2.44812324200709,5.24699903453103,7.95465689504676,NA,NA,NA,NA,NA,NA,NA,NA,NA
2020-01-01,-1.90283655521464,0.950449546508095,3.79471877349742,NA,NA,NA,NA,NA,NA,NA,NA,NA
2020-02-01,1.21343439694743,3.98653202681364,6.78243986988262,NA,NA,NA,NA,NA,NA,NA,NA,NA
2020-03-01,-0.856514921073802,1.93484104307454,4.7324908642717,NA,NA,NA,NA,NA,NA,NA,NA,NA
2020-04-01,4.18345130621237,6.9195259447172,9.5933397245851,NA,NA,NA,NA,NA,NA,NA,NA,NA
2020-05-01,8.66569763914382,11.3581823441621,14.0402565513608,NA,NA,NA,NA,NA,NA,NA,NA,NA
2020-06-01,12.7351091042408,15.4742801060968,18.2473722789796,NA,NA,NA,NA,NA,NA,NA,NA,NA
2020-07-01,15.3036429405315,18.0846750376861,20.853805225271,NA,NA,NA,NA,NA,NA,NA,NA,NA
2020-08-01,14.121594418344,16.8678078479484,19.6168154279287,NA,NA,NA,NA,NA,NA,NA,NA,NA
2020-09-01,10.4801945510926,13.1981071040911,15.878285879752,NA,NA,NA,NA,NA,NA,NA,NA,NA
2020-10-01,6.23372911842021,8.98634086089994,11.6986742335118,NA,NA,NA,NA,NA,NA,NA,NA,NA
2020-11-01,-0.766275746900002,2.03824264193721,4.81435999825649,NA,NA,NA,NA,NA,NA,NA,NA,NA
2020-12-01,-0.649846271662571,2.14488303001528,4.95187627272152,NA,NA,NA,NA,NA,NA,NA,NA,NA
2021-01-01,-2.79933618303226,0.0875234404506234,2.92561770502668,NA,NA,NA,NA,NA,NA,NA,NA,NA
2021-02-01,0.163914584624755,2.88883897143043,5.68297125380444,NA,NA,NA,NA,NA,NA,NA,NA,NA
2021-03-01,1.62980237902658,4.41347092921143,7.20240234455579,NA,NA,NA,NA,NA,NA,NA,NA,NA
2021-04-01,5.36087216075413,8.10921289891019,10.8468717496478,NA,NA,NA,NA,NA,NA,NA,NA,NA
2021-05-01,8.33985562630736,11.0324787409376,13.7032845243396,NA,NA,NA,NA,NA,NA,NA,NA,NA
2021-06-01,13.3388508143,16.1188482899499,18.9141595519787,NA,NA,NA,NA,NA,NA,NA,NA,NA
2021-07-01,15.5918213310676,18.4080298728509,21.2014847184866,NA,NA,NA,NA,NA,NA,NA,NA,NA
2021-08-01,14.6600040043991,17.4250989650385,20.2193909935658,NA,NA,NA,NA,NA,NA,NA,NA,NA
2021-09-01,11.0067541677812,13.7375964705125,16.4926179898963,NA,NA,NA,NA,NA,NA,NA,NA,NA
2021-10-01,7.03642546191513,9.72048152389492,12.4165398643527,NA,NA,NA,NA,NA,NA,NA,NA,NA
2021-11-01,0.769051259093669,3.56620544882752,6.37487285306359,NA,NA,NA,NA,NA,NA,NA,NA,NA
2021-12-01,-0.672460874844789,2.15170031221403,4.98669094686145,NA,NA,NA,NA,NA,NA,NA,NA,NA
2022-01-01,-0.692668758811152,2.14033932909211,4.9481931760204,NA,NA,NA,NA,NA,NA,NA,NA,NA
2022-02-01,-0.457304733545814,2.37327636299773,5.16904753586996,NA,NA,NA,NA,NA,NA,NA,NA,NA
2022-03-01,1.74774520908388,4.53808989552306,7.26982903036767,NA,NA,NA,NA,NA,NA,NA,NA,NA
2022-04-01,6.37338978603735,9.08564616591726,11.8009948283451,NA,NA,NA,NA,NA,NA,NA,NA,NA
2022-05-01,8.34102743452897,11.0404479481632,13.727220472791,NA,NA,NA,NA,NA,NA,NA,NA,NA
2022-06-01,13.4418238970678,16.2221116752024,19.0274160353359,NA,NA,NA,NA,NA,NA,NA,NA,NA
2022-07-01,14.7787298027534,17.5354314435277,20.3035481652163,NA,NA,NA,NA,NA,NA,NA,NA,NA
2022-08-01,14.5835033366731,17.3225079769867,20.1083602116952,NA,NA,NA,NA,NA,NA,NA,NA,NA
2022-09-01,11.132708478652,13.8579447134504,16.5831752283374,NA,NA,NA,NA,NA,NA,NA,NA,NA
2022-10-01,4.93985395352311,7.66158606189042,10.4260459277527,NA,NA,NA,NA,NA,NA,NA,NA,NA
2022-11-01,0.676046326094502,3.44190897270914,6.18830566658604,NA,NA,NA,NA,NA,NA,NA,NA,NA
2022-12-01,-1.00815479102731,1.83175807199009,4.62498499404817,NA,NA,NA,NA,NA,NA,NA,NA,NA
2023-01-01,0.656676603317185,3.45905843166126,6.28129081760451,NA,NA,NA,NA,NA,NA,NA,NA,NA
2023-02-01,2.18327010360393,4.98108392837557,7.68286697845687,NA,NA,NA,NA,NA,NA,NA,NA,NA
2023-03-01,1.08846527026047,3.8771686580656,6.65070664333251,NA,NA,NA,NA,NA,NA,NA,NA,NA
2023-04-01,5.81898484956851,8.52537251171202,11.2737528117283,NA,NA,NA,NA,NA,NA,NA,NA,NA
2023-05-01,9.18002177499157,11.8959203220982,14.6370648460758,NA,NA,NA,NA,NA,NA,NA,NA,NA
2023-06-01,13.437354742758,16.2299044159824,18.990165210459,NA,NA,NA,NA,NA,NA,NA,NA,NA
2023-07-01,15.7804870211678,18.6112299290673,21.4309492496718,NA,NA,NA,NA,NA,NA,NA,NA,NA
2023-08-01,14.8469984338052,17.64900846156,20.4630887767404,NA,NA,NA,NA,NA,NA,NA,NA,NA
2023-09-01,11.4274722744698,14.1693383969439,16.9038039807557,NA,NA,NA,NA,NA,NA,NA,NA,NA
2023-10-01,5.72986603896531,8.44362547540709,11.1677202434985,NA,NA,NA,NA,NA,NA,NA,NA,NA
2023-11-01,-0.201922062998319,2.58092647235035,5.36136701193015,NA,NA,NA,NA,NA,NA,NA,NA,NA
2023-12-01,0.184747078740437,3.01220305203977,5.80027863664327,NA,NA,NA,NA,NA,NA,NA,NA,NA
2024-01-01,1.24905091694682,3.99793463182102,6.74117533196191,NA,NA,NA,NA,NA,NA,NA,NA,NA
2024-02-01,1.15372750358441,3.97757581817372,6.74761259095805,NA,NA,NA,NA,NA,NA,NA,NA,NA
2024-03-01,2.83271984659012,5.62443136658739,8.32407631533095,NA,NA,NA,NA,NA,NA,NA,NA,NA
2024-04-01,5.93875503598163,8.64587168475034,11.3609293294717,NA,NA,NA,NA,NA,NA,NA,NA,NA
2024-05-01,9.3939450886341,12.1081184338403,14.8275289221152,NA,NA,NA,NA,NA,NA,NA,NA,NA
2024-06-01,14.4133768812246,17.2023713875626,19.9461648337567,NA,NA,NA,NA,NA,NA,NA,NA,NA
2024-07-01,16.1352755560366,18.9336367764079,21.7447992600579,NA,NA,NA,NA,NA,NA,NA,NA,NA
2024-08-01,15.5548645012558,18.4119276096528,21.177487599504,NA,NA,NA,NA,NA,NA,NA,NA,NA
2024-09-01,11.088071799137,13.7465335366456,16.4732197620458,NA,NA,NA,NA,NA,NA,NA,NA,NA
2024-10-01,7.1368783015094,9.8420886729256,12.5747555259555,NA,NA,NA,NA,NA,NA,NA,NA,NA
2024-11-01,3.98595274780374,6.70573653853935,9.35842436905178,NA,NA,NA,NA,NA,NA,NA,NA,NA
2024-12-01,-0.421707828522147,2.37410550290567,5.19179339274416,NA,NA,NA,NA,NA,NA,NA,NA,NA
2025-01-01,-2.10858719802309,0.752794906692045,3.58171691362506,NA,NA,NA,NA,NA,NA,NA,NA,NA
2025-02-01,1.65849351061994,4.41825560138106,7.18091319263669,NA,NA,NA,NA,NA,NA,NA,NA,NA
2025-03-01,3.2881279817636,6.04652634391195,8.79878641200296,NA,NA,NA,NA,NA,NA,NA,NA,NA
2025-04-01,5.69464105635761,8.42656445284276,11.1587785698809,NA,NA,NA,NA,NA,NA,NA,NA,NA
2025-05-01,9.05823862214542,11.8017705815685,14.5443038299042,NA,NA,NA,NA,NA,NA,NA,NA,NA
2025-06-01,14.2212889013387,16.9960573500721,19.7507667875418,NA,NA,NA,NA,NA,NA,NA,NA,NA
2025-07-01,15.5153686917157,18.2827108168102,21.0925442542801,NA,NA,NA,NA,NA,NA,NA,NA,NA
2025-08-01,15.8281882815873,18.6130738038799,21.4258825204247,NA,NA,NA,NA,NA,NA,NA,NA,NA
2025-09-01,11.4226636484934,14.1649160569643,16.900820623671,NA,NA,NA,NA,NA,NA,NA,NA,NA
2025-10-01,6.94828525368417,9.6178403511272,12.3357728828516,NA,NA,NA,NA,NA,NA,NA,NA,NA
2025-11-01,-1.5685241314804,1.29044258840057,4.10709786302146,NA,NA,NA,NA,NA,NA,NA,NA,NA
2025-12-01,-1.55258030038088,1.27183678552897,4.09723885790322,NA,NA,NA,NA,NA,NA,NA,NA,NA
2026-01-01,-1.42188193648986,1.39389933808366,4.16666113114203,NA,NA,NA,NA,NA,NA,NA,NA,NA
2026-02-01,0.99726165574362,3.77466941091432,6.52821306650056,NA,NA,NA,NA,NA,NA,NA,NA,NA
2026-03-01,2.35268627921212,5.07708677997017,7.83138555710368,NA,NA,NA,NA,NA,NA,NA,NA,NA
2026-04-01,6.34711776533117,9.07405192608539,11.7789130693567,NA,NA,NA,NA,NA,NA,NA,NA,NA
2026-05-01,10.0777589931401,12.7585705181317,15.4829506501825,NA,NA,NA,NA,NA,NA,NA,NA,NA
2026-06-01,15.0556042137894,17.8536619092543,20.6627719929811,NA,NA,NA,NA,NA,NA,NA,NA,NA
2026-07-01,15.8902244274155,18.7169221008573,21.5135994297352,NA,NA,NA,NA,NA,NA,NA,NA,NA
2026-08-01,14.5560016681215,17.3169746853009,20.1326607429891,NA,NA,NA,NA,NA,NA,NA,NA,NA
2026-09-01,11.0048238303422,13.7182432996468,16.4364404571789,NA,NA,NA,NA,NA,NA,NA,NA,NA
2026-10-01,6.53012364777251,9.18968451833441,11.9156735351335,NA,NA,NA,NA,NA,NA,NA,NA,NA
2026-11-01,1.10827849203127,3.86943300724052,6.61999039654365,NA,NA,NA,NA,NA,NA,NA,NA,NA
2026-12-01,-2.30269377399433,0.525162574165507,3.36006117905554,NA,NA,NA,NA,NA,NA,NA,NA,NA
2027-01-01,-0.27266877028748,2.57839003172695,5.34795536054198,NA,NA,NA,NA,NA,NA,NA,NA,NA
2027-02-01,1.32245581501118,4.10091988182488,6.88415990303509,NA,NA,NA,NA,NA,NA,NA,NA,NA
2027-03-01,1.92044489451185,4.64980960044326,7.42948529931279,NA,NA,NA,NA,NA,NA,NA,NA,NA
2027-04-01,5.81479385918246,8.54087412308547,11.2277960605945,NA,NA,NA,NA,NA,NA,NA,NA,NA
2027-05-01,9.0627910214813,11.8123581764067,14.5535058335274,NA,NA,NA,NA,NA,NA,NA,NA,NA
2027-06-01,14.2133322750498,16.9881084802721,19.7299746637942,NA,NA,NA,NA,NA,NA,NA,NA,NA
2027-07-01,16.5223214064365,19.3710457494113,22.1739928424993,NA,NA,NA,NA,NA,NA,NA,NA,NA
2027-08-01,14.4118522783544,17.1976492924147,19.976579431521,NA,NA,NA,NA,NA,NA,NA,NA,NA
2027-09-01,12.2838106355944,15.0410995757768,17.8097056854371,NA,NA,NA,NA,NA,NA,NA,NA,NA
2027-10-01,7.64643919490181,10.3715718387781,13.0801530332964,NA,NA,NA,NA,NA,NA,NA,NA,NA
2027-11-01,1.32037011817812,4.09068685739145,6.85167664185125,NA,NA,NA,NA,NA,NA,NA,NA,NA
2027-12-01,1.52551976459697,4.32034402245819,7.13033660677229,NA,NA,NA,NA,NA,NA,NA,NA,NA
2028-01-01,1.10697502234333,3.87816932841496,6.66526356511829,NA,NA,NA,NA,NA,NA,NA,NA,NA
2028-02-01,3.01383064798532,5.72158552325277,8.45102580547694,NA,NA,NA,NA,NA,NA,NA,NA,NA
2028-03-01,1.81929215020968,4.64520614285438,7.40015402587016,NA,NA,NA,NA,NA,NA,NA,NA,NA
2028-04-01,6.7488646299093,9.51499051605284,12.2078184708246,NA,NA,NA,NA,NA,NA,NA,NA,NA
2028-05-01,10.679394217881,13.4259530672608,16.1383476150636,NA,NA,NA,NA,NA,NA,NA,NA,NA
2028-06-01,15.3611739512009,18.1841639926674,20.9787448756891,NA,NA,NA,NA,NA,NA,NA,NA,NA
2028-07-01,15.824033856738,18.6248179520647,21.4551656922829,NA,NA,NA,NA,NA,NA,NA,NA,NA
2028-08-01,16.2119971699888,19.0525395958928,21.8723820126158,NA,NA,NA,NA,NA,NA,NA,NA,NA
2028-09-01,11.5091991360948,14.2672728456084,16.9563859158564,NA,NA,NA,NA,NA,NA,NA,NA,NA
2028-10-01,6.9358494498262,9.62988826442756,12.3810720766646,NA,NA,NA,NA,NA,NA,NA,NA,NA
2028-11-01,-1.10544863281063,1.70779661978975,4.54410508624927,NA,NA,NA,NA,NA,NA,NA,NA,NA
2028-12-01,-3.69729457549784,-0.785598346391882,2.13846742711509,NA,NA,NA,NA,NA,NA,NA,NA,NA
2029-01-01,-1.32138174263775,1.48968128802057,4.33603052241595,NA,NA,NA,NA,NA,NA,NA,NA,NA
2029-02-01,0.185682679734263,3.00107901313479,5.79950117090885,NA,NA,NA,NA,NA,NA,NA,NA,NA
2029-03-01,0.774306221324284,3.5475448901439,6.33986909740375,NA,NA,NA,NA,NA,NA,NA,NA,NA
2029-04-01,6.33525660894423,9.07975006141458,11.7691220104089,NA,NA,NA,NA,NA,NA,NA,NA,NA
2029-05-01,9.20982660163319,11.9152338852088,14.6156249677916,NA,NA,NA,NA,NA,NA,NA,NA,NA
2029-06-01,13.8370322823125,16.6624068555932,19.4027247731444,NA,NA,NA,NA,NA,NA,NA,NA,NA
2029-07-01,15.4664777544096,18.2809163265564,21.0738495748435,NA,NA,NA,NA,NA,NA,NA,NA,NA
2029-08-01,14.9678173404449,17.7444682799479,20.535707707128,NA,NA,NA,NA,NA,NA,NA,NA,NA
2029-09-01,12.0764418461168,14.812400219416,17.5750474741803,NA,NA,NA,NA,NA,NA,NA,NA,NA
2029-10-01,8.22473775528626,10.920260235852,13.5800040662542,NA,NA,NA,NA,NA,NA,NA,NA,NA
2029-11-01,1.38326371234244,4.1994009533061,6.9340419375248,NA,NA,NA,NA,NA,NA,NA,NA,NA
2029-12-01,-0.0154872748766999,2.79457618645188,5.57897120541702,NA,NA,NA,NA,NA,NA,NA,NA,NA
2030-01-01,-0.982896486699285,1.83654380215017,4.6134645286361,NA,NA,NA,NA,NA,NA,NA,NA,NA
2030-02-01,3.0038278467177,5.7142414553012,8.463402448958,NA,NA,NA,NA,NA,NA,NA,NA,NA
2030-03-01,4.09845910011485,6.81577042725142,9.51361707499968,NA,NA,NA,NA,NA,NA,NA,NA,NA
2030-04-01,6.47678816124109,9.19441184039772,11.9160803657779,NA,NA,NA,NA,NA,NA,NA,NA,NA
2030-05-01,9.37664679935981,12.1236256144334,14.8233176921652,NA,NA,NA,NA,NA,NA,NA,NA,NA
2030-06-01,14.9817749297379,17.7800367951533,20.5316400176842,NA,NA,NA,NA,NA,NA,NA,NA,NA
2030-07-01,15.9917754753433,18.8288133003726,21.6756662887929,NA,NA,NA,NA,NA,NA,NA,NA,NA
2030-08-01,15.8882636733322,18.7227055367982,21.525340465976,NA,NA,NA,NA,NA,NA,NA,NA,NA
2030-09-01,12.166429935098,14.9473877055723,17.7034990229492,NA,NA,NA,NA,NA,NA,NA,NA,NA
2030-10-01,7.4487178348324,10.161126319453,12.8450732617308,NA,NA,NA,NA,NA,NA,NA,NA,NA
2030-11-01,1.68929989216074,4.43320457972639,7.15740397472654,NA,NA,NA,NA,NA,NA,NA,NA,NA
2030-12-01,-0.490651960971039,2.35872453279568,5.14101157305508,NA,NA,NA,NA,NA,NA,NA,NA,NA
2031-01-01,-1.0936939379906,1.71588366352179,4.51818073376679,NA,NA,NA,NA,NA,NA,NA,NA,NA
2031-02-01,0.373713680196203,3.127547006984,5.9265646864134,NA,NA,NA,NA,NA,NA,NA,NA,NA
2031-03-01,3.60205005612949,6.3793024456055,9.11245881233603,NA,NA,NA,NA,NA,NA,NA,NA,NA
2031-04-01,6.37700262960833,9.08702845452296,11.7600068755567,NA,NA,NA,NA,NA,NA,NA,NA,NA
2031-05-01,10.558109139191,13.3034308294582,16.0131711402926,NA,NA,NA,NA,NA,NA,NA,NA,NA
2031-06-01,15.1673102566832,17.9677847246642,20.7220646746658,NA,NA,NA,NA,NA,NA,NA,NA,NA
2031-07-01,16.811763426848,19.6009091178701,22.3936933655783,NA,NA,NA,NA,NA,NA,NA,NA,NA
2031-08-01,16.1393247976764,18.9324717788293,21.7791543288839,NA,NA,NA,NA,NA,NA,NA,NA,NA
2031-09-01,10.897412166538,13.6356876969774,16.3362057268059,NA,NA,NA,NA,NA,NA,NA,NA,NA
2031-10-01,6.57836248995047,9.29464493652975,11.9897452868269,NA,NA,NA,NA,NA,NA,NA,NA,NA
2031-11-01,2.32032535096897,5.07016096431654,7.77752782868707,NA,NA,NA,NA,NA,NA,NA,NA,NA
2031-12-01,3.20329690855227,5.93101701150401,8.66836650419946,NA,NA,NA,NA,NA,NA,NA,NA,NA
2032-01-01,-0.0572021744568487,2.68199232343392,5.43201170884046,NA,NA,NA,NA,NA,NA,NA,NA,NA
2032-02-01,2.22490423157477,4.97625650757812,7.74112887818907,NA,NA,NA,NA,NA,NA,NA,NA,NA
2032-03-01,2.19708131850684,4.95289845244928,7.69541287981345,NA,NA,NA,NA,NA,NA,NA,NA,NA
2032-04-01,6.04758578352903,8.76106180517784,11.4365866991191,NA,NA,NA,NA,NA,NA,NA,NA,NA
2032-05-01,8.97019705842644,11.6919803384247,14.4305025573861,NA,NA,NA,NA,NA,NA,NA,NA,NA
2032-06-01,13.0394067936086,15.7890466203626,18.5622837209017,NA,NA,NA,NA,NA,NA,NA,NA,NA
2032-07-01,14.778561160857,17.531642651029,20.3131954829649,NA,NA,NA,NA,NA,NA,NA,NA,NA
2032-08-01,13.979975605706,16.7711363630298,19.5410492654038,NA,NA,NA,NA,NA,NA,NA,NA,NA
2032-09-01,11.5438659523531,14.2727479608673,17.0108331904292,NA,NA,NA,NA,NA,NA,NA,NA,NA
2032-10-01,6.14871724866488,8.89012380364487,11.5793237089083,NA,NA,NA,NA,NA,NA,NA,NA,NA
2032-11-01,1.53358448589793,4.3143913181845,7.0721026241962,NA,NA,NA,NA,NA,NA,NA,NA,NA
2032-12-01,-1.35679271150562,1.50160297035156,4.27180955187307,NA,NA,NA,NA,NA,NA,NA,NA,NA
2033-01-01,-0.193138190488059,2.57657474760066,5.43728695292955,NA,NA,NA,NA,NA,NA,NA,NA,NA
2033-02-01,2.11068351670292,4.85184510446534,7.62152942960393,NA,NA,NA,NA,NA,NA,NA,NA,NA
2033-03-01,0.455838052984675,3.23490932570901,6.01242741734602,NA,NA,NA,NA,NA,NA,NA,NA,NA
2033-04-01,5.25481639075953,8.00122057412804,10.7435936090636,NA,NA,NA,NA,NA,NA,NA,NA,NA
2033-05-01,10.1695699873645,12.885686371094,15.6008146723341,NA,NA,NA,NA,NA,NA,NA,NA,NA
2033-06-01,14.5355940514778,17.3078278443522,20.0992789992059,NA,NA,NA,NA,NA,NA,NA,NA,NA
2033-07-01,16.7112274727162,19.6052078982545,22.4037706044363,NA,NA,NA,NA,NA,NA,NA,NA,NA
2033-08-01,15.8707665996179,18.7243009736743,21.5079330451331,NA,NA,NA,NA,NA,NA,NA,NA,NA
2033-09-01,11.7685920805706,14.4969743179215,17.2608004066413,NA,NA,NA,NA,NA,NA,NA,NA,NA
2033-10-01,6.34515621453,9.08635153426417,11.7612990678193,NA,NA,NA,NA,NA,NA,NA,NA,NA
2033-11-01,1.75651234559608,4.53003437178848,7.30448985026474,NA,NA,NA,NA,NA,NA,NA,NA,NA
2033-12-01,0.882906528263987,3.65908859602768,6.39581259646683,NA,NA,NA,NA,NA,NA,NA,NA,NA
2034-01-01,-0.866875920439544,1.94389679461962,4.72375146070079,NA,NA,NA,NA,NA,NA,NA,NA,NA
2034-02-01,1.77505403459975,4.51219581949083,7.26106280295643,NA,NA,NA,NA,NA,NA,NA,NA,NA
2034-03-01,3.10058399773794,5.82557264895606,8.52689065811109,NA,NA,NA,NA,NA,NA,NA,NA,NA
2034-04-01,6.58532029687909,9.28975180177218,12.00284765441,NA,NA,NA,NA,NA,NA,NA,NA,NA
2034-05-01,9.38548790218497,12.1223286117713,14.8323926892918,NA,NA,NA,NA,NA,NA,NA,NA,NA
2034-06-01,15.160594995723,17.9686842673752,20.7762558620476,NA,NA,NA,NA,NA,NA,NA,NA,NA
2034-07-01,16.334375790621,19.1534837685491,21.9617173043388,NA,NA,NA,NA,NA,NA,NA,NA,NA
2034-08-01,15.045391006325,17.8671412285465,20.6806312953212,NA,NA,NA,NA,NA,NA,NA,NA,NA
2034-09-01,11.6941039925572,14.3928933061631,17.1915538262571,NA,NA,NA,NA,NA,NA,NA,NA,NA
2034-10-01,7.39684298010792,10.1739586636839,12.9041164794101,NA,NA,NA,NA,NA,NA,NA,NA,NA
2034-11-01,2.41451455301656,5.17742040613177,7.93871749311282,NA,NA,NA,NA,NA,NA,NA,NA,NA
2034-12-01,-0.670775719760878,2.16898018722368,4.98827924187286,NA,NA,NA,NA,NA,NA,NA,NA,NA
2035-01-01,-1.34931484657108,1.48949093359132,4.34656265433045,NA,NA,NA,NA,NA,NA,NA,NA,NA
2035-02-01,0.07154954998833,2.89823379065846,5.69349324693166,NA,NA,NA,NA,NA,NA,NA,NA,NA
2035-03-01,0.511155084844117,3.35587231792984,6.08998136485636,NA,NA,NA,NA,NA,NA,NA,NA,NA
2035-04-01,5.23710370224181,7.99878336646518,10.6583326936276,NA,NA,NA,NA,NA,NA,NA,NA,NA
2035-05-01,8.8539278027883,11.5789993416835,14.3037720973464,NA,NA,NA,NA,NA,NA,NA,NA,NA
2035-06-01,13.1430515502574,15.8868282330964,18.6074754813767,NA,NA,NA,NA,NA,NA,NA,NA,NA
2035-07-01,15.1810000550125,17.9584012683488,20.7616605273973,NA,NA,NA,NA,NA,NA,NA,NA,NA
2035-08-01,14.9358645857066,17.7538557113122,20.5234717354615,NA,NA,NA,NA,NA,NA,NA,NA,NA
2035-09-01,11.2013017202583,13.9632287095479,16.6623277054949,NA,NA,NA,NA,NA,NA,NA,NA,NA
2035-10-01,6.78477017673804,9.51846757901592,12.2230962954245,NA,NA,NA,NA,NA,NA,NA,NA,NA
2035-11-01,0.60187838221879,3.44326289990323,6.23760546354692,NA,NA,NA,NA,NA,NA,NA,NA,NA
2035-12-01,-1.6456336500995,1.16459451274589,4.04172602741217,NA,NA,NA,NA,NA,NA,NA,NA,NA
2036-01-01,-1.02460604142219,1.82224631670062,4.6252883029157,NA,NA,NA,NA,NA,NA,NA,NA,NA
2036-02-01,0.987285019694692,3.77727880265964,6.57179991751273,NA,NA,NA,NA,NA,NA,NA,NA,NA
2036-03-01,1.10431315010194,3.88145896915576,6.6432184137448,NA,NA,NA,NA,NA,NA,NA,NA,NA
2036-04-01,5.79909419103674,8.54125186199842,11.2942019086443,NA,NA,NA,NA,NA,NA,NA,NA,NA
2036-05-01,9.48972708496583,12.2171451587884,14.9085237722325,NA,NA,NA,NA,NA,NA,NA,NA,NA
2036-06-01,13.7904765699256,16.5581131022928,19.3282906161504,NA,NA,NA,NA,NA,NA,NA,NA,NA
2036-07-01,15.8885742009934,18.7314432546187,21.5303093618792,NA,NA,NA,NA,NA,NA,NA,NA,NA
2036-08-01,15.1633098183902,17.972563280481,20.7594781359169,NA,NA,NA,NA,NA,NA,NA,NA,NA
2036-09-01,12.2998652050189,15.0528762749904,17.80009578786,NA,NA,NA,NA,NA,NA,NA,NA,NA
2036-10-01,7.34756562850598,10.0625634402308,12.7973238004759,NA,NA,NA,NA,NA,NA,NA,NA,NA
2036-11-01,0.524137726920946,3.33809131393579,6.11233827843818,NA,NA,NA,NA,NA,NA,NA,NA,NA
2036-12-01,0.169070561040686,3.00578409810028,5.79413141022978,NA,NA,NA,NA,NA,NA,NA,NA,NA
2037-01-01,0.301882224159633,3.11427360605756,5.9048726498434,NA,NA,NA,NA,NA,NA,NA,NA,NA
2037-02-01,2.14981790208945,4.96850078510601,7.69692758964137,NA,NA,NA,NA,NA,NA,NA,NA,NA
2037-03-01,4.96076426105907,7.67022764398547,10.3647051308825,NA,NA,NA,NA,NA,NA,NA,NA,NA
2037-04-01,7.86121608946623,10.5895367614746,13.2971383277674,NA,NA,NA,NA,NA,NA,NA,NA,NA
2037-05-01,10.1519170220725,12.8728706436611,15.5810314397144,NA,NA,NA,NA,NA,NA,NA,NA,NA
2037-06-01,15.7890478122724,18.6298211387063,21.4012886930206,NA,NA,NA,NA,NA,NA,NA,NA,NA
2037-07-01,16.1990590816212,19.0358973691543,21.8898858308931,NA,NA,NA,NA,NA,NA,NA,NA,NA
2037-08-01,14.8288195780138,17.6353631300684,20.3971958525335,NA,NA,NA,NA,NA,NA,NA,NA,NA
2037-09-01,11.7829296507227,14.5123957407034,17.2502600470543,NA,NA,NA,NA,NA,NA,NA,NA,NA
2037-10-01,7.46078968528953,10.1657369211651,12.8610533906871,NA,NA,NA,NA,NA,NA,NA,NA,NA
2037-11-01,1.73705365857635,4.53113088338045,7.28114118788521,NA,NA,NA,NA,NA,NA,NA,NA,NA
2037-12-01,-0.368410669473616,2.45870794922278,5.25228259635009,NA,NA,NA,NA,NA,NA,NA,NA,NA
2038-01-01,0.575948755281768,3.34424974525254,6.11540805382865,NA,NA,NA,NA,NA,NA,NA,NA,NA
2038-02-01,-0.671326468933853,2.14945007664148,4.97285991233734,NA,NA,NA,NA,NA,NA,NA,NA,NA
2038-03-01,3.8606216116781,6.60581754591596,9.2886967649278,NA,NA,NA,NA,NA,NA,NA,NA,NA
2038-04-01,6.68079027229467,9.39150949405056,12.1333950040474,NA,NA,NA,NA,NA,NA,NA,NA,NA
2038-05-01,9.92052686408488,12.6480420021186,15.364617244385,NA,NA,NA,NA,NA,NA,NA,NA,NA
2038-06-01,14.309695320888,17.0987667301241,19.8785409868928,NA,NA,NA,NA,NA,NA,NA,NA,NA
2038-07-01,15.7138833638119,18.508051155544,21.2951956304262,NA,NA,NA,NA,NA,NA,NA,NA,NA
2038-08-01,14.8936476431433,17.6477802567801,20.4492929623048,NA,NA,NA,NA,NA,NA,NA,NA,NA
2038-09-01,12.2607611368803,15.0284388111627,17.7762792891427,NA,NA,NA,NA,NA,NA,NA,NA,NA
2038-10-01,6.79346556805843,9.51115187315091,12.2148938293404,NA,NA,NA,NA,NA,NA,NA,NA,NA
2038-11-01,1.42068278740699,4.21432539970986,6.9281655034475,NA,NA,NA,NA,NA,NA,NA,NA,NA
2038-12-01,4.18521092430204,6.90035165646312,9.6320648242871,NA,NA,NA,NA,NA,NA,NA,NA,NA
2039-01-01,-0.661230798577397,2.14468631542726,4.96331733914252,NA,NA,NA,NA,NA,NA,NA,NA,NA
2039-02-01,2.2792234968227,5.07145473629432,7.85886256949554,NA,NA,NA,NA,NA,NA,NA,NA,NA
2039-03-01,3.00426598460216,5.72723438236893,8.44011650932735,NA,NA,NA,NA,NA,NA,NA,NA,NA
2039-04-01,4.49997681729485,7.23623765316919,9.92243051260613,NA,NA,NA,NA,NA,NA,NA,NA,NA
2039-05-01,9.71635949933545,12.4396317757333,15.1467941571259,NA,NA,NA,NA,NA,NA,NA,NA,NA
2039-06-01,14.30930925166,17.0989671992916,19.8441108519202,NA,NA,NA,NA,NA,NA,NA,NA,NA
2039-07-01,16.2453363992267,19.047299173816,21.9065029022942,NA,NA,NA,NA,NA,NA,NA,NA,NA
2039-08-01,15.5962182136731,18.3953116657855,21.2271061656441,NA,NA,NA,NA,NA,NA,NA,NA,NA
2039-09-01,11.8728169466988,14.6146324754918,17.3649546481493,NA,NA,NA,NA,NA,NA,NA,NA,NA
2039-10-01,8.58908941235298,11.3643492802825,14.0503441257021,NA,NA,NA,NA,NA,NA,NA,NA,NA
2039-11-01,4.70990497200861,7.45246468975517,10.1199671935063,NA,NA,NA,NA,NA,NA,NA,NA,NA
2039-12-01,2.21381647970119,4.97649500751954,7.71036378035942,NA,NA,NA,NA,NA,NA,NA,NA,NA
2040-01-01,1.95894804198178,4.73587611838481,7.5119246441258,NA,NA,NA,NA,NA,NA,NA,NA,NA
2040-02-01,5.86458523809375,8.55395307515646,11.2075205822409,NA,NA,NA,NA,NA,NA,NA,NA,NA
2040-03-01,3.76435347734471,6.4886205870974,9.22691888908036,NA,NA,NA,NA,NA,NA,NA,NA,NA
2040-04-01,6.22571939728796,8.9863625065376,11.6613559675906,NA,NA,NA,NA,NA,NA,NA,NA,NA
2040-05-01,11.4430331559675,14.1576819919926,16.8900333446752,NA,NA,NA,NA,NA,NA,NA,NA,NA
2040-06-01,15.5480139815365,18.4074114646002,21.251393855276,NA,NA,NA,NA,NA,NA,NA,NA,NA
2040-07-01,16.3513337880324,19.1586763460894,22.0207991790769,NA,NA,NA,NA,NA,NA,NA,NA,NA
2040-08-01,16.4593822193876,19.2543170426102,22.08949936102,NA,NA,NA,NA,NA,NA,NA,NA,NA
2040-09-01,12.2215036695867,14.9400027109754,17.6684826002696,NA,NA,NA,NA,NA,NA,NA,NA,NA
2040-10-01,6.62864446555,9.40147807408534,12.1101060894041,NA,NA,NA,NA,NA,NA,NA,NA,NA
2040-11-01,3.4516549497158,6.1648785114979,8.87995459061182,NA,NA,NA,NA,NA,NA,NA,NA,NA
2040-12-01,-0.979196143841841,1.82804295465018,4.62608084150075,NA,NA,NA,NA,NA,NA,NA,NA,NA
2041-01-01,-3.04728600312635,-0.124250966068464,2.71927848151961,NA,NA,NA,NA,NA,NA,NA,NA,NA
2041-02-01,2.03348772500718,4.74306916721394,7.50755728745065,NA,NA,NA,NA,NA,NA,NA,NA,NA
2041-03-01,1.87466452523006,4.76019262165368,7.50539811661297,NA,NA,NA,NA,NA,NA,NA,NA,NA
2041-04-01,6.66793723966764,9.38301296206112,12.1340496408663,NA,NA,NA,NA,NA,NA,NA,NA,NA
2041-05-01,10.2602717321875,12.9697451439447,15.6907332975101,NA,NA,NA,NA,NA,NA,NA,NA,NA
2041-06-01,14.6458621533404,17.4192825153632,20.2141849405893,NA,NA,NA,NA,NA,NA,NA,NA,NA
2041-07-01,16.2159510073148,19.0501846968577,21.8369036068949,NA,NA,NA,NA,NA,NA,NA,NA,NA
2041-08-01,15.9541953277023,18.7226858077733,21.5149342876646,NA,NA,NA,NA,NA,NA,NA,NA,NA
2041-09-01,11.6502122444652,14.3947455291674,17.0818844820221,NA,NA,NA,NA,NA,NA,NA,NA,NA
2041-10-01,7.87294440384961,10.6223845137287,13.3401067511108,NA,NA,NA,NA,NA,NA,NA,NA,NA
2041-11-01,-0.51399338410588,2.25430484505616,5.0667221684713,NA,NA,NA,NA,NA,NA,NA,NA,NA
2041-12-01,-0.539700386905496,2.26117786505251,5.06706521970669,NA,NA,NA,NA,NA,NA,NA,NA,NA
2042-01-01,0.289320946654751,3.11330279344371,5.93385539873403,NA,NA,NA,NA,NA,NA,NA,NA,NA
2042-02-01,2.27467486130125,5.07858402186313,7.83188293427208,NA,NA,NA,NA,NA,NA,NA,NA,NA
2042-03-01,2.69790105999251,5.38991552825572,8.09956074871138,NA,NA,NA,NA,NA,NA,NA,NA,NA
2042-04-01,6.02796959616538,8.7570295079739,11.4588497766731,NA,NA,NA,NA,NA,NA,NA,NA,NA
2042-05-01,10.0559566343129,12.7689144717589,15.458456220975,NA,NA,NA,NA,NA,NA,NA,NA,NA
2042-06-01,14.0399233914845,16.8771059529864,19.6420201431948,NA,NA,NA,NA,NA,NA,NA,NA,NA
2042-07-01,16.9471566161802,19.8174124591953,22.6488401465698,NA,NA,NA,NA,NA,NA,NA,NA,NA
2042-08-01,15.6381283195759,18.3945637971601,21.2171541391698,NA,NA,NA,NA,NA,NA,NA,NA,NA
2042-09-01,12.398793438791,15.1547654281658,17.9210204949827,NA,NA,NA,NA,NA,NA,NA,NA,NA
2042-10-01,8.78665132489159,11.4697093723487,14.155839812282,NA,NA,NA,NA,NA,NA,NA,NA,NA
2042-11-01,0.778489435145941,3.56684088330957,6.36526045976654,NA,NA,NA,NA,NA,NA,NA,NA,NA
2042-12-01,-1.43639534702762,1.39375187489415,4.21441126477423,NA,NA,NA,NA,NA,NA,NA,NA,NA
2043-01-01,-0.777527657534166,2.03076462804922,4.8224935995962,NA,NA,NA,NA,NA,NA,NA,NA,NA
2043-02-01,1.9849300912435,4.73884934132003,7.5191877804712,NA,NA,NA,NA,NA,NA,NA,NA,NA
2043-03-01,1.1739753223597,3.99810618479317,6.77990874193554,NA,NA,NA,NA,NA,NA,NA,NA,NA
2043-04-01,6.2219420768835,8.98363864118349,11.6965160456237,NA,NA,NA,NA,NA,NA,NA,NA,NA
2043-05-01,9.52529414111206,12.2217928406315,14.9333210082165,NA,NA,NA,NA,NA,NA,NA,NA,NA
2043-06-01,15.8105715390096,18.6198991085204,21.4262270674862,NA,NA,NA,NA,NA,NA,NA,NA,NA
2043-07-01,17.3929939945454,20.2375642960612,23.0238916011715,NA,NA,NA,NA,NA,NA,NA,NA,NA
2043-08-01,15.4416508124651,18.2970105075155,21.1323920816917,NA,NA,NA,NA,NA,NA,NA,NA,NA
2043-09-01,12.1038285372465,14.8291999400402,17.5985484771152,NA,NA,NA,NA,NA,NA,NA,NA,NA
2043-10-01,7.50293154079255,10.2607520438575,13.0100297343166,NA,NA,NA,NA,NA,NA,NA,NA,NA
2043-11-01,2.00388461334142,4.74335691269778,7.52699302993743,NA,NA,NA,NA,NA,NA,NA,NA,NA
2043-12-01,-1.97792629223143,0.857481408513257,3.68621690172383,NA,NA,NA,NA,NA,NA,NA,NA,NA
2044-01-01,2.62747533455333,5.40435523340802,8.187842945637,NA,NA,NA,NA,NA,NA,NA,NA,NA
2044-02-01,2.35113950336126,5.08101311074346,7.84379840106672,NA,NA,NA,NA,NA,NA,NA,NA,NA
2044-03-01,4.55860115900621,7.24963887059428,9.97109613683958,NA,NA,NA,NA,NA,NA,NA,NA,NA
2044-04-01,7.57673268180784,10.2672960001707,13.004311357241,NA,NA,NA,NA,NA,NA,NA,NA,NA
2044-05-01,10.4040474478413,13.0980614553891,15.8219656200495,NA,NA,NA,NA,NA,NA,NA,NA,NA
2044-06-01,16.0286192059451,18.8503728814329,21.6324887798847,NA,NA,NA,NA,NA,NA,NA,NA,NA
2044-07-01,16.9006969224694,19.7173761736462,22.5285178117837,NA,NA,NA,NA,NA,NA,NA,NA,NA
2044-08-01,14.8587879509897,17.6498959088706,20.421564508443,NA,NA,NA,NA,NA,NA,NA,NA,NA
2044-09-01,13.0605093879226,15.8083161244071,18.5518083915864,NA,NA,NA,NA,NA,NA,NA,NA,NA
2044-10-01,8.31019325745379,11.0359394690477,13.7563761595721,NA,NA,NA,NA,NA,NA,NA,NA,NA
2044-11-01,1.30487797203409,4.09610332909303,6.81601650240572,NA,NA,NA,NA,NA,NA,NA,NA,NA
2044-12-01,-0.760876422762173,2.04486046479672,4.82589522470033,NA,NA,NA,NA,NA,NA,NA,NA,NA
2045-01-01,1.78705788983401,4.52648807023421,7.23808082957414,NA,NA,NA,NA,NA,NA,NA,NA,NA
2045-02-01,-0.905856140544237,1.93416880873253,4.75982768614473,NA,NA,NA,NA,NA,NA,NA,NA,NA
2045-03-01,1.76090711775804,4.55727799442548,7.28650785085604,NA,NA,NA,NA,NA,NA,NA,NA,NA
2045-04-01,6.3401650740983,9.07397806580155,11.8395088568042,NA,NA,NA,NA,NA,NA,NA,NA,NA
2045-05-01,10.0065170187236,12.7614790643578,15.5281042841576,NA,NA,NA,NA,NA,NA,NA,NA,NA
2045-06-01,15.0810164332968,17.8589260296788,20.6951292253529,NA,NA,NA,NA,NA,NA,NA,NA,NA
2045-07-01,16.7646454953559,19.5942341147603,22.4138256846854,NA,NA,NA,NA,NA,NA,NA,NA,NA
2045-08-01,15.370425148097,18.1802686378146,20.9930804191528,NA,NA,NA,NA,NA,NA,NA,NA,NA
2045-09-01,12.6604528376162,15.3629830140829,18.1133667938237,NA,NA,NA,NA,NA,NA,NA,NA,NA
2045-10-01,6.2974414801233,8.98811635031582,11.7031443555334,NA,NA,NA,NA,NA,NA,NA,NA,NA
2045-11-01,2.45092155097609,5.18625818746605,7.93206647390498,NA,NA,NA,NA,NA,NA,NA,NA,NA
2045-12-01,3.03386401259898,5.72956479465661,8.45957210886112,NA,NA,NA,NA,NA,NA,NA,NA,NA
2046-01-01,0.668817772792344,3.44898313839736,6.21751310131425,NA,NA,NA,NA,NA,NA,NA,NA,NA
2046-02-01,1.37996199847009,4.10223604630421,6.86914265772988,NA,NA,NA,NA,NA,NA,NA,NA,NA
2046-03-01,4.37193866505447,7.13687896818928,9.82402150570002,NA,NA,NA,NA,NA,NA,NA,NA,NA
2046-04-01,6.39059247949031,9.08123905302998,11.7606761656912,NA,NA,NA,NA,NA,NA,NA,NA,NA
2046-05-01,10.3427486261885,13.0870448116188,15.8334536659816,NA,NA,NA,NA,NA,NA,NA,NA,NA
2046-06-01,14.859112603491,17.6414749876545,20.4352187410326,NA,NA,NA,NA,NA,NA,NA,NA,NA
2046-07-01,16.0048497756577,18.825361090043,21.6134915839198,NA,NA,NA,NA,NA,NA,NA,NA,NA
2046-08-01,15.8561818209796,18.6252318096594,21.4390444786932,NA,NA,NA,NA,NA,NA,NA,NA,NA
2046-09-01,11.9234118991954,14.7194537604143,17.4626361592872,NA,NA,NA,NA,NA,NA,NA,NA,NA
2046-10-01,7.67192953844016,10.3871652400723,13.0966291519915,NA,NA,NA,NA,NA,NA,NA,NA,NA
2046-11-01,2.80556325943837,5.60810182266543,8.38233007229753,NA,NA,NA,NA,NA,NA,NA,NA,NA
2046-12-01,0.370345451156353,3.11628238505304,5.93336374433116,NA,NA,NA,NA,NA,NA,NA,NA,NA
2047-01-01,1.34585460672379,4.09801985767833,6.91008430495768,NA,NA,NA,NA,NA,NA,NA,NA,NA
2047-02-01,2.61720153771191,5.41107020020415,8.10724037978265,NA,NA,NA,NA,NA,NA,NA,NA,NA
2047-03-01,4.50517989232866,7.22538678637622,9.97345507838805,NA,NA,NA,NA,NA,NA,NA,NA,NA
2047-04-01,6.05077912624072,8.76157249080971,11.4168022017663,NA,NA,NA,NA,NA,NA,NA,NA,NA
2047-05-01,10.4110060598845,13.0863915933184,15.8163176583295,NA,NA,NA,NA,NA,NA,NA,NA,NA
2047-06-01,15.33110540199,18.0903045462722,20.8861869270792,NA,NA,NA,NA,NA,NA,NA,NA,NA
2047-07-01,16.4659283079242,19.2713615821266,22.0852927521264,NA,NA,NA,NA,NA,NA,NA,NA,NA
2047-08-01,15.7792860335862,18.6225855753288,21.3932463731971,NA,NA,NA,NA,NA,NA,NA,NA,NA
2047-09-01,12.3046292844888,15.0510800535649,17.739281243746,NA,NA,NA,NA,NA,NA,NA,NA,NA
2047-10-01,7.91453860168491,10.5961779935769,13.3141145459464,NA,NA,NA,NA,NA,NA,NA,NA,NA
2047-11-01,1.66821723421313,4.43352838333452,7.2134467240321,NA,NA,NA,NA,NA,NA,NA,NA,NA
2047-12-01,2.4308210575549,5.18408452079472,7.8996715324551,NA,NA,NA,NA,NA,NA,NA,NA,NA
2048-01-01,-0.772013565507236,2.04983203380997,4.79722863815311,NA,NA,NA,NA,NA,NA,NA,NA,NA
2048-02-01,3.34164444927033,6.05312781558528,8.79113319318497,NA,NA,NA,NA,NA,NA,NA,NA,NA
2048-03-01,2.83453206955257,5.61943526440611,8.34913434078916,NA,NA,NA,NA,NA,NA,NA,NA,NA
2048-04-01,6.223992449479,8.98362311873359,11.6702015312152,NA,NA,NA,NA,NA,NA,NA,NA,NA
2048-05-01,10.0192417273042,12.7614792659607,15.4563014834453,NA,NA,NA,NA,NA,NA,NA,NA,NA
2048-06-01,15.0528571291012,17.8482623485225,20.6293245089455,NA,NA,NA,NA,NA,NA,NA,NA,NA
2048-07-01,15.8956792937392,18.7336137580746,21.5594856726266,NA,NA,NA,NA,NA,NA,NA,NA,NA
2048-08-01,15.4950774132324,18.2917628481082,21.1016631151043,NA,NA,NA,NA,NA,NA,NA,NA,NA
2048-09-01,11.8710660737029,14.6235810856199,17.3216651204354,NA,NA,NA,NA,NA,NA,NA,NA,NA
2048-10-01,6.6796127945851,9.40707743926612,12.1397564053082,NA,NA,NA,NA,NA,NA,NA,NA,NA
2048-11-01,2.9556890849229,5.72987163675072,8.48861855633309,NA,NA,NA,NA,NA,NA,NA,NA,NA
2048-12-01,1.54861967747273,4.32834925865635,7.11466064381572,NA,NA,NA,NA,NA,NA,NA,NA,NA
2049-01-01,1.42417839583221,4.20817923755782,6.98071556495875,NA,NA,NA,NA,NA,NA,NA,NA,NA
2049-02-01,1.65798036026151,4.43135171515783,7.17402257211115,NA,NA,NA,NA,NA,NA,NA,NA,NA
2049-03-01,4.0466612825308,6.80416678411398,9.50708197943024,NA,NA,NA,NA,NA,NA,NA,NA,NA
2049-04-01,5.9252590099954,8.65217596125869,11.3572794789205,NA,NA,NA,NA,NA,NA,NA,NA,NA
2049-05-01,10.6855820528298,13.4274973662403,16.1365675517678,NA,NA,NA,NA,NA,NA,NA,NA,NA
2049-06-01,15.5839116853597,18.3914759847279,21.1553393613753,NA,NA,NA,NA,NA,NA,NA,NA,NA
2049-07-01,17.4829398782535,20.3560367109265,23.1763967932405,NA,NA,NA,NA,NA,NA,NA,NA,NA
2049-08-01,17.0565908504252,19.9438605553093,22.7896032735297,NA,NA,NA,NA,NA,NA,NA,NA,NA
2049-09-01,12.9409774457815,15.6930564215285,18.4474137965549,NA,NA,NA,NA,NA,NA,NA,NA,NA
2049-10-01,9.10341320312162,11.7991579709553,14.4312221161899,NA,NA,NA,NA,NA,NA,NA,NA,NA
2049-11-01,2.09213767060854,4.85310329902369,7.65174434671318,NA,NA,NA,NA,NA,NA,NA,NA,NA
2049-12-01,0.7670471448907,3.5572082199282,6.33579503714184,NA,NA,NA,NA,NA,NA,NA,NA,NA
2050-01-01,0.428961756996154,3.21681588217392,6.0359449652764,NA,NA,NA,NA,NA,NA,NA,NA,NA
2050-02-01,1.08452881620404,3.87616524960737,6.63490387378975,NA,NA,NA,NA,NA,NA,NA,NA,NA
2050-03-01,3.08672655467986,5.84228435416455,8.58618350051801,NA,NA,NA,NA,NA,NA,NA,NA,NA
2050-04-01,6.52681779966341,9.32356668775836,12.0383080830304,NA,NA,NA,NA,NA,NA,NA,NA,NA
2050-05-01,10.8138671052504,13.5371028778246,16.2543313493341,NA,NA,NA,NA,NA,NA,NA,NA,NA
2050-06-01,15.2632020095339,18.0731776737604,20.9171708033799,NA,NA,NA,NA,NA,NA,NA,NA,NA
2050-07-01,16.4851945432841,19.2661468703642,22.0629593160435,NA,NA,NA,NA,NA,NA,NA,NA,NA
2050-08-01,15.4337045332712,18.1900077530569,20.9673486579663,NA,NA,NA,NA,NA,NA,NA,NA,NA
2050-09-01,10.7042705978495,13.5162417678119,16.2234798099465,NA,NA,NA,NA,NA,NA,NA,NA,NA
2050-10-01,6.77540842468273,9.50684094116962,12.2438195747006,NA,NA,NA,NA,NA,NA,NA,NA,NA
2050-11-01,1.20301160220665,3.99029572829886,6.77936740092602,NA,NA,NA,NA,NA,NA,NA,NA,NA
2050-12-01,1.28654912266931,4.10725551117325,6.86795945738359,NA,NA,NA,NA,NA,NA,NA,NA,NA
2051-01-01,-1.19374435997847,1.59885365310752,4.45933324161436,NA,NA,NA,NA,NA,NA,NA,NA,NA
2051-02-01,0.547789856023341,3.3349415926293,6.10693116459128,NA,NA,NA,NA,NA,NA,NA,NA,NA
2051-03-01,3.40974347412477,6.15351211858285,8.90463715647006,NA,NA,NA,NA,NA,NA,NA,NA,NA
2051-04-01,6.87847228575916,9.62363101465732,12.3226571531542,NA,NA,NA,NA,NA,NA,NA,NA,NA
2051-05-01,11.1558834878371,13.9632247936684,16.7063633830811,NA,NA,NA,NA,NA,NA,NA,NA,NA
2051-06-01,15.4953274491501,18.2872741660328,21.0665395319342,NA,NA,NA,NA,NA,NA,NA,NA,NA
2051-07-01,17.3977333928864,20.250955597385,23.1409858046808,NA,NA,NA,NA,NA,NA,NA,NA,NA
2051-08-01,16.110887342509,18.928987911402,21.7902787991632,NA,NA,NA,NA,NA,NA,NA,NA,NA
2051-09-01,12.7145529485477,15.4652176511828,18.2202150228907,NA,NA,NA,NA,NA,NA,NA,NA,NA
2051-10-01,8.4335957801558,11.1521384152425,13.8477796606323,NA,NA,NA,NA,NA,NA,NA,NA,NA
2051-11-01,4.60415570995018,7.35528257120177,10.0685075359303,NA,NA,NA,NA,NA,NA,NA,NA,NA
2051-12-01,1.87206751133869,4.63104359780832,7.40955526601204,NA,NA,NA,NA,NA,NA,NA,NA,NA
2052-01-01,1.72892181096621,4.53988563428724,7.30969808452255,NA,NA,NA,NA,NA,NA,NA,NA,NA
2052-02-01,3.34961011997018,6.04694856103086,8.76265565465228,NA,NA,NA,NA,NA,NA,NA,NA,NA
2052-03-01,3.64647801314375,6.37705290482325,9.11483474967355,NA,NA,NA,NA,NA,NA,NA,NA,NA
2052-04-01,7.75986703430317,10.4901824436971,13.2052064871414,NA,NA,NA,NA,NA,NA,NA,NA,NA
2052-05-01,11.7716369237524,14.4972778060204,17.2006416914761,NA,NA,NA,NA,NA,NA,NA,NA,NA
2052-06-01,15.9973229609407,18.8318468315625,21.6437267552807,NA,NA,NA,NA,NA,NA,NA,NA,NA
2052-07-01,16.6589726681742,19.4991492188452,22.3002880934501,NA,NA,NA,NA,NA,NA,NA,NA,NA
2052-08-01,15.8027783155996,18.6254872192776,21.4020541093641,NA,NA,NA,NA,NA,NA,NA,NA,NA
2052-09-01,12.7336007249104,15.4648229002082,18.2139390849435,NA,NA,NA,NA,NA,NA,NA,NA,NA
2052-10-01,8.19562011241002,10.9268821882542,13.5977246412496,NA,NA,NA,NA,NA,NA,NA,NA,NA
2052-11-01,2.33728622128079,5.07914011024259,7.83691116435491,NA,NA,NA,NA,NA,NA,NA,NA,NA
2052-12-01,0.000268413703862149,2.80382209643633,5.56543415262239,NA,NA,NA,NA,NA,NA,NA,NA,NA
2053-01-01,-0.490874777800798,2.37008310854038,5.19538462124036,NA,NA,NA,NA,NA,NA,NA,NA,NA
2053-02-01,0.0397500074368025,2.81285906788586,5.59744058494279,NA,NA,NA,NA,NA,NA,NA,NA,NA
2053-03-01,1.47028680679076,4.205803327969,6.98155983179739,NA,NA,NA,NA,NA,NA,NA,NA,NA
2053-04-01,8.00177244110999,10.7039704087757,13.4343724607315,NA,NA,NA,NA,NA,NA,NA,NA,NA
2053-05-01,11.0812363422219,13.8409059466354,16.6124398640299,NA,NA,NA,NA,NA,NA,NA,NA,NA
2053-06-01,14.711715964414,17.54757540446,20.3629793413451,NA,NA,NA,NA,NA,NA,NA,NA,NA
2053-07-01,16.8634921964348,19.7106165345078,22.5387149556891,NA,NA,NA,NA,NA,NA,NA,NA,NA
2053-08-01,16.0149659394648,18.8425929025913,21.6005164476099,NA,NA,NA,NA,NA,NA,NA,NA,NA
2053-09-01,12.2848555228879,15.0298528967022,17.8221631716112,NA,NA,NA,NA,NA,NA,NA,NA,NA
2053-10-01,7.8330013344649,10.4937484022819,13.1655432028831,NA,NA,NA,NA,NA,NA,NA,NA,NA
2053-11-01,2.54650959559885,5.29239002564987,8.03248401426002,NA,NA,NA,NA,NA,NA,NA,NA,NA
2053-12-01,1.97704870024086,4.75479592758518,7.48673035254871,NA,NA,NA,NA,NA,NA,NA,NA,NA
2054-01-01,-0.221809089461687,2.58270493916256,5.32152399561167,NA,NA,NA,NA,NA,NA,NA,NA,NA
2054-02-01,0.333441699654808,3.13687946804512,5.93585968159869,NA,NA,NA,NA,NA,NA,NA,NA,NA
2054-03-01,3.96537089839279,6.70907563204633,9.3951932468756,NA,NA,NA,NA,NA,NA,NA,NA,NA
2054-04-01,7.87477993310629,10.595948904141,13.3528383660559,NA,NA,NA,NA,NA,NA,NA,NA,NA
2054-05-01,10.2368483164947,12.9902715882106,15.717237931609,NA,NA,NA,NA,NA,NA,NA,NA,NA
2054-06-01,14.0520105181757,16.7765927846177,19.5359858351185,NA,NA,NA,NA,NA,NA,NA,NA,NA
2054-07-01,16.8742882993,19.7023464741308,22.5107743879823,NA,NA,NA,NA,NA,NA,NA,NA,NA
2054-08-01,15.7844083770001,18.623845333711,21.4684446030077,NA,NA,NA,NA,NA,NA,NA,NA,NA
2054-09-01,12.388589757786,15.1536109619569,17.8902136971482,NA,NA,NA,NA,NA,NA,NA,NA,NA
2054-10-01,7.6830917570214,10.3815779672047,13.08045984074,NA,NA,NA,NA,NA,NA,NA,NA,NA
2054-11-01,2.59434296383304,5.29988652496132,8.04593184699605,NA,NA,NA,NA,NA,NA,NA,NA,NA
2054-12-01,1.27636379259064,4.10135853965302,6.84790001927624,NA,NA,NA,NA,NA,NA,NA,NA,NA
2055-01-01,1.22714132999857,3.99598795850172,6.75726875358958,NA,NA,NA,NA,NA,NA,NA,NA,NA
2055-02-01,3.83363052436174,6.60688668541804,9.32126965147607,NA,NA,NA,NA,NA,NA,NA,NA,NA
2055-03-01,4.17759239297315,6.91194039170371,9.63294061802798,NA,NA,NA,NA,NA,NA,NA,NA,NA
2055-04-01,7.65299898935347,10.3805501389497,13.0966480914688,NA,NA,NA,NA,NA,NA,NA,NA,NA
2055-05-01,10.349386429329,13.1028052950591,15.8492202003138,NA,NA,NA,NA,NA,NA,NA,NA,NA
2055-06-01,15.5449312979796,18.3912780592496,21.2173039386617,NA,NA,NA,NA,NA,NA,NA,NA,NA
2055-07-01,16.6685418647054,19.4686823033913,22.3459860242323,NA,NA,NA,NA,NA,NA,NA,NA,NA
2055-08-01,15.7908967560811,18.608313800754,21.4062009457161,NA,NA,NA,NA,NA,NA,NA,NA,NA
2055-09-01,12.6370547977375,15.3755448489076,18.1178455666522,NA,NA,NA,NA,NA,NA,NA,NA,NA
2055-10-01,8.19158231798958,10.9173863245169,13.6455853547897,NA,NA,NA,NA,NA,NA,NA,NA,NA
2055-11-01,4.75362004928984,7.4436002159292,10.1733416734234,NA,NA,NA,NA,NA,NA,NA,NA,NA
2055-12-01,2.3192655346419,5.07559918843676,7.8140388174863,NA,NA,NA,NA,NA,NA,NA,NA,NA
2056-01-01,-1.08513637845909,1.71323506918634,4.55083346697152,NA,NA,NA,NA,NA,NA,NA,NA,NA
2056-02-01,0.987636322046699,3.76004470966692,6.50494648301582,NA,NA,NA,NA,NA,NA,NA,NA,NA
2056-03-01,2.40499215625864,5.19123417401908,7.9053635188689,NA,NA,NA,NA,NA,NA,NA,NA,NA
2056-04-01,7.40787219121344,10.1519879417068,12.8770239414727,NA,NA,NA,NA,NA,NA,NA,NA,NA
2056-05-01,11.2436908766514,13.9540378316933,16.6849512902048,NA,NA,NA,NA,NA,NA,NA,NA,NA
2056-06-01,16.7647861996175,19.5864354890563,22.3985401747504,NA,NA,NA,NA,NA,NA,NA,NA,NA
2056-07-01,16.8808210028238,19.7027146108548,22.4932040778604,NA,NA,NA,NA,NA,NA,NA,NA,NA
2056-08-01,15.9309703459408,18.7206185734428,21.5502391986309,NA,NA,NA,NA,NA,NA,NA,NA,NA
2056-09-01,11.9149204250905,14.6177110277783,17.3459026092809,NA,NA,NA,NA,NA,NA,NA,NA,NA
2056-10-01,8.05732680630513,10.79781347821,13.492163335239,NA,NA,NA,NA,NA,NA,NA,NA,NA
2056-11-01,1.7747284728205,4.53930825878904,7.27912447853329,NA,NA,NA,NA,NA,NA,NA,NA,NA
2056-12-01,1.31862769789685,4.10231946662748,6.88894536487213,NA,NA,NA,NA,NA,NA,NA,NA,NA
2057-01-01,0.883717760968414,3.66624074091686,6.43755719734018,NA,NA,NA,NA,NA,NA,NA,NA,NA
2057-02-01,1.00905042178772,3.75782363776765,6.51191095190188,NA,NA,NA,NA,NA,NA,NA,NA,NA
2057-03-01,2.22358546464616,4.96904833330195,7.72642089371936,NA,NA,NA,NA,NA,NA,NA,NA,NA
2057-04-01,6.60051959716723,9.30976682624974,12.0320694082069,NA,NA,NA,NA,NA,NA,NA,NA,NA
2057-05-01,10.5706174764539,13.3129162798524,15.9939663496396,NA,NA,NA,NA,NA,NA,NA,NA,NA
2057-06-01,14.4984266518723,17.3147182942254,20.1150321322323,NA,NA,NA,NA,NA,NA,NA,NA,NA
2057-07-01,15.7628492005535,18.6129045821845,21.4734474936362,NA,NA,NA,NA,NA,NA,NA,NA,NA
2057-08-01,14.7723579617064,17.5413432339915,20.3523369840799,NA,NA,NA,NA,NA,NA,NA,NA,NA
2057-09-01,11.977059239138,14.7178030492925,17.4766751875924,NA,NA,NA,NA,NA,NA,NA,NA,NA
2057-10-01,7.22605333940545,9.9336151015912,12.6695007533405,NA,NA,NA,NA,NA,NA,NA,NA,NA
2057-11-01,1.88815424666295,4.64011703372114,7.38787823554431,NA,NA,NA,NA,NA,NA,NA,NA,NA
2057-12-01,2.28544056178515,5.06064423853659,7.79413901378998,NA,NA,NA,NA,NA,NA,NA,NA,NA
2058-01-01,-0.984186960868471,1.83191982224856,4.63903691829405,NA,NA,NA,NA,NA,NA,NA,NA,NA
2058-02-01,1.99018851022223,4.74725195594048,7.53399751322706,NA,NA,NA,NA,NA,NA,NA,NA,NA
2058-03-01,2.52119625717064,5.28730623831105,8.03327595659358,NA,NA,NA,NA,NA,NA,NA,NA,NA
2058-04-01,5.40120052183741,8.10998723445482,10.8069423613251,NA,NA,NA,NA,NA,NA,NA,NA,NA
2058-05-01,10.21755043087,12.9628429130097,15.6608788999721,NA,NA,NA,NA,NA,NA,NA,NA,NA
2058-06-01,15.8486880665608,18.6136085113893,21.4512743094821,NA,NA,NA,NA,NA,NA,NA,NA,NA
2058-07-01,16.8714115722089,19.6976596122164,22.5465594089515,NA,NA,NA,NA,NA,NA,NA,NA,NA
2058-08-01,16.1717609348867,18.9637488213061,21.7268659224438,NA,NA,NA,NA,NA,NA,NA,NA,NA
2058-09-01,12.2214175469392,15.0401294850992,17.712580957006,NA,NA,NA,NA,NA,NA,NA,NA,NA
2058-10-01,7.93976296090794,10.70655414425,13.4072311197917,NA,NA,NA,NA,NA,NA,NA,NA,NA
2058-11-01,0.776670452340362,3.56695485763825,6.33616420326984,NA,NA,NA,NA,NA,NA,NA,NA,NA
2058-12-01,-2.63046913218741,0.205238218856942,3.07265882216309,NA,NA,NA,NA,NA,NA,NA,NA,NA
2059-01-01,-2.75080165708499,0.0922177227118923,2.97144148303549,NA,NA,NA,NA,NA,NA,NA,NA,NA
2059-02-01,2.12695576672079,4.84887818261409,7.56042773872216,NA,NA,NA,NA,NA,NA,NA,NA,NA
2059-03-01,3.65061653098148,6.38064973752734,9.11308929621127,NA,NA,NA,NA,NA,NA,NA,NA,NA
2059-04-01,4.82527316766124,7.57644022071201,10.2981334137284,NA,NA,NA,NA,NA,NA,NA,NA,NA
2059-05-01,9.75496217877233,12.4520515338416,15.1412688206714,NA,NA,NA,NA,NA,NA,NA,NA,NA
2059-06-01,14.0028863249762,16.7825485640346,19.55017500052,NA,NA,NA,NA,NA,NA,NA,NA,NA
2059-07-01,16.2167284252212,19.0533124827533,21.7973397427001,NA,NA,NA,NA,NA,NA,NA,NA,NA
2059-08-01,15.2310699279062,18.0731698802424,20.8470559428942,NA,NA,NA,NA,NA,NA,NA,NA,NA
2059-09-01,13.1641527154762,15.906212440127,18.6972026469962,NA,NA,NA,NA,NA,NA,NA,NA,NA
2059-10-01,6.7658906656693,9.51310494134195,12.2230114470807,NA,NA,NA,NA,NA,NA,NA,NA,NA
2059-11-01,4.16210354544579,6.914058077234,9.68482226053002,NA,NA,NA,NA,NA,NA,NA,NA,NA
2059-12-01,2.86019857024444,5.60704641502868,8.30832747452038,NA,NA,NA,NA,NA,NA,NA,NA,NA
2060-01-01,1.45848065205381,4.22021500041389,6.96897008406435,NA,NA,NA,NA,NA,NA,NA,NA,NA
2060-02-01,1.26640122721864,3.99493913613602,6.75430498324415,NA,NA,NA,NA,NA,NA,NA,NA,NA
2060-03-01,4.96546863147399,7.67645904479754,10.4164345639037,NA,NA,NA,NA,NA,NA,NA,NA,NA
2060-04-01,7.88984331493911,10.6136970353437,13.3185670573312,NA,NA,NA,NA,NA,NA,NA,NA,NA
2060-05-01,11.1122051901888,13.8530497378788,16.5978371697347,NA,NA,NA,NA,NA,NA,NA,NA,NA
2060-06-01,15.4690644790342,18.28710952077,21.0955351411409,NA,NA,NA,NA,NA,NA,NA,NA,NA
2060-07-01,16.4257353712202,19.2607476888223,22.1337399378286,NA,NA,NA,NA,NA,NA,NA,NA,NA
2060-08-01,16.1186698050853,18.9402168641479,21.7387475478724,NA,NA,NA,NA,NA,NA,NA,NA,NA
2060-09-01,12.7786867666681,15.4642975042047,18.2585051355997,NA,NA,NA,NA,NA,NA,NA,NA,NA
2060-10-01,7.4821756967974,10.1743028688272,12.9104957002516,NA,NA,NA,NA,NA,NA,NA,NA,NA
2060-11-01,1.52619287835359,4.31537054664984,7.07832494747814,NA,NA,NA,NA,NA,NA,NA,NA,NA
2060-12-01,1.76628088718736,4.53740391578284,7.2738216760376,NA,NA,NA,NA,NA,NA,NA,NA,NA
2061-01-01,1.74188182710056,4.53618243725349,7.26854878424206,NA,NA,NA,NA,NA,NA,NA,NA,NA
2061-02-01,2.33802401514156,5.0753418888111,7.79240415155675,NA,NA,NA,NA,NA,NA,NA,NA,NA
2061-03-01,1.76092226123067,4.53905176121062,7.27181392948696,NA,NA,NA,NA,NA,NA,NA,NA,NA
2061-04-01,6.38327648480854,9.08430471227159,11.7986418006258,NA,NA,NA,NA,NA,NA,NA,NA,NA
2061-05-01,10.9280890458084,13.6298266041364,16.3601054652021,NA,NA,NA,NA,NA,NA,NA,NA,NA
2061-06-01,15.7052128683768,18.5135378562615,21.3343422849879,NA,NA,NA,NA,NA,NA,NA,NA,NA
2061-07-01,17.5358426453073,20.4581651177388,23.3228274493189,NA,NA,NA,NA,NA,NA,NA,NA,NA
2061-08-01,15.8341045136165,18.640861353906,21.4036513217058,NA,NA,NA,NA,NA,NA,NA,NA,NA
2061-09-01,12.4125052835304,15.1349059922701,17.8520625020161,NA,NA,NA,NA,NA,NA,NA,NA,NA
2061-10-01,7.23413419624584,9.93978232455325,12.6353701411315,NA,NA,NA,NA,NA,NA,NA,NA,NA
2061-11-01,3.17934932021212,5.93608513643375,8.62289553612041,NA,NA,NA,NA,NA,NA,NA,NA,NA
2061-12-01,1.80917619304793,4.53545030559667,7.27884143875032,NA,NA,NA,NA,NA,NA,NA,NA,NA
2062-01-01,-0.513496527366582,2.37188788084154,5.15502303354835,NA,NA,NA,NA,NA,NA,NA,NA,NA
2062-02-01,1.06836808798949,3.88071865393118,6.66100427208432,NA,NA,NA,NA,NA,NA,NA,NA,NA
2062-03-01,3.16991674551739,5.94272028101383,8.68728425887443,NA,NA,NA,NA,NA,NA,NA,NA,NA
2062-04-01,7.49042061896394,10.1660903284334,12.8915981888687,NA,NA,NA,NA,NA,NA,NA,NA,NA
2062-05-01,11.115916470435,13.8511461884393,16.5410012773934,NA,NA,NA,NA,NA,NA,NA,NA,NA
2062-06-01,15.1490874065104,17.9688746113249,20.7767210359284,NA,NA,NA,NA,NA,NA,NA,NA,NA
2062-07-01,16.8177982992526,19.5768155987492,22.4152138631048,NA,NA,NA,NA,NA,NA,NA,NA,NA
2062-08-01,16.0942755180767,18.9421892664389,21.7719322287657,NA,NA,NA,NA,NA,NA,NA,NA,NA
2062-09-01,12.4830963143435,15.254605772153,17.98661657454,NA,NA,NA,NA,NA,NA,NA,NA,NA
2062-10-01,8.30435120666917,11.0354123307796,13.7552334124546,NA,NA,NA,NA,NA,NA,NA,NA,NA
2062-11-01,1.41962080860527,4.20623762473816,6.90770953434305,NA,NA,NA,NA,NA,NA,NA,NA,NA
2062-12-01,0.729115885309553,3.5545059229764,6.34170817900855,NA,NA,NA,NA,NA,NA,NA,NA,NA
2063-01-01,-1.39000355094595,1.40424855888955,4.18320487971822,NA,NA,NA,NA,NA,NA,NA,NA,NA
2063-02-01,2.66581597916964,5.39714247989407,8.16569900730829,NA,NA,NA,NA,NA,NA,NA,NA,NA
2063-03-01,4.8532678536974,7.56898579271325,10.341870727742,NA,NA,NA,NA,NA,NA,NA,NA,NA
2063-04-01,8.23262661125463,10.9183677182962,13.6015108358718,NA,NA,NA,NA,NA,NA,NA,NA,NA
2063-05-01,12.0727178932817,14.8170954201348,17.534697041898,NA,NA,NA,NA,NA,NA,NA,NA,NA
2063-06-01,15.6712899113486,18.5054454741843,21.3837190782482,NA,NA,NA,NA,NA,NA,NA,NA,NA
2063-07-01,17.2858253240495,20.1158219458312,22.9995080996964,NA,NA,NA,NA,NA,NA,NA,NA,NA
2063-08-01,15.68622149397,18.5104793916851,21.3172106759817,NA,NA,NA,NA,NA,NA,NA,NA,NA
2063-09-01,11.9846880151432,14.7301257448653,17.4755159529364,NA,NA,NA,NA,NA,NA,NA,NA,NA
2063-10-01,8.73880854893167,11.4595556612764,14.1631579432645,NA,NA,NA,NA,NA,NA,NA,NA,NA
2063-11-01,3.18023916863272,5.9379663404246,8.68958650273392,NA,NA,NA,NA,NA,NA,NA,NA,NA
2063-12-01,-0.554610735336134,2.25833719573951,5.10363890879487,NA,NA,NA,NA,NA,NA,NA,NA,NA
2064-01-01,-0.398213480062294,2.35820904146724,5.20276930348257,NA,NA,NA,NA,NA,NA,NA,NA,NA
2064-02-01,0.922394293976995,3.67696495619635,6.43062216542184,NA,NA,NA,NA,NA,NA,NA,NA,NA
2064-03-01,1.54061891732182,4.32273384643312,7.10034437164819,NA,NA,NA,NA,NA,NA,NA,NA,NA
2064-04-01,6.89777675350129,9.62096600740962,12.3355268551333,NA,NA,NA,NA,NA,NA,NA,NA,NA
2064-05-01,10.9332947712664,13.6298670762314,16.3165537042789,NA,NA,NA,NA,NA,NA,NA,NA,NA
2064-06-01,14.7500479660884,17.5350459542601,20.3194081344519,NA,NA,NA,NA,NA,NA,NA,NA,NA
2064-07-01,15.8892170852311,18.7324298087465,21.4821307813496,NA,NA,NA,NA,NA,NA,NA,NA,NA
2064-08-01,15.5208550227086,18.2828759964486,21.0906307051204,NA,NA,NA,NA,NA,NA,NA,NA,NA
2064-09-01,12.1423676302271,14.9153006892073,17.6812151928084,NA,NA,NA,NA,NA,NA,NA,NA,NA
2064-10-01,8.85788975303907,11.5792059789835,14.2972381512562,NA,NA,NA,NA,NA,NA,NA,NA,NA
2064-11-01,4.16565921299818,6.920908771357,9.67361668481546,NA,NA,NA,NA,NA,NA,NA,NA,NA
2064-12-01,2.42888954051492,5.17442927041519,7.94005913806868,NA,NA,NA,NA,NA,NA,NA,NA,NA
2065-01-01,0.117885952060518,2.91013943358382,5.69781392249122,NA,NA,NA,NA,NA,NA,NA,NA,NA
2065-02-01,2.593275568237,5.29938167136796,8.01097092760711,NA,NA,NA,NA,NA,NA,NA,NA,NA
2065-03-01,2.07662651854522,4.86106135306382,7.60080147479982,NA,NA,NA,NA,NA,NA,NA,NA,NA
2065-04-01,6.82521561700192,9.61373020570565,12.3204370416224,NA,NA,NA,NA,NA,NA,NA,NA,NA
2065-05-01,10.9958742691126,13.7478418260179,16.5004765591676,NA,NA,NA,NA,NA,NA,NA,NA,NA
2065-06-01,16.7552202810111,19.5847536977658,22.4430199001904,NA,NA,NA,NA,NA,NA,NA,NA,NA
2065-07-01,16.9616865624585,19.8053505475757,22.6506908526194,NA,NA,NA,NA,NA,NA,NA,NA,NA
2065-08-01,16.017070274106,18.8289053629633,21.6387148960363,NA,NA,NA,NA,NA,NA,NA,NA,NA
2065-09-01,13.5729527002346,16.3270734386722,19.0702296535083,NA,NA,NA,NA,NA,NA,NA,NA,NA
2065-10-01,7.79120659494946,10.4986669422834,13.2159768426054,NA,NA,NA,NA,NA,NA,NA,NA,NA
2065-11-01,3.17735848048961,5.94734661115617,8.66919861322559,NA,NA,NA,NA,NA,NA,NA,NA,NA
2065-12-01,1.00735463889074,3.77973894840767,6.53727167219445,NA,NA,NA,NA,NA,NA,NA,NA,NA
2066-01-01,0.847848151747242,3.66748381481512,6.39224517731119,NA,NA,NA,NA,NA,NA,NA,NA,NA
2066-02-01,1.89908304435763,4.63872068046587,7.41891767017391,NA,NA,NA,NA,NA,NA,NA,NA,NA
2066-03-01,1.95155509845999,4.74549198183419,7.53297165455433,NA,NA,NA,NA,NA,NA,NA,NA,NA
2066-04-01,8.25911982732032,11.0318363390922,13.6980017209645,NA,NA,NA,NA,NA,NA,NA,NA,NA
2066-05-01,11.2279381790197,13.9665659551201,16.6570392315889,NA,NA,NA,NA,NA,NA,NA,NA,NA
2066-06-01,16.0072454908309,18.8268922369381,21.6353398187835,NA,NA,NA,NA,NA,NA,NA,NA,NA
2066-07-01,18.2391702334496,21.1203083170755,24.0166420787314,NA,NA,NA,NA,NA,NA,NA,NA,NA
2066-08-01,16.3191061472679,19.157299607197,21.942694573661,NA,NA,NA,NA,NA,NA,NA,NA,NA
2066-09-01,13.5081601957164,16.2290723343135,18.9926636260584,NA,NA,NA,NA,NA,NA,NA,NA,NA
2066-10-01,7.92857270977106,10.6051307198452,13.3157694686553,NA,NA,NA,NA,NA,NA,NA,NA,NA
2066-11-01,3.72689821194329,6.47804153418836,9.22305944755979,NA,NA,NA,NA,NA,NA,NA,NA,NA
2066-12-01,0.987431671770966,3.76694790933832,6.52871461847025,NA,NA,NA,NA,NA,NA,NA,NA,NA
2067-01-01,1.85288772549907,4.65021288416826,7.382976856441,NA,NA,NA,NA,NA,NA,NA,NA,NA
2067-02-01,3.73659078098516,6.48988133432889,9.21439865036825,NA,NA,NA,NA,NA,NA,NA,NA,NA
2067-03-01,2.88740623291014,5.6251100127861,8.3432543723533,NA,NA,NA,NA,NA,NA,NA,NA,NA
2067-04-01,6.66024327961286,9.40007724113735,12.0386502815562,NA,NA,NA,NA,NA,NA,NA,NA,NA
2067-05-01,10.5808609602454,13.3062358746934,16.051229098114,NA,NA,NA,NA,NA,NA,NA,NA,NA
2067-06-01,14.5177904159729,17.3290022246506,20.0794214737158,NA,NA,NA,NA,NA,NA,NA,NA,NA
2067-07-01,16.9783808473528,19.7913484862504,22.6168576670527,NA,NA,NA,NA,NA,NA,NA,NA,NA
2067-08-01,15.6022723057017,18.3937317755186,21.185736097002,NA,NA,NA,NA,NA,NA,NA,NA,NA
2067-09-01,11.6603394272767,14.4012430357721,17.1305397611924,NA,NA,NA,NA,NA,NA,NA,NA,NA
2067-10-01,7.881260655849,10.605046073558,13.3102131415016,NA,NA,NA,NA,NA,NA,NA,NA,NA
2067-11-01,3.28475515859901,6.04655767996882,8.81211839780728,NA,NA,NA,NA,NA,NA,NA,NA,NA
2067-12-01,1.07347238425814,3.88702768349923,6.6767396351652,NA,NA,NA,NA,NA,NA,NA,NA,NA
2068-01-01,2.12777111797147,4.87367666311742,7.63305462930592,NA,NA,NA,NA,NA,NA,NA,NA,NA
2068-02-01,0.988776819191494,3.76595767501915,6.52995255751883,NA,NA,NA,NA,NA,NA,NA,NA,NA
2068-03-01,2.68442114679462,5.40338636682975,8.11546366964697,NA,NA,NA,NA,NA,NA,NA,NA,NA
2068-04-01,7.03397092336754,9.74594674772023,12.4126246175794,NA,NA,NA,NA,NA,NA,NA,NA,NA
2068-05-01,10.8748009382374,13.6315939916565,16.3304942917568,NA,NA,NA,NA,NA,NA,NA,NA,NA
2068-06-01,15.3937645566703,18.1916872598546,21.0096900356252,NA,NA,NA,NA,NA,NA,NA,NA,NA
2068-07-01,17.584076920642,20.4670494852926,23.3148786219179,NA,NA,NA,NA,NA,NA,NA,NA,NA
2068-08-01,15.9029456283875,18.7312168402717,21.5292155070164,NA,NA,NA,NA,NA,NA,NA,NA,NA
2068-09-01,12.2903531290118,15.0487173516331,17.7854849978888,NA,NA,NA,NA,NA,NA,NA,NA,NA
2068-10-01,8.56368070911411,11.2565455961255,13.9682331503116,NA,NA,NA,NA,NA,NA,NA,NA,NA
2068-11-01,3.73937665695437,6.47927035600096,9.2220080201035,NA,NA,NA,NA,NA,NA,NA,NA,NA
2068-12-01,1.52001268483538,4.31255976847062,7.14130308513153,NA,NA,NA,NA,NA,NA,NA,NA,NA
2069-01-01,-0.573379509198417,2.26181556121382,5.06071055691491,NA,NA,NA,NA,NA,NA,NA,NA,NA
2069-02-01,2.84357045413276,5.60263714060303,8.33014153497396,NA,NA,NA,NA,NA,NA,NA,NA,NA
2069-03-01,5.26019980549495,8.00564701476611,10.7139342373263,NA,NA,NA,NA,NA,NA,NA,NA,NA
2069-04-01,7.60274682341155,10.273491288674,12.9336199934881,NA,NA,NA,NA,NA,NA,NA,NA,NA
2069-05-01,12.0187004465261,14.7213414004985,17.4443227572582,NA,NA,NA,NA,NA,NA,NA,NA,NA
2069-06-01,16.531133012585,19.3852477503782,22.2250826975938,NA,NA,NA,NA,NA,NA,NA,NA,NA
2069-07-01,18.1462383300643,21.0009996087089,23.8201001828029,NA,NA,NA,NA,NA,NA,NA,NA,NA
2069-08-01,16.2045325210979,19.0459522490639,21.826287279115,NA,NA,NA,NA,NA,NA,NA,NA,NA
2069-09-01,13.0557961543438,15.8070314943964,18.5803181369046,NA,NA,NA,NA,NA,NA,NA,NA,NA
2069-10-01,6.59379720389088,9.30954241709748,12.0246334076998,NA,NA,NA,NA,NA,NA,NA,NA,NA
2069-11-01,2.69506102754665,5.38936252785813,8.16366895001602,NA,NA,NA,NA,NA,NA,NA,NA,NA
2069-12-01,0.760829396010344,3.55948892014109,6.40058620812759,NA,NA,NA,NA,NA,NA,NA,NA,NA
2070-01-01,2.16756929275982,4.95182559558232,7.68914506382957,NA,NA,NA,NA,NA,NA,NA,NA,NA
2070-02-01,3.05543505660524,5.82635282760511,8.55156580036996,NA,NA,NA,NA,NA,NA,NA,NA,NA
2070-03-01,4.08059146188316,6.8129152783743,9.50814992889742,NA,NA,NA,NA,NA,NA,NA,NA,NA
2070-04-01,6.94562965808819,9.62891210167862,12.3412202938915,NA,NA,NA,NA,NA,NA,NA,NA,NA
2070-05-01,10.3440752559012,13.0919197328125,15.8145223037175,NA,NA,NA,NA,NA,NA,NA,NA,NA
2070-06-01,15.4538561696138,18.3025765904002,21.1133917310682,NA,NA,NA,NA,NA,NA,NA,NA,NA
2070-07-01,16.7688940135635,19.5780710823662,22.4119992040441,NA,NA,NA,NA,NA,NA,NA,NA,NA
2070-08-01,16.4331020776827,19.2701076484933,22.0499312307427,NA,NA,NA,NA,NA,NA,NA,NA,NA
2070-09-01,12.9008700595973,15.6873724030776,18.4333271424816,NA,NA,NA,NA,NA,NA,NA,NA,NA
2070-10-01,8.32620300561267,11.0319328530633,13.7345414649952,NA,NA,NA,NA,NA,NA,NA,NA,NA
2070-11-01,2.77405163221664,5.5127193455247,8.24167267360868,NA,NA,NA,NA,NA,NA,NA,NA,NA
2070-12-01,1.41910853210927,4.21508513114765,6.98619496638051,NA,NA,NA,NA,NA,NA,NA,NA,NA
2071-01-01,-2.47852123274896,0.427297920680597,3.25856768916348,NA,NA,NA,NA,NA,NA,NA,NA,NA
2071-02-01,3.0638624305113,5.83084953831814,8.56645229068961,NA,NA,NA,NA,NA,NA,NA,NA,NA
2071-03-01,3.00690273196392,5.73220611165524,8.49943802609742,NA,NA,NA,NA,NA,NA,NA,NA,NA
2071-04-01,6.69703347303826,9.41169772428309,12.109153585697,NA,NA,NA,NA,NA,NA,NA,NA,NA
2071-05-01,10.1559163909283,12.8711319155208,15.6008708651329,NA,NA,NA,NA,NA,NA,NA,NA,NA
2071-06-01,14.9438890979772,17.7617949512763,20.5190123905462,NA,NA,NA,NA,NA,NA,NA,NA,NA
2071-07-01,17.1623991121731,20.0260967472921,22.8643427006255,NA,NA,NA,NA,NA,NA,NA,NA,NA
2071-08-01,16.5170066680492,19.3716774956749,22.1966688481953,NA,NA,NA,NA,NA,NA,NA,NA,NA
2071-09-01,12.8088661320917,15.5868135111103,18.3771630817052,NA,NA,NA,NA,NA,NA,NA,NA,NA
2071-10-01,9.64371839658646,12.3403972341371,15.036679170518,NA,NA,NA,NA,NA,NA,NA,NA,NA
2071-11-01,4.82478319022368,7.56433299231649,10.2564816008939,NA,NA,NA,NA,NA,NA,NA,NA,NA
2071-12-01,2.50455059585528,5.28728110656231,8.06555747039523,NA,NA,NA,NA,NA,NA,NA,NA,NA
2072-01-01,2.34230322667994,5.07236415533766,7.81853905764488,NA,NA,NA,NA,NA,NA,NA,NA,NA
2072-02-01,1.12026656842854,3.89189535033892,6.64757242254007,NA,NA,NA,NA,NA,NA,NA,NA,NA
2072-03-01,3.73849352400749,6.47493385695958,9.16433252049595,NA,NA,NA,NA,NA,NA,NA,NA,NA
2072-04-01,7.24448437957602,9.96217522020479,12.6158230699001,NA,NA,NA,NA,NA,NA,NA,NA,NA
2072-05-01,10.8167634249646,13.5270643789796,16.2660608794866,NA,NA,NA,NA,NA,NA,NA,NA,NA
2072-06-01,15.6065711194039,18.412408371976,21.1826245347447,NA,NA,NA,NA,NA,NA,NA,NA,NA
2072-07-01,16.7623931726523,19.5849103058817,22.4392706032076,NA,NA,NA,NA,NA,NA,NA,NA,NA
2072-08-01,15.5954144172359,18.4007465013514,21.1760661814579,NA,NA,NA,NA,NA,NA,NA,NA,NA
2072-09-01,12.9460560679732,15.6946656219651,18.4559590926168,NA,NA,NA,NA,NA,NA,NA,NA,NA
2072-10-01,7.54767951284668,10.276123744827,12.9871433058754,NA,NA,NA,NA,NA,NA,NA,NA,NA
2072-11-01,2.10351973882191,4.8569728110289,7.64245113416505,NA,NA,NA,NA,NA,NA,NA,NA,NA
2072-12-01,0.428400383491993,3.23879200359186,6.03628561258478,NA,NA,NA,NA,NA,NA,NA,NA,NA
2073-01-01,1.32489802824619,4.11839613592358,6.8493194118417,NA,NA,NA,NA,NA,NA,NA,NA,NA
2073-02-01,3.09060398505149,5.82898570530235,8.56106856009418,NA,NA,NA,NA,NA,NA,NA,NA,NA
2073-03-01,2.7262088350534,5.49273622242966,8.20549943519257,NA,NA,NA,NA,NA,NA,NA,NA,NA
2073-04-01,7.2086853143335,9.94065829951654,12.6303938480208,NA,NA,NA,NA,NA,NA,NA,NA,NA
2073-05-01,11.0120189846168,13.7525536265983,16.469546819391,NA,NA,NA,NA,NA,NA,NA,NA,NA
2073-06-01,15.033594031918,17.8448943159048,20.6450851892482,NA,NA,NA,NA,NA,NA,NA,NA,NA
2073-07-01,16.9345362080194,19.8266670951882,22.6832317540109,NA,NA,NA,NA,NA,NA,NA,NA,NA
2073-08-01,16.6667384842275,19.4901315434049,22.3163134019468,NA,NA,NA,NA,NA,NA,NA,NA,NA
2073-09-01,13.3511145716193,16.1465258479518,18.8869214234311,NA,NA,NA,NA,NA,NA,NA,NA,NA
2073-10-01,9.80596196662169,12.5404806149326,15.2861498105077,NA,NA,NA,NA,NA,NA,NA,NA,NA
2073-11-01,2.42966085482662,5.16682800547116,7.92593807615925,NA,NA,NA,NA,NA,NA,NA,NA,NA
2073-12-01,1.48019595708471,4.19904869088317,6.93578914275961,NA,NA,NA,NA,NA,NA,NA,NA,NA
2074-01-01,-0.417237607895016,2.35953527305175,5.20642691595278,NA,NA,NA,NA,NA,NA,NA,NA,NA
2074-02-01,1.69613225359898,4.42431237592812,7.2029897793058,NA,NA,NA,NA,NA,NA,NA,NA,NA
2074-03-01,4.83339084839653,7.57209543016185,10.2853751120026,NA,NA,NA,NA,NA,NA,NA,NA,NA
2074-04-01,6.91193818282993,9.63345454563332,12.3127311934784,NA,NA,NA,NA,NA,NA,NA,NA,NA
2074-05-01,11.5583056890912,14.272466430125,17.0036494243439,NA,NA,NA,NA,NA,NA,NA,NA,NA
2074-06-01,16.400207395043,19.2656726460803,22.1257729535931,NA,NA,NA,NA,NA,NA,NA,NA,NA
2074-07-01,17.3529283837587,20.2482736638983,23.1103177264512,NA,NA,NA,NA,NA,NA,NA,NA,NA
2074-08-01,16.4312952107692,19.2593827425191,22.0832504822001,NA,NA,NA,NA,NA,NA,NA,NA,NA
2074-09-01,12.5993254314521,15.3726001567724,18.1228456527188,NA,NA,NA,NA,NA,NA,NA,NA,NA
2074-10-01,7.6358957189974,10.3795042284384,13.0892737735266,NA,NA,NA,NA,NA,NA,NA,NA,NA
2074-11-01,3.32801038803509,6.0470234984693,8.80077309283004,NA,NA,NA,NA,NA,NA,NA,NA,NA
2074-12-01,1.43884759219793,4.20669434380804,6.95445658862698,NA,NA,NA,NA,NA,NA,NA,NA,NA
2075-01-01,1.04274565179953,3.86379297585061,6.62494787100138,NA,NA,NA,NA,NA,NA,NA,NA,NA
2075-02-01,3.7404843640796,6.49547367911717,9.23536108475429,NA,NA,NA,NA,NA,NA,NA,NA,NA
2075-03-01,4.60885829541694,7.3470157581921,10.0433965971496,NA,NA,NA,NA,NA,NA,NA,NA,NA
2075-04-01,6.56022746530364,9.2878267446282,12.0310436840806,NA,NA,NA,NA,NA,NA,NA,NA,NA
2075-05-01,11.2041379648287,13.9588663918717,16.7069345454474,NA,NA,NA,NA,NA,NA,NA,NA,NA
2075-06-01,16.0174415960616,18.8318529254848,21.6386682476222,NA,NA,NA,NA,NA,NA,NA,NA,NA
2075-07-01,17.2718028188101,20.1268352673995,22.9733377455961,NA,NA,NA,NA,NA,NA,NA,NA,NA
2075-08-01,16.5571619635006,19.3630715638185,22.2001696793649,NA,NA,NA,NA,NA,NA,NA,NA,NA
2075-09-01,12.9591270356579,15.6886328898717,18.4234131696149,NA,NA,NA,NA,NA,NA,NA,NA,NA
2075-10-01,8.42134563117171,11.1450513164464,13.8114739537668,NA,NA,NA,NA,NA,NA,NA,NA,NA
2075-11-01,4.50711356409128,7.22515296550074,9.97622291988436,NA,NA,NA,NA,NA,NA,NA,NA,NA
2075-12-01,2.00153787851376,4.75371920291453,7.49317929846082,NA,NA,NA,NA,NA,NA,NA,NA,NA
2076-01-01,3.29811854992985,6.03637824142807,8.75604198411918,NA,NA,NA,NA,NA,NA,NA,NA,NA
2076-02-01,3.52047395211754,6.27214480574169,9.01696312630423,NA,NA,NA,NA,NA,NA,NA,NA,NA
2076-03-01,5.35308735689313,8.09445691898703,10.7893907465166,NA,NA,NA,NA,NA,NA,NA,NA,NA
2076-04-01,8.21151914581808,10.9270015190636,13.6297553145792,NA,NA,NA,NA,NA,NA,NA,NA,NA
2076-05-01,11.231059279566,13.9597339300491,16.6822288066473,NA,NA,NA,NA,NA,NA,NA,NA,NA
2076-06-01,16.5585354305948,19.3744351150928,22.1434366765408,NA,NA,NA,NA,NA,NA,NA,NA,NA
2076-07-01,17.6112494467217,20.4713689085161,23.2877317583417,NA,NA,NA,NA,NA,NA,NA,NA,NA
2076-08-01,17.3948167045075,20.2589895072829,23.1044814853271,NA,NA,NA,NA,NA,NA,NA,NA,NA
2076-09-01,13.9003449282881,16.6571243426036,19.4348678224166,NA,NA,NA,NA,NA,NA,NA,NA,NA
2076-10-01,9.25767378259992,12.010223196103,14.6718984353205,NA,NA,NA,NA,NA,NA,NA,NA,NA
2076-11-01,5.07399369049992,7.78201348756324,10.5030973843964,NA,NA,NA,NA,NA,NA,NA,NA,NA
2076-12-01,3.91346608430617,6.60485505584175,9.29883781487209,NA,NA,NA,NA,NA,NA,NA,NA,NA
2077-01-01,2.01770581216394,4.75474629241569,7.51054456525604,NA,NA,NA,NA,NA,NA,NA,NA,NA
2077-02-01,1.422257334158,4.20333366755017,6.92825604692123,NA,NA,NA,NA,NA,NA,NA,NA,NA
2077-03-01,2.14802419604962,4.86107522966327,7.60742372248488,NA,NA,NA,NA,NA,NA,NA,NA,NA
2077-04-01,7.03576259636303,9.73474809979802,12.43131055018,NA,NA,NA,NA,NA,NA,NA,NA,NA
2077-05-01,10.5533431484577,13.317834250093,16.020241235401,NA,NA,NA,NA,NA,NA,NA,NA,NA
2077-06-01,15.9915384106814,18.8354665050946,21.6305220668668,NA,NA,NA,NA,NA,NA,NA,NA,NA
2077-07-01,17.9241467871941,20.783286359404,23.6429883170038,NA,NA,NA,NA,NA,NA,NA,NA,NA
2077-08-01,16.344202081963,19.1670257372765,21.9753688725712,NA,NA,NA,NA,NA,NA,NA,NA,NA
2077-09-01,13.3553197759966,16.1187077035214,18.8697994303133,NA,NA,NA,NA,NA,NA,NA,NA,NA
2077-10-01,9.15704362772778,11.9216088608441,14.6286850359247,NA,NA,NA,NA,NA,NA,NA,NA,NA
2077-11-01,4.19972477443179,6.90014473874257,9.62390718020348,NA,NA,NA,NA,NA,NA,NA,NA,NA
2077-12-01,1.37209293918124,4.1163541417042,6.87297397219877,NA,NA,NA,NA,NA,NA,NA,NA,NA
2078-01-01,0.451283236151515,3.21147470278478,6.04636081726493,NA,NA,NA,NA,NA,NA,NA,NA,NA
2078-02-01,2.27821127648753,5.06261088589843,7.83705674435129,NA,NA,NA,NA,NA,NA,NA,NA,NA
2078-03-01,3.93799885831161,6.68616020818329,9.38848368944763,NA,NA,NA,NA,NA,NA,NA,NA,NA
2078-04-01,5.89069745552776,8.64609770400108,11.3584661410008,NA,NA,NA,NA,NA,NA,NA,NA,NA
2078-05-01,9.8474725933264,12.5480586186873,15.2668220682387,NA,NA,NA,NA,NA,NA,NA,NA,NA
2078-06-01,15.9680527494948,18.8405093278226,21.6297243761705,NA,NA,NA,NA,NA,NA,NA,NA,NA
2078-07-01,16.5905812042698,19.3716028034898,22.180371599545,NA,NA,NA,NA,NA,NA,NA,NA,NA
2078-08-01,17.0550334727347,19.9128947651876,22.7769930586452,NA,NA,NA,NA,NA,NA,NA,NA,NA
2078-09-01,12.9919755075849,15.7951755971469,18.6066905942663,NA,NA,NA,NA,NA,NA,NA,NA,NA
2078-10-01,8.3031513140036,11.0348894012828,13.7398183786966,NA,NA,NA,NA,NA,NA,NA,NA,NA
2078-11-01,1.95949145369574,4.75627480257677,7.4692204698742,NA,NA,NA,NA,NA,NA,NA,NA,NA
2078-12-01,1.30690748658762,4.09330000695302,6.88247979222534,NA,NA,NA,NA,NA,NA,NA,NA,NA
2079-01-01,0.208934400009183,3.01337044655034,5.81933875228924,NA,NA,NA,NA,NA,NA,NA,NA,NA
2079-02-01,2.15494313444323,4.94482979706667,7.7313756546087,NA,NA,NA,NA,NA,NA,NA,NA,NA
2079-03-01,3.84555216682277,6.58567194046193,9.32366702168004,NA,NA,NA,NA,NA,NA,NA,NA,NA
2079-04-01,6.8024644880653,9.5075007306038,12.2483868375911,NA,NA,NA,NA,NA,NA,NA,NA,NA
2079-05-01,11.9793870078134,14.7176491742935,17.4232826720719,NA,NA,NA,NA,NA,NA,NA,NA,NA
2079-06-01,15.4695507190905,18.2956818137842,21.1152251963977,NA,NA,NA,NA,NA,NA,NA,NA,NA
2079-07-01,15.867786022226,18.7312707332597,21.5411092679963,NA,NA,NA,NA,NA,NA,NA,NA,NA
2079-08-01,15.7927071177113,18.6197989477435,21.4107202173054,NA,NA,NA,NA,NA,NA,NA,NA,NA
2079-09-01,13.1266547834315,15.9042119404664,18.6600057117616,NA,NA,NA,NA,NA,NA,NA,NA,NA
2079-10-01,7.75807278984043,10.4956996384151,13.1855932768282,NA,NA,NA,NA,NA,NA,NA,NA,NA
2079-11-01,4.81258959820657,7.57114848606156,10.2861945255887,NA,NA,NA,NA,NA,NA,NA,NA,NA
2079-12-01,2.09935929762442,4.86457437577957,7.58943021461179,NA,NA,NA,NA,NA,NA,NA,NA,NA
2080-01-01,1.04076508386346,3.89107813887354,6.64626818224356,NA,NA,NA,NA,NA,NA,NA,NA,NA
2080-02-01,0.714987205645664,3.57007326026191,6.37594140251378,NA,NA,NA,NA,NA,NA,NA,NA,NA
2080-03-01,2.53726545805391,5.28916449072674,8.05923457602415,NA,NA,NA,NA,NA,NA,NA,NA,NA
2080-04-01,7.6990332917189,10.3874484980322,13.1064897269865,NA,NA,NA,NA,NA,NA,NA,NA,NA
2080-05-01,10.8015441187399,13.5266041999341,16.2531934468909,NA,NA,NA,NA,NA,NA,NA,NA,NA
2080-06-01,16.5161565714868,19.3832159274172,22.1942631386516,NA,NA,NA,NA,NA,NA,NA,NA,NA
2080-07-01,18.6621037299377,21.5460029846766,24.387828070374,NA,NA,NA,NA,NA,NA,NA,NA,NA
2080-08-01,16.7490710407529,19.5829295756377,22.4592550979673,NA,NA,NA,NA,NA,NA,NA,NA,NA
2080-09-01,12.7888120450411,15.5807511235116,18.2990916037453,NA,NA,NA,NA,NA,NA,NA,NA,NA
2080-10-01,7.90285038869089,10.6044360328692,13.2980714393538,NA,NA,NA,NA,NA,NA,NA,NA,NA
2080-11-01,3.28056262118109,6.04524517889717,8.76303626423249,NA,NA,NA,NA,NA,NA,NA,NA,NA
2080-12-01,-0.565750454515553,2.25860373499244,5.06367437264199,NA,NA,NA,NA,NA,NA,NA,NA,NA
2081-01-01,1.38488238785226,4.20480250519954,6.94280623281139,NA,NA,NA,NA,NA,NA,NA,NA,NA
2081-02-01,0.409157197561949,3.24599826104372,5.96699349526466,NA,NA,NA,NA,NA,NA,NA,NA,NA
2081-03-01,1.54379905112717,4.29774377343456,7.10510819833381,NA,NA,NA,NA,NA,NA,NA,NA,NA
2081-04-01,7.75298349480419,10.4884898437069,13.210806605027,NA,NA,NA,NA,NA,NA,NA,NA,NA
2081-05-01,11.3293539511464,14.0427277408022,16.7765637708927,NA,NA,NA,NA,NA,NA,NA,NA,NA
2081-06-01,16.4505321958282,19.2515390348991,22.1232045668104,NA,NA,NA,NA,NA,NA,NA,NA,NA
2081-07-01,16.5554912631249,19.3933340861244,22.2458148603548,NA,NA,NA,NA,NA,NA,NA,NA,NA
2081-08-01,16.1220881010131,18.947215262715,21.7928312282422,NA,NA,NA,NA,NA,NA,NA,NA,NA
2081-09-01,13.336958823649,16.0178512938118,18.7501567372726,NA,NA,NA,NA,NA,NA,NA,NA,NA
2081-10-01,8.29613294211427,11.0233052755252,13.6947666732783,NA,NA,NA,NA,NA,NA,NA,NA,NA
2081-11-01,2.62878206680153,5.40818618436586,8.15310763671641,NA,NA,NA,NA,NA,NA,NA,NA,NA
2081-12-01,1.41244411295013,4.21781062417419,6.95617224875492,NA,NA,NA,NA,NA,NA,NA,NA,NA
2082-01-01,0.98574448570736,3.77685229688898,6.56059877838137,NA,NA,NA,NA,NA,NA,NA,NA,NA
2082-02-01,0.700171580999232,3.46141432121209,6.2059674694443,NA,NA,NA,NA,NA,NA,NA,NA,NA
2082-03-01,2.85617465595444,5.60454133080937,8.36462064983401,NA,NA,NA,NA,NA,NA,NA,NA,NA
2082-04-01,7.68164158349983,10.3778267588287,13.0587693287656,NA,NA,NA,NA,NA,NA,NA,NA,NA
2082-05-01,10.4431441667321,13.2034764696397,15.9087780394089,NA,NA,NA,NA,NA,NA,NA,NA,NA
2082-06-01,15.8620889611244,18.7479889468854,21.5427796024139,NA,NA,NA,NA,NA,NA,NA,NA,NA
2082-07-01,16.1295006012047,18.9490810235592,21.7704852541043,NA,NA,NA,NA,NA,NA,NA,NA,NA
2082-08-01,16.0167176147744,18.8199185272327,21.6549596218681,NA,NA,NA,NA,NA,NA,NA,NA,NA
2082-09-01,13.2293450418251,16.0066725502412,18.7589029023238,NA,NA,NA,NA,NA,NA,NA,NA,NA
2082-10-01,9.28126225057423,12.012566791073,14.7196190420227,NA,NA,NA,NA,NA,NA,NA,NA,NA
2082-11-01,5.31451107368042,7.99101349847702,10.6965006986571,NA,NA,NA,NA,NA,NA,NA,NA,NA
2082-12-01,0.239237798126525,3.00260976377311,5.82236302678338,NA,NA,NA,NA,NA,NA,NA,NA,NA
2083-01-01,0.446658023144047,3.23811629304903,5.97962853718908,NA,NA,NA,NA,NA,NA,NA,NA,NA
2083-02-01,3.60942620889323,6.3836367166132,9.10672570880399,NA,NA,NA,NA,NA,NA,NA,NA,NA
2083-03-01,4.9737992266697,7.67046605439039,10.3666853364977,NA,NA,NA,NA,NA,NA,NA,NA,NA
2083-04-01,7.77838150637709,10.4841573769242,13.2176122790726,NA,NA,NA,NA,NA,NA,NA,NA,NA
2083-05-01,11.2351880870678,13.9586214201999,16.7072840715859,NA,NA,NA,NA,NA,NA,NA,NA,NA
2083-06-01,16.4583442314702,19.2581005513323,22.1021558850795,NA,NA,NA,NA,NA,NA,NA,NA,NA
2083-07-01,17.5799458732732,20.4620461474632,23.3148615161631,NA,NA,NA,NA,NA,NA,NA,NA,NA
2083-08-01,16.4216586449013,19.268649930101,22.0397112526013,NA,NA,NA,NA,NA,NA,NA,NA,NA
2083-09-01,13.7863079067575,16.5524893220047,19.3258936455548,NA,NA,NA,NA,NA,NA,NA,NA,NA
2083-10-01,7.76996717983243,10.4803787042084,13.2034536704758,NA,NA,NA,NA,NA,NA,NA,NA,NA
2083-11-01,3.62412076000668,6.36381946934702,9.10184204421233,NA,NA,NA,NA,NA,NA,NA,NA,NA
2083-12-01,2.78162041817297,5.52167910744968,8.2334058125766,NA,NA,NA,NA,NA,NA,NA,NA,NA
2084-01-01,2.29893988159083,5.07270388279841,7.78246986729886,NA,NA,NA,NA,NA,NA,NA,NA,NA
2084-02-01,3.40005113718289,6.16304334225311,8.91153178092405,NA,NA,NA,NA,NA,NA,NA,NA,NA
2084-03-01,4.06052406185118,6.81304549448027,9.52039481260423,NA,NA,NA,NA,NA,NA,NA,NA,NA
2084-04-01,8.45614892315639,11.1376896094072,13.8434888028125,NA,NA,NA,NA,NA,NA,NA,NA,NA
2084-05-01,11.1339138628285,13.846551392076,16.5949139095633,NA,NA,NA,NA,NA,NA,NA,NA,NA
2084-06-01,16.2897544206496,19.1449437050128,21.9825999350963,NA,NA,NA,NA,NA,NA,NA,NA,NA
2084-07-01,16.2522207617164,19.0442218538422,21.8372807379697,NA,NA,NA,NA,NA,NA,NA,NA,NA
2084-08-01,16.4081883170125,19.2582624146423,22.092476711635,NA,NA,NA,NA,NA,NA,NA,NA,NA
2084-09-01,13.309676553024,16.0198878561564,18.7512520007476,NA,NA,NA,NA,NA,NA,NA,NA,NA
2084-10-01,8.12329462475676,10.8289858854816,13.4939238915188,NA,NA,NA,NA,NA,NA,NA,NA,NA
2084-11-01,2.65977723826362,5.39409597646508,8.13473164066514,NA,NA,NA,NA,NA,NA,NA,NA,NA
2084-12-01,1.46034745819872,4.2147144691951,6.95580167798294,NA,NA,NA,NA,NA,NA,NA,NA,NA
2085-01-01,0.453303399489524,3.23898337596146,6.03627928993744,NA,NA,NA,NA,NA,NA,NA,NA,NA
2085-02-01,1.41477766483086,4.21408305464241,6.95811464792569,NA,NA,NA,NA,NA,NA,NA,NA,NA
2085-03-01,2.17905993509341,4.94668477460513,7.71081991768161,NA,NA,NA,NA,NA,NA,NA,NA,NA
2085-04-01,7.54219687308007,10.2657746064955,12.9648271424174,NA,NA,NA,NA,NA,NA,NA,NA,NA
2085-05-01,11.013868221231,13.7347969717489,16.4512310435362,NA,NA,NA,NA,NA,NA,NA,NA,NA
2085-06-01,16.0085639953781,18.8321404919426,21.6241919215424,NA,NA,NA,NA,NA,NA,NA,NA,NA
2085-07-01,16.6190174551341,19.4814425487949,22.3113593917727,NA,NA,NA,NA,NA,NA,NA,NA,NA
2085-08-01,15.9009601797936,18.7170129771701,21.5367745567395,NA,NA,NA,NA,NA,NA,NA,NA,NA
2085-09-01,12.5138345952795,15.2537943997175,18.0089352559577,NA,NA,NA,NA,NA,NA,NA,NA,NA
2085-10-01,8.0881526484181,10.8142098655558,13.5353700412871,NA,NA,NA,NA,NA,NA,NA,NA,NA
2085-11-01,1.67159065623986,4.42045861841787,7.18511200068592,NA,NA,NA,NA,NA,NA,NA,NA,NA
2085-12-01,-1.13907645063819,1.71021894998934,4.48684508761422,NA,NA,NA,NA,NA,NA,NA,NA,NA
2086-01-01,2.42842427652687,5.1762368614473,7.9234433275444,NA,NA,NA,NA,NA,NA,NA,NA,NA
2086-02-01,3.36247540276887,6.14262327799564,8.88214684513574,NA,NA,NA,NA,NA,NA,NA,NA,NA
2086-03-01,4.73657173007892,7.46543001995343,10.1617555819638,NA,NA,NA,NA,NA,NA,NA,NA,NA
2086-04-01,7.35764165305243,10.0601927996795,12.7936846458756,NA,NA,NA,NA,NA,NA,NA,NA,NA
2086-05-01,10.3445995822754,13.0870583409203,15.7847553535995,NA,NA,NA,NA,NA,NA,NA,NA,NA
2086-06-01,14.7872198317052,17.5386853486987,20.327413702138,NA,NA,NA,NA,NA,NA,NA,NA,NA
2086-07-01,17.6151260172559,20.4649165215899,23.3072702098723,NA,NA,NA,NA,NA,NA,NA,NA,NA
2086-08-01,15.7826752563152,18.6146652507614,21.4202468194488,NA,NA,NA,NA,NA,NA,NA,NA,NA
2086-09-01,12.4881422159291,15.2485766933789,17.9894045529706,NA,NA,NA,NA,NA,NA,NA,NA,NA
2086-10-01,8.53549450887197,11.2484657996982,13.9659452048882,NA,NA,NA,NA,NA,NA,NA,NA,NA
2086-11-01,3.83911283274593,6.59664275350826,9.38011467293207,NA,NA,NA,NA,NA,NA,NA,NA,NA
2086-12-01,1.66150366500725,4.42225517907181,7.18615372746891,NA,NA,NA,NA,NA,NA,NA,NA,NA
2087-01-01,0.859776755353347,3.67975252493261,6.44969350315708,NA,NA,NA,NA,NA,NA,NA,NA,NA
2087-02-01,2.54064641218028,5.28593379569498,8.0282919681396,NA,NA,NA,NA,NA,NA,NA,NA,NA
2087-03-01,4.44503738089749,7.11891001413335,9.82208734373665,NA,NA,NA,NA,NA,NA,NA,NA,NA
2087-04-01,8.31721469340934,11.0288332900054,13.7371810517562,NA,NA,NA,NA,NA,NA,NA,NA,NA
2087-05-01,10.8963014454478,13.6324057354956,16.3539752257098,NA,NA,NA,NA,NA,NA,NA,NA,NA
2087-06-01,16.7726318861877,19.5862865281932,22.4130363133918,NA,NA,NA,NA,NA,NA,NA,NA,NA
2087-07-01,16.9633466109919,19.8008858108703,22.6769166077005,NA,NA,NA,NA,NA,NA,NA,NA,NA
2087-08-01,16.6583230006998,19.4731062026909,22.3240224549464,NA,NA,NA,NA,NA,NA,NA,NA,NA
2087-09-01,12.9546335139415,15.6874957497981,18.4565697539655,NA,NA,NA,NA,NA,NA,NA,NA,NA
2087-10-01,8.48306660154779,11.2403578698725,13.965871975921,NA,NA,NA,NA,NA,NA,NA,NA,NA
2087-11-01,2.55215913856442,5.30760798329019,8.01457859409921,NA,NA,NA,NA,NA,NA,NA,NA,NA
2087-12-01,2.24504704961208,4.96978531492747,7.74275062662203,NA,NA,NA,NA,NA,NA,NA,NA,NA
2088-01-01,-1.87322268273318,0.949190293835913,3.73224107034392,NA,NA,NA,NA,NA,NA,NA,NA,NA
2088-02-01,-0.239838399564416,2.59184328604975,5.3484319954486,NA,NA,NA,NA,NA,NA,NA,NA,NA
2088-03-01,0.744739102504843,3.55814077014831,6.334112511034,NA,NA,NA,NA,NA,NA,NA,NA,NA
2088-04-01,6.38862534788849,9.07379873312016,11.855293495946,NA,NA,NA,NA,NA,NA,NA,NA,NA
2088-05-01,9.72300109858923,12.4422324092629,15.14465979468,NA,NA,NA,NA,NA,NA,NA,NA,NA
2088-06-01,15.1232362329525,17.9561148865516,20.7505279631083,NA,NA,NA,NA,NA,NA,NA,NA,NA
2088-07-01,16.4023969959266,19.2621963567003,22.0867263632239,NA,NA,NA,NA,NA,NA,NA,NA,NA
2088-08-01,15.4621065762619,18.2971637300731,21.0331850750782,NA,NA,NA,NA,NA,NA,NA,NA,NA
2088-09-01,12.3067562003292,15.0444313248067,17.7710532719506,NA,NA,NA,NA,NA,NA,NA,NA,NA
2088-10-01,7.67014941605684,10.3809720980967,13.124343978381,NA,NA,NA,NA,NA,NA,NA,NA,NA
2088-11-01,2.76006519098039,5.5230448527352,8.23014647120557,NA,NA,NA,NA,NA,NA,NA,NA,NA
2088-12-01,0.790971205714803,3.53963895016801,6.31753033663865,NA,NA,NA,NA,NA,NA,NA,NA,NA
2089-01-01,1.2966563968123,4.10758000461854,6.86569634720028,NA,NA,NA,NA,NA,NA,NA,NA,NA
2089-02-01,1.85182660877946,4.63932018573151,7.4117606694475,NA,NA,NA,NA,NA,NA,NA,NA,NA
2089-03-01,2.30088182238614,5.07435533545173,7.79670376181598,NA,NA,NA,NA,NA,NA,NA,NA,NA
2089-04-01,7.34190989185991,10.0501854178945,12.7518901336979,NA,NA,NA,NA,NA,NA,NA,NA,NA
2089-05-01,10.8046501120783,13.5345724415429,16.2184646708067,NA,NA,NA,NA,NA,NA,NA,NA,NA
2089-06-01,15.9517703687151,18.725658728933,21.519260526926,NA,NA,NA,NA,NA,NA,NA,NA,NA
2089-07-01,16.5831135591021,19.372672515257,22.2054343386319,NA,NA,NA,NA,NA,NA,NA,NA,NA
2089-08-01,15.5840500450516,18.4058416604838,21.231894069974,NA,NA,NA,NA,NA,NA,NA,NA,NA
2089-09-01,12.9324841877919,15.6950557181607,18.4743336770803,NA,NA,NA,NA,NA,NA,NA,NA,NA
2089-10-01,8.65952056815552,11.3474742389988,14.0483345479093,NA,NA,NA,NA,NA,NA,NA,NA,NA
2089-11-01,4.84184053303714,7.56384717754371,10.2751383944535,NA,NA,NA,NA,NA,NA,NA,NA,NA
2089-12-01,0.645145481434125,3.4477604992358,6.21062195002244,NA,NA,NA,NA,NA,NA,NA,NA,NA
2090-01-01,0.893253494519422,3.6526350986165,6.39509908030777,NA,NA,NA,NA,NA,NA,NA,NA,NA
2090-02-01,2.73649846539083,5.50286278078356,8.26077949141697,NA,NA,NA,NA,NA,NA,NA,NA,NA
2090-03-01,2.51923278761051,5.29579069931564,8.02666014212665,NA,NA,NA,NA,NA,NA,NA,NA,NA
2090-04-01,6.40380683362648,9.18469624667446,11.8466757634045,NA,NA,NA,NA,NA,NA,NA,NA,NA
2090-05-01,11.046707111917,13.7283290913931,16.4851497939694,NA,NA,NA,NA,NA,NA,NA,NA,NA
2090-06-01,15.9033078282814,18.7310139084399,21.507314795906,NA,NA,NA,NA,NA,NA,NA,NA,NA
2090-07-01,17.5653034299674,20.461454915871,23.296965756471,NA,NA,NA,NA,NA,NA,NA,NA,NA
2090-08-01,16.5779430840662,19.376257267796,22.23124614429,NA,NA,NA,NA,NA,NA,NA,NA,NA
2090-09-01,12.795852279041,15.5846489342369,18.3451884487345,NA,NA,NA,NA,NA,NA,NA,NA,NA
2090-10-01,8.37247967319666,11.1514141885875,13.840972448068,NA,NA,NA,NA,NA,NA,NA,NA,NA
2090-11-01,5.49600815164465,8.21152328358295,10.9602395230178,NA,NA,NA,NA,NA,NA,NA,NA,NA
2090-12-01,0.906364203507854,3.65818131027513,6.42973008216635,NA,NA,NA,NA,NA,NA,NA,NA,NA
2091-01-01,0.331986747862918,3.13451983492834,5.83555149749845,NA,NA,NA,NA,NA,NA,NA,NA,NA
2091-02-01,3.47982366743942,6.26090194485295,9.01623378618879,NA,NA,NA,NA,NA,NA,NA,NA,NA
2091-03-01,4.01802519269946,6.81858712418706,9.50725972767658,NA,NA,NA,NA,NA,NA,NA,NA,NA
2091-04-01,8.99038602051603,11.6823655956094,14.4386724923841,NA,NA,NA,NA,NA,NA,NA,NA,NA
2091-05-01,12.1744505888172,14.9359995146744,17.682354324452,NA,NA,NA,NA,NA,NA,NA,NA,NA
2091-06-01,16.2303712076319,19.0440017901447,21.883189012257,NA,NA,NA,NA,NA,NA,NA,NA,NA
2091-07-01,17.3803592564422,20.2565892357611,23.0802341143256,NA,NA,NA,NA,NA,NA,NA,NA,NA
2091-08-01,16.6403137504819,19.4834336548992,22.3370959676181,NA,NA,NA,NA,NA,NA,NA,NA,NA
2091-09-01,12.2052718956042,14.9404036032635,17.6663948188424,NA,NA,NA,NA,NA,NA,NA,NA,NA
2091-10-01,8.99366141793152,11.6835095821384,14.3690712385853,NA,NA,NA,NA,NA,NA,NA,NA,NA
2091-11-01,3.18202344633618,5.93088907765384,8.6679213733996,NA,NA,NA,NA,NA,NA,NA,NA,NA
2091-12-01,5.28251706533675,8.0095124398192,10.7322258439315,NA,NA,NA,NA,NA,NA,NA,NA,NA
2092-01-01,0.499972741342536,3.23755708271601,6.04772293741147,NA,NA,NA,NA,NA,NA,NA,NA,NA
2092-02-01,3.40329607304904,6.17063190177825,8.88110869276535,NA,NA,NA,NA,NA,NA,NA,NA,NA
2092-03-01,4.42722368485467,7.14202904754791,9.8460159676981,NA,NA,NA,NA,NA,NA,NA,NA,NA
2092-04-01,7.3605437129417,10.0557534816427,12.7889421414137,NA,NA,NA,NA,NA,NA,NA,NA,NA
2092-05-01,11.9553775455485,14.711646800516,17.4388283514346,NA,NA,NA,NA,NA,NA,NA,NA,NA
2092-06-01,16.8979440414613,19.7141930070001,22.5781104647129,NA,NA,NA,NA,NA,NA,NA,NA,NA
2092-07-01,17.5653776436259,20.4475840002325,23.2937632590142,NA,NA,NA,NA,NA,NA,NA,NA,NA
2092-08-01,16.4612868160529,19.2574616428113,22.0635069576541,NA,NA,NA,NA,NA,NA,NA,NA,NA
2092-09-01,13.4517490931888,16.2179608938376,18.9827506683073,NA,NA,NA,NA,NA,NA,NA,NA,NA
2092-10-01,9.09934407734729,11.8008229272163,14.5421298412545,NA,NA,NA,NA,NA,NA,NA,NA,NA
2092-11-01,4.442348350451,7.12308574187158,9.88996899533323,NA,NA,NA,NA,NA,NA,NA,NA,NA
2092-12-01,-0.101322991353717,2.6759159336261,5.43685450422908,NA,NA,NA,NA,NA,NA,NA,NA,NA
2093-01-01,-0.0200370129314985,2.78949012746685,5.58976364766343,NA,NA,NA,NA,NA,NA,NA,NA,NA
2093-02-01,-1.22223422993017,1.61689884444632,4.42650469799885,NA,NA,NA,NA,NA,NA,NA,NA,NA
2093-03-01,4.62535964581548,7.3492057523788,10.0477478721053,NA,NA,NA,NA,NA,NA,NA,NA,NA
2093-04-01,6.91811558426344,9.62258236313134,12.3702387481779,NA,NA,NA,NA,NA,NA,NA,NA,NA
2093-05-01,10.3276152035062,13.0747889339705,15.8106819683767,NA,NA,NA,NA,NA,NA,NA,NA,NA
2093-06-01,14.0196742871593,16.7773262635255,19.5104926079758,NA,NA,NA,NA,NA,NA,NA,NA,NA
2093-07-01,16.9742681947491,19.7876326552495,22.6037821031844,NA,NA,NA,NA,NA,NA,NA,NA,NA
2093-08-01,16.5112248590748,19.3751649146446,22.2000241801521,NA,NA,NA,NA,NA,NA,NA,NA,NA
2093-09-01,12.7615307683384,15.462675595318,18.2084516030219,NA,NA,NA,NA,NA,NA,NA,NA,NA
2093-10-01,7.78742355046292,10.4861820463891,13.1877402652996,NA,NA,NA,NA,NA,NA,NA,NA,NA
2093-11-01,5.20384933111913,7.8830168659848,10.6431900682478,NA,NA,NA,NA,NA,NA,NA,NA,NA
2093-12-01,1.01670188946413,3.78954726599838,6.55656244363006,NA,NA,NA,NA,NA,NA,NA,NA,NA
2094-01-01,1.22893351670798,3.9790044369285,6.74994803337704,NA,NA,NA,NA,NA,NA,NA,NA,NA
2094-02-01,3.51026523311937,6.26382812235767,9.05115315982795,NA,NA,NA,NA,NA,NA,NA,NA,NA
2094-03-01,3.09443539500345,5.8396500614745,8.57626988750263,NA,NA,NA,NA,NA,NA,NA,NA,NA
2094-04-01,6.91217332663377,9.61311484588579,12.3346623778736,NA,NA,NA,NA,NA,NA,NA,NA,NA
2094-05-01,10.4779959658421,13.2024729735924,15.9476558922708,NA,NA,NA,NA,NA,NA,NA,NA,NA
2094-06-01,17.4172854509061,20.2667325885608,23.0941746824729,NA,NA,NA,NA,NA,NA,NA,NA,NA
2094-07-01,17.650682910996,20.4649141401895,23.3253249112655,NA,NA,NA,NA,NA,NA,NA,NA,NA
2094-08-01,16.3559695037393,19.2622118820237,22.0768737750163,NA,NA,NA,NA,NA,NA,NA,NA,NA
2094-09-01,12.9582656440251,15.6953976879139,18.4885658607527,NA,NA,NA,NA,NA,NA,NA,NA,NA
2094-10-01,8.01072486259746,10.7083312155821,13.4086983854718,NA,NA,NA,NA,NA,NA,NA,NA,NA
2094-11-01,3.06962370006906,5.8474411402484,8.55634762405275,NA,NA,NA,NA,NA,NA,NA,NA,NA
2094-12-01,1.62229081804749,4.42525278254588,7.19983674406763,NA,NA,NA,NA,NA,NA,NA,NA,NA
2095-01-01,0.774636385686241,3.56619643020824,6.33186954834735,NA,NA,NA,NA,NA,NA,NA,NA,NA
2095-02-01,3.53127265989288,6.27063434830921,8.99494596784275,NA,NA,NA,NA,NA,NA,NA,NA,NA
2095-03-01,4.11064188002614,6.80885868597417,9.5558714019155,NA,NA,NA,NA,NA,NA,NA,NA,NA
2095-04-01,6.88051265448757,9.61820376157048,12.3311789473411,NA,NA,NA,NA,NA,NA,NA,NA,NA
2095-05-01,11.4427409769137,14.173919221309,16.8781266361597,NA,NA,NA,NA,NA,NA,NA,NA,NA
2095-06-01,15.9207873196035,18.7308528259422,21.5404408455358,NA,NA,NA,NA,NA,NA,NA,NA,NA
2095-07-01,17.8643581584074,20.6676137392008,23.5209967130358,NA,NA,NA,NA,NA,NA,NA,NA,NA
2095-08-01,16.7798238556755,19.5935080502003,22.4143536196684,NA,NA,NA,NA,NA,NA,NA,NA,NA
2095-09-01,12.9964009288749,15.800619337417,18.5921664376159,NA,NA,NA,NA,NA,NA,NA,NA,NA
2095-10-01,9.68744013850086,12.429474344531,15.1466966278582,NA,NA,NA,NA,NA,NA,NA,NA,NA
2095-11-01,2.38349583796576,5.18205197454802,7.9309315994774,NA,NA,NA,NA,NA,NA,NA,NA,NA
2095-12-01,4.26729455486887,7.00913482539995,9.7341314030724,NA,NA,NA,NA,NA,NA,NA,NA,NA
2096-01-01,2.51185630477638,5.29338374059875,8.02190667731182,NA,NA,NA,NA,NA,NA,NA,NA,NA
2096-02-01,1.30053316258575,4.09514885871164,6.85937684348905,NA,NA,NA,NA,NA,NA,NA,NA,NA
2096-03-01,4.97378004661108,7.6659863411898,10.4083068560005,NA,NA,NA,NA,NA,NA,NA,NA,NA
2096-04-01,8.1909159798638,10.9222244310175,13.6612052126776,NA,NA,NA,NA,NA,NA,NA,NA,NA
2096-05-01,11.969635485419,14.7095111441651,17.3839537205911,NA,NA,NA,NA,NA,NA,NA,NA,NA
2096-06-01,17.3548465904153,20.2394791243277,23.0955049460335,NA,NA,NA,NA,NA,NA,NA,NA,NA
2096-07-01,18.4585858586798,21.32750214268,24.227739656373,NA,NA,NA,NA,NA,NA,NA,NA,NA
2096-08-01,16.646940719761,19.4833590731963,22.3028775343492,NA,NA,NA,NA,NA,NA,NA,NA,NA
2096-09-01,12.4135481900032,15.1529357965585,17.8899836103596,NA,NA,NA,NA,NA,NA,NA,NA,NA
2096-10-01,9.16506435449419,11.8995311512307,14.6671283465659,NA,NA,NA,NA,NA,NA,NA,NA,NA
2096-11-01,4.81265119650303,7.57025795526201,10.246778057061,NA,NA,NA,NA,NA,NA,NA,NA,NA
2096-12-01,2.35329716028775,5.07703080757626,7.80265522012161,NA,NA,NA,NA,NA,NA,NA,NA,NA
2097-01-01,2.27917795079084,5.07080943345219,7.83004277582056,NA,NA,NA,NA,NA,NA,NA,NA,NA
2097-02-01,4.42825292197568,7.13647360808436,9.84966297120226,NA,NA,NA,NA,NA,NA,NA,NA,NA
2097-03-01,3.30649560056519,6.05388340928242,8.76976235345442,NA,NA,NA,NA,NA,NA,NA,NA,NA
2097-04-01,8.01288436326578,10.7119787862493,13.3663932983705,NA,NA,NA,NA,NA,NA,NA,NA,NA
2097-05-01,12.011045216515,14.7104818903328,17.4735720822376,NA,NA,NA,NA,NA,NA,NA,NA,NA
2097-06-01,16.437997933286,19.271222026816,22.0642017908034,NA,NA,NA,NA,NA,NA,NA,NA,NA
2097-07-01,17.6039741089484,20.4673107168202,23.3028784227334,NA,NA,NA,NA,NA,NA,NA,NA,NA
2097-08-01,16.7630813498749,19.5986595620789,22.4440362510931,NA,NA,NA,NA,NA,NA,NA,NA,NA
2097-09-01,12.8560006415437,15.5781364359572,18.3363221834116,NA,NA,NA,NA,NA,NA,NA,NA,NA
2097-10-01,8.99410012882159,11.6875870814004,14.3754411751442,NA,NA,NA,NA,NA,NA,NA,NA,NA
2097-11-01,3.44835114883481,6.15386701404486,8.8829695458701,NA,NA,NA,NA,NA,NA,NA,NA,NA
2097-12-01,2.42335806677518,5.18130324333554,7.938713272423,NA,NA,NA,NA,NA,NA,NA,NA,NA
2098-01-01,2.65949204204489,5.41217252205451,8.17123498651605,NA,NA,NA,NA,NA,NA,NA,NA,NA
2098-02-01,4.03561606276389,6.79819749724825,9.51239050239515,NA,NA,NA,NA,NA,NA,NA,NA,NA
2098-03-01,5.06513251832402,7.75949126057813,10.5039367873931,NA,NA,NA,NA,NA,NA,NA,NA,NA
2098-04-01,8.11654333584983,10.8185118976345,13.5344999836082,NA,NA,NA,NA,NA,NA,NA,NA,NA
2098-05-01,11.6623209127136,14.3937636503413,17.0870379470022,NA,NA,NA,NA,NA,NA,NA,NA,NA
2098-06-01,16.4275585078441,19.2676101360527,22.1096773820172,NA,NA,NA,NA,NA,NA,NA,NA,NA
2098-07-01,17.8720488256288,20.7855049467859,23.6281444771076,NA,NA,NA,NA,NA,NA,NA,NA,NA
2098-08-01,17.1023603379764,19.9207220770103,22.7758304121812,NA,NA,NA,NA,NA,NA,NA,NA,NA
2098-09-01,13.4690493543093,16.2459195852308,19.0283591036628,NA,NA,NA,NA,NA,NA,NA,NA,NA
2098-10-01,8.41257231918764,11.1446327245883,13.846549834791,NA,NA,NA,NA,NA,NA,NA,NA,NA
2098-11-01,2.76158349117389,5.51837236197983,8.24702109190231,NA,NA,NA,NA,NA,NA,NA,NA,NA
2098-12-01,1.64950420741163,4.40780994753829,7.14071321331909,NA,NA,NA,NA,NA,NA,NA,NA,NA
2099-01-01,0.169407105185125,2.92015946693858,5.69785615511327,NA,NA,NA,NA,NA,NA,NA,NA,NA
2099-02-01,2.71333422578188,5.50459197882683,8.3080232283203,NA,NA,NA,NA,NA,NA,NA,NA,NA
2099-03-01,6.37546231960893,9.09667177606529,11.8615369511859,NA,NA,NA,NA,NA,NA,NA,NA,NA
2099-04-01,9.38688443236897,12.1136292422572,14.8364717905015,NA,NA,NA,NA,NA,NA,NA,NA,NA
2099-05-01,11.9617250859983,14.7263895114463,17.4569339551969,NA,NA,NA,NA,NA,NA,NA,NA,NA
2099-06-01,16.7889959825835,19.5936849914568,22.45288756124,NA,NA,NA,NA,NA,NA,NA,NA,NA
2099-07-01,17.121475611526,19.9231520616919,22.7598675066168,NA,NA,NA,NA,NA,NA,NA,NA,NA
2099-08-01,16.0414424743779,18.853556480397,21.6278378627284,NA,NA,NA,NA,NA,NA,NA,NA,NA
2099-09-01,12.5217189093589,15.2618101551898,17.9899958433509,NA,NA,NA,NA,NA,NA,NA,NA,NA
2099-10-01,6.59404477402823,9.30765082678827,12.0054784747717,NA,NA,NA,NA,NA,NA,NA,NA,NA
2099-11-01,3.60460067327683,6.36380125574829,9.06834243203116,NA,NA,NA,NA,NA,NA,NA,NA,NA
2099-12-01,1.77047386412171,4.53110891366886,7.31708588593785,NA,NA,NA,NA,NA,NA,NA,NA,NA
2100-01-01,0.86350347171075,3.65416431921116,6.41632774625003,NA,NA,NA,NA,NA,NA,NA,NA,NA
2100-02-01,3.9935227320983,6.6972183334083,9.40214508037158,NA,NA,NA,NA,NA,NA,NA,NA,NA
2100-03-01,4.96892024277309,7.6709646534117,10.4196529272068,NA,NA,NA,NA,NA,NA,NA,NA,NA
2100-04-01,8.63200653955717,11.3702973361751,14.0228224347483,NA,NA,NA,NA,NA,NA,NA,NA,NA
2100-05-01,11.2973762315418,14.0711076064999,16.8113444198897,NA,NA,NA,NA,NA,NA,NA,NA,NA
2100-06-01,15.3071364134667,18.1989690402164,20.9875158830738,NA,NA,NA,NA,NA,NA,NA,NA,NA
2100-07-01,16.9839513290102,19.8080339809576,22.6571196269145,NA,NA,NA,NA,NA,NA,NA,NA,NA
2100-08-01,15.8244657781112,18.6177468524697,21.454225622382,NA,NA,NA,NA,NA,NA,NA,NA,NA
2100-09-01,13.0175066383038,15.79840253009,18.5819942288659,NA,NA,NA,NA,NA,NA,NA,NA,NA
2100-10-01,9.16314276261897,11.8980316456734,14.6248475479696,NA,NA,NA,NA,NA,NA,NA,NA,NA
2100-11-01,3.20158910420388,5.94721280456652,8.61446118799176,NA,NA,NA,NA,NA,NA,NA,NA,NA
2100-12-01,1.68221770291659,4.43697829353132,7.17632483130425,NA,NA,NA,NA,NA,NA,NA,NA,NA
