"date","avg_temperature","std_temperature","precision"
2012-01-01,-6.54,4.46015694791114,0.0502689388227014
2012-02-01,-4.5,4.19583126448145,0.0568020448736155
2012-03-01,-1.92,3.8867724399558,0.0661944793804197
2012-04-01,3.24,1.2280065146407,0.663129973474801
2012-05-01,6.64,1.11937482551646,0.798084596967279
2012-06-01,10.24,2.12438226315322,0.22158209616663
2012-07-01,14.1,2.62868788561898,0.144717800289436
2012-08-01,12.38,1.53525242224202,0.424268137462877
2012-09-01,8.9,0.790569415042095,1.6
2012-10-01,3.02,0.589067059000926,2.88184438040346
2012-11-01,-3.84,1.03585713300628,0.931966449207829
2012-12-01,-4.44,2.04156802482798,0.239923224568138
2013-01-01,-4.84,3.55640267686324,0.0790638836179633
2013-02-01,-5.16,4.32180517839479,0.0535389227968733
2013-03-01,-1.04,1.90078930973425,0.276778300581234
2013-04-01,3.62,1.05924501414923,0.89126559714795
2013-05-01,6.96,1.15238882327103,0.753012048192771
2013-06-01,10.4,1.41598022585063,0.498753117206983
2013-07-01,13.44,0.835463942968217,1.43266475644699
2013-08-01,12.66,0.826438140455775,1.46412884333821
2013-09-01,9.7,1.42653426176871,0.491400491400491
2013-10-01,3.7,2.17370651192842,0.211640211640212
2013-11-01,-3.44,4.84282975129211,0.0426384684262141
2013-12-01,-6.36,5.1906646973196,0.03711539175296
2014-01-01,-4.14,3.78259170410976,0.0698909700866648
2014-02-01,-5.48,2.97270920205795,0.11316057485572
2014-03-01,-2,3.70742498238332,0.0727537286285922
2014-04-01,3.62,1.90709202714499,0.274951883420401
2014-05-01,6.92,0.736206492772238,1.8450184501845
2014-06-01,10.6,1.54434452114805,0.419287211740042
2014-07-01,14.1,1.73637553541853,0.33167495854063
2014-08-01,12.44,1.35203550249245,0.547045951859956
2014-09-01,8.64,0.391152144312159,6.5359477124183
2014-10-01,3,2.24388056723169,0.198609731876862
2014-11-01,-2.94,2.37970586417734,0.176584849019954
2014-12-01,-4.52,2.63666455962832,0.143843498273878
2015-01-01,-4.02,2.81282775867987,0.12639029322548
2015-02-01,-1.92,3.83170980112012,0.0681106116332925
2015-03-01,-0.06,1.06677082824757,0.878734622144112
2015-04-01,4.34,2.26340451532641,0.195198126097989
2015-05-01,7.62,0.571839138219832,3.05810397553517
2015-06-01,11.42,1.27553910171347,0.614628149969269
2015-07-01,14.54,0.814248119432892,1.50829562594268
2015-08-01,12.6,0.860232526704262,1.35135135135135
2015-09-01,8.5,1.51986841535707,0.432900432900433
2015-10-01,4.44,2.59287485235983,0.148743120630671
2015-11-01,-1.24,2.56378626254218,0.152137532329226
2015-12-01,-6.84,3.7413901159863,0.0714387769681383
2016-01-01,-4.32,4.54389700587502,0.0484331864193345
2016-02-01,-3.86,2.50059992801727,0.159923236846314
2016-03-01,-1,4.60325971459356,0.047192071731949
2016-04-01,4.02,1.56588633048507,0.407830342577488
2016-05-01,8.08,1.98292712927127,0.254323499491353
2016-06-01,12.4,3.43292877875437,0.0848536274925753
2016-07-01,15.06,1.26806939873179,0.621890547263682
2016-08-01,14.42,1.81162910111314,0.304692260816575
2016-09-01,9.46,1.24619420637395,0.643915003219575
2016-10-01,3.86,0.835463942968217,1.43266475644699
2016-11-01,-1.38,0.867179335547152,1.32978723404255
2016-12-01,-5.26,1.01143462467922,0.977517106549365
2017-01-01,-3.32,2.48736808695456,0.161629222563439
2017-02-01,-0.42,2.9583779339361,0.114259597806216
2017-03-01,1.32,1.72539850469392,0.335908632851864
2017-04-01,4.94,1.63033738839542,0.376222723852521
2017-05-01,8.74,0.723187389270582,1.91204588910134
2017-06-01,12.94,1.53883072493371,0.422297297297297
2017-07-01,14.5,1.07004672795164,0.873362445414846
2017-08-01,12.58,1.03295692068934,0.937207122774134
2017-09-01,10.18,1.28724512040248,0.603500301750151
2017-10-01,3.54,1.26214103807776,0.627746390458255
2017-11-01,-1.76,2.8492104169401,0.123183050012318
2017-12-01,-4.92,5.10754344083337,0.0383332694445509
2018-01-01,-2.58,2.39102488485586,0.174916914465629
2018-02-01,0.32,2.43248843779369,0.169004563123204
2018-03-01,-0.14,2.1559220765139,0.215146299483649
2018-04-01,2.78,3.85188265657198,0.0673990698928355
2018-05-01,8.06,1.8928814014618,0.279095729835333
2018-06-01,12.52,2.96513068851948,0.113739763421292
2018-07-01,14.42,1.66793285236547,0.359453630481668
2018-08-01,13.14,0.421900462194579,5.6179775280899
2018-09-01,9.46,1.24217551094843,0.648088139987038
2018-10-01,4.02,0.801249024960405,1.55763239875389
2018-11-01,-0.86,0.716240183178799,1.94931773879142
2018-12-01,-2.54,2.75735380392143,0.131527028804419
2019-01-01,-2.32,3.42154935665116,0.0854189800973776
2019-02-01,-0.48,2.52130918373769,0.157306905773163
2019-03-01,1.34,1.34461890511773,0.553097345132743
2019-04-01,4.5,1.94807597387782,0.263504611330698
2019-05-01,8.04,0.887693640846886,1.26903553299492
2019-06-01,13.42,2.03641842458764,0.241138172172655
2019-07-01,14.6,1.3,0.591715976331361
2019-08-01,13.54,0.94233751915118,1.12612612612613
2019-09-01,10.3,1.30958008537088,0.583090379008746
2019-10-01,3.6,3.06512642479882,0.106439595529537
2019-11-01,-4.52,4.51741076281535,0.0490027931592101
2019-12-01,-5.34,4.02156685882505,0.0618314474741854
2020-01-01,-3.32,2.06082507748717,0.235460324935248
2020-02-01,-2.72,2.92608954066686,0.116795141322121
2020-03-01,0.4,2.11896201004171,0.22271714922049
2020-04-01,3.34,2.0791825316696,0.231320842007865
2020-05-01,7.46,1.47749788493926,0.458085203847916
2020-06-01,12.38,1.8619881847101,0.288433804441881
2020-07-01,14.58,1.38636214604987,0.520291363163372
2020-08-01,14.32,2.15453011118434,0.2154243860405
2020-09-01,9.82,0.630079360080934,2.51889168765743
2020-10-01,3.92,0.870057469366248,1.32100396301189
2020-11-01,0.58,2.23986606742457,0.199322304165836
2020-12-01,-5.22,3.37446292022894,0.0878194432247299
2021-01-01,-7.04,4.56760331027115,0.0479317451948426
2021-02-01,-3.14,2.88149266873959,0.120438395760568
2021-03-01,-0.6,1.90131533418315,0.276625172890733
2021-04-01,3.26,1.53394915169963,0.424989375265618
2021-05-01,7.12,0.719027120489902,1.93423597678917
2021-06-01,10.54,1.69351705040132,0.348675034867504
2021-07-01,13.94,1.60093722550261,0.390167772142021
2021-08-01,12.64,0.96591925128346,1.07181136120043
2021-09-01,9,0.758287544405155,1.73913043478261
2021-10-01,3.22,0.683373982530796,2.14132762312634
2021-11-01,-4.74,2.12202733252897,0.222074172773706
2021-12-01,-4.46,3.1429285706169,0.101235067827495
2022-01-01,-2.76,1.741551032844,0.329706561160567
2022-02-01,-0.5,2.4114311103575,0.171969045571797
2022-03-01,1.48,1.75840837122666,0.323415265200518
2022-04-01,4.9,1.05830052442584,0.892857142857143
2022-05-01,8.5,0.509901951359278,3.84615384615385
2022-06-01,13.24,1.38852439661678,0.518672199170125
2022-07-01,14.64,1.3145341380124,0.578703703703704
2022-08-01,12.96,0.260768096208106,14.7058823529412
2022-09-01,8.7,1.32476412994918,0.56980056980057
2022-10-01,3.64,4.32469652114458,0.0534673581778324
2022-11-01,-0.12,3.17285360519517,0.09933445912387
2022-12-01,-2.56,1.95780489324141,0.26089225150013
2023-01-01,-3.44,2.40478689284518,0.172920629431091
2023-02-01,1.5,2.44744765010408,0.166944908180301
2023-03-01,1.68,1.81989010657237,0.301932367149758
2023-04-01,4.26,2.70425590505041,0.136742786817995
2023-05-01,8.32,0.704982269280583,2.01207243460764
2023-06-01,12.6,1.63095064303001,0.37593984962406
2023-07-01,14.4,1.14673449411797,0.760456273764259
2023-08-01,13.26,0.993981891183134,1.01214574898785
2023-09-01,11.22,1.23166553901617,0.659195781147
2023-10-01,5.68,2.98948156040475,0.111894371713103
2023-11-01,-0.56,2.64915080733431,0.142490738102023
2023-12-01,-4.38,1.04259292151827,0.919963201471941
2024-01-01,-4.8,3.06022874961987,0.106780565936999
2024-02-01,-1.54,1.30499042142079,0.587199060481503
2024-03-01,0.48,3.85188265657198,0.0673990698928355
2024-04-01,4.5,1.51492574075431,0.435729847494553
2024-05-01,8.14,0.792464510246358,1.59235668789809
2024-06-01,12.24,1.27003936946852,0.619962802231866
2024-07-01,14.26,1.10136279218067,0.824402308326464
2024-08-01,12.7,1.3076696830622,0.584795321637427
2024-09-01,10.24,1.03585713300628,0.931966449207829
2024-10-01,3.46,0.250998007960223,15.8730158730159
2024-11-01,-3.72,1.8430952227164,0.294377391816309
2024-12-01,-4.96,2.73276416838336,0.133904659882164
2025-01-01,-2.62,3.8349706648161,0.0679948323927382
2025-02-01,-1.98,4.15475631054338,0.0579307148650214
2025-03-01,1.08,2.75626558952507,0.131630906936949
2025-04-01,3.24,2.5165452509343,0.157903047528817
2025-05-01,7.92,0.947100839404126,1.11482720178372
2025-06-01,12.94,2.6651453994107,0.140785583556244
2025-07-01,13.78,0.605805249234438,2.72479564032698
2025-08-01,13.1,0.974679434480896,1.05263157894737
2025-09-01,9.76,1.09909053312273,0.827814569536424
2025-10-01,3.48,1.62849623886578,0.377073906485671
2025-11-01,-2.2,2.72304976083802,0.134861766689144
2025-12-01,-3.6,2.66552058705237,0.140745953553835
2026-01-01,-4.98,3.33646519538268,0.0898311174991017
2026-02-01,-1.04,1.4656056768449,0.465549348230912
2026-03-01,2.9,1.89736659610103,0.277777777777778
2026-04-01,6.12,2.89689488935998,0.119161105815062
2026-05-01,8.92,2.16494803632789,0.213356091316407
2026-06-01,12.5,2.55244980362004,0.153491941673062
2026-07-01,14.52,0.756306816047561,1.74825174825175
2026-08-01,13.26,1.23409886151799,0.656598818122128
2026-09-01,10.8,1.37840487520902,0.526315789473684
2026-10-01,4.24,2.31473540604537,0.186636804777902
2026-11-01,-0.2,2.8,0.127551020408163
2026-12-01,-3.42,2.82789674493253,0.125046892584719
2027-01-01,-2.5,2.45662369930765,0.165700082850041
2027-02-01,-1.64,3.73403267259407,0.0717205766334361
2027-03-01,0.34,2.5075884829852,0.159033078880407
2027-04-01,5.42,2.08614476966485,0.229779411764706
2027-05-01,8.62,1.78381613402279,0.314267756128221
2027-06-01,13.9,1.40534693225552,0.506329113924051
2027-07-01,16.3,1.69705627484771,0.347222222222222
2027-08-01,14.92,1.29884564132925,0.592768227622999
2027-09-01,10.5,1.43352711868315,0.48661800486618
2027-10-01,5.16,1.70528589978338,0.343878954607978
2027-11-01,-0.8,3.8619943034655,0.0670465973851827
2027-12-01,-7.78,5.00419823748021,0.0399329127066528
2028-01-01,-2.5,2.3895606290697,0.175131348511384
2028-02-01,-1.3,1.57003184681076,0.405679513184584
2028-03-01,-2.06,4.02280996319737,0.0617932398195637
2028-04-01,3.4,0.913783344124853,1.19760479041916
2028-05-01,8.24,0.563914887194867,3.14465408805032
2028-06-01,12.68,1.68136849024835,0.353731871241599
2028-07-01,13.7,0.620483682299543,2.5974025974026
2028-08-01,14.36,1.68908259123111,0.350508236943568
2028-09-01,10.42,0.825832912882503,1.46627565982405
2028-10-01,5.58,1.40249777183424,0.508388408744281
2028-11-01,-1.98,2.80303407043154,0.127275041364388
2028-12-01,-5.46,3.28831263720468,0.0924812725423102
2029-01-01,-3.9,3.83666521865018,0.0679347826086957
2029-02-01,-1.26,2.7437201023428,0.132837407013815
2029-03-01,-0.0599999999999998,4.02529502024386,0.0617169659939517
2029-04-01,4.56,1.65166582576501,0.366568914956012
2029-05-01,8.86,1.75584737377712,0.324359390204346
2029-06-01,12.24,1.42407864951343,0.493096646942801
2029-07-01,13.66,1.66222742126341,0.361925443358668
2029-08-01,13.72,1.61462069849237,0.383582662063675
2029-09-01,10.5,1.94935886896179,0.263157894736842
2029-10-01,3.84,2.03297811104793,0.241954996370675
2029-11-01,-1.3,2.51694258973064,0.15785319652723
2029-12-01,-4.54,3.08512560522258,0.105064089094348
2030-01-01,-1,1.17898261225516,0.719424460431655
2030-02-01,0.66,1.96545160204977,0.258866166192079
2030-03-01,2.82,3.62035909821111,0.0762951094834821
2030-04-01,5.38,1.40605832026982,0.505816894284269
2030-05-01,9.22,1.79638525934723,0.309885342423303
2030-06-01,13.8,2.67861904719577,0.139372822299652
2030-07-01,14.78,2.19590528028875,0.207382828701784
2030-08-01,13.24,1.72278843738864,0.336927223719677
2030-09-01,9.82,1.94987179065702,0.263019463440295
2030-10-01,3.4,2.6542418879974,0.14194464158978
2030-11-01,-2.02,1.58018986201026,0.40048057669203
2030-12-01,-3.98,3.47735531690393,0.0826993053258353
2031-01-01,-6,6.67869747780209,0.0224190113216007
2031-02-01,-4.44,4.063619076636,0.0605583479682674
2031-03-01,-0.78,3.17679083352996,0.0990883868410622
2031-04-01,4.14,1.20540449642433,0.688231245698555
2031-05-01,7.5,0.533853912601566,3.50877192982456
2031-06-01,11.76,0.873498712076898,1.31061598951507
2031-07-01,13.84,1.02127371453494,0.958772770853307
2031-08-01,12.92,0.645755371638517,2.39808153477218
2031-09-01,9.92,0.822800097228969,1.47710487444608
2031-10-01,3.56,1.78969271105405,0.312207305650952
2031-11-01,-2.36,2.99799933288852,0.11125945705385
2031-12-01,-4.6,2.83548937575157,0.124378109452736
2032-01-01,-3.98,1.64073154415949,0.37147102526003
2032-02-01,-0.84,1.83657289536789,0.296471983397569
2032-03-01,1.18,2.27859605898018,0.192604006163328
2032-04-01,4.22,2.6771253239249,0.139528394028185
2032-05-01,8.62,1.36821051011897,0.534188034188034
2032-06-01,12.8,1.0770329614269,0.86206896551724
2032-07-01,14.2,1.00995049383621,0.980392156862745
2032-08-01,13.62,1.81851587840195,0.302388872089507
2032-09-01,10.82,1.78521707363558,0.313774709758393
2032-10-01,4.74,3.55710556492213,0.0790326404805184
2032-11-01,-3.46,1.0899541274751,0.841750841750842
2032-12-01,-3.42,2.32314442082278,0.185288123031314
2033-01-01,-1.04,3.56623050292602,0.0786287152067935
2033-02-01,1.98,3.35663521997848,0.0887547705689181
2033-03-01,0.56,1.84743064822472,0.292997363023733
2033-04-01,4.78,1.75128524232919,0.32605151613955
2033-05-01,7.98,0.481663783151692,4.3103448275862
2033-06-01,14.16,2.80855834904671,0.126774847870183
2033-07-01,15.14,2.58901525681098,0.149186931224825
2033-08-01,14.32,1.06395488626163,0.88339222614841
2033-09-01,10.66,1.34275835502893,0.554631170271769
2033-10-01,3.44,2.60825612239289,0.146993973247097
2033-11-01,-2.66,2.1824298385057,0.209951711106446
2033-12-01,-5.46,5.14324800102037,0.0378028957018108
2034-01-01,-2.6,0.570087712549569,3.07692307692308
2034-02-01,-0.38,3.86095843023465,0.0670825786543235
2034-03-01,-1.9,1.18953772533703,0.706713780918728
2034-04-01,3.76,1.66673333200005,0.359971202303816
2034-05-01,7.9,0.897217922246318,1.24223602484472
2034-06-01,13.66,2.25233212470985,0.19712201852947
2034-07-01,14.52,1.03537432844358,0.932835820895521
2034-08-01,13.88,1.92275843516548,0.270489586150933
2034-09-01,9.94,0.887693640846886,1.26903553299492
2034-10-01,3.88,1.47546602807384,0.459347726228755
2034-11-01,-1.72,4.24876452630644,0.0553955240416574
2034-12-01,-2.56,3.65143807286937,0.0750018750468762
2035-01-01,-3.54,2.59094577326504,0.148964695367198
2035-02-01,-1.34,4.57143303571211,0.0478514690400995
2035-03-01,1.32,1.88997354478839,0.279955207166853
2035-04-01,3.5,0.674536878161602,2.1978021978022
2035-05-01,9.18,1.81989010657237,0.301932367149758
2035-06-01,13.52,2.66589572189161,0.140706345856198
2035-07-01,14,1.18953772533703,0.706713780918728
2035-08-01,13.54,0.814248119432891,1.50829562594268
2035-09-01,10.86,0.9555103348473,1.09529025191676
2035-10-01,5.68,1.16490342947388,0.736919675755343
2035-11-01,-1.32,1.33304163475864,0.56274620146314
2035-12-01,-2.4,2.1,0.226757369614512
2036-01-01,-5.92,2.92865156684779,0.116590882592981
2036-02-01,-3.26,3.68143993567734,0.073784401977422
2036-03-01,0.38,3.28435686246181,0.0927041809585613
2036-04-01,4.5,1.2747548783982,0.615384615384615
2036-05-01,8.74,1.54854770672395,0.417014178482068
2036-06-01,13.32,1.68136849024835,0.353731871241599
2036-07-01,15.56,2.26119437466132,0.195579894386857
2036-08-01,14.34,2.10784249885991,0.225073148773351
2036-09-01,10.98,1.3311649033835,0.564334085778781
2036-10-01,5.14,2.04646035876584,0.238777459407832
2036-11-01,-1.18,2.99616421445821,0.111395789239167
2036-12-01,-2.38,2.44989795705862,0.166611129623459
2037-01-01,-1.24,1.93984535466104,0.265745415891576
2037-02-01,1.56,3.14690323969454,0.100979501161264
2037-03-01,1.68,2.85604621811343,0.122594090964815
2037-04-01,5.04,1.68315180539368,0.352982703847511
2037-05-01,8.88,1.36088206689632,0.539956803455724
2037-06-01,13.16,2.73733446988124,0.133457894034432
2037-07-01,15.32,1.40249777183424,0.508388408744281
2037-08-01,15.36,2.53830652207333,0.155207201614155
2037-09-01,10.6,2.18059624873565,0.210304942166141
2037-10-01,4.56,2.01072126362656,0.247341083353945
2037-11-01,-3.64,4.42074654328881,0.0511692165992939
2037-12-01,-6,4.6706530592627,0.0458400183360073
2038-01-01,-2.8,2.70370116691916,0.136798905608755
2038-02-01,-3.02,2.09451665068579,0.227946204695692
2038-03-01,0.3,4.42888247755571,0.0509813917919959
2038-04-01,4.76,2.20748725930638,0.205212394828648
2038-05-01,9.52,2.10523157871052,0.225631768953069
2038-06-01,13.34,2.52843825315154,0.156421085562334
2038-07-01,16.58,2.58398916406397,0.149767859817283
2038-08-01,14.22,1.40427917452336,0.50709939148073
2038-09-01,11.28,1.79777640433954,0.309405940594059
2038-10-01,4.8,2.41453929352993,0.171526586620926
2038-11-01,-1.58,2.67899234788008,0.13933398355859
2038-12-01,-1.64,2.12438226315322,0.22158209616663
2039-01-01,-4.88,1.97027916803685,0.257599175682638
2039-02-01,-4.3,5.22302594288024,0.0366568914956012
2039-03-01,1.44,2.81033805795673,0.126614332742466
2039-04-01,3.42,1.79777640433954,0.309405940594059
2039-05-01,8.74,1.40996453856117,0.503018108651911
2039-06-01,13.12,2.4139179770655,0.171614896172988
2039-07-01,14.72,2.02410474037289,0.244081034903588
2039-08-01,14,1.49499163877261,0.447427293064876
2039-09-01,10.24,1.18448300958688,0.712758374910906
2039-10-01,3.58,2.26428796755183,0.195045835771406
2039-11-01,-2.34,1.985698869416,0.253613999492772
2039-12-01,-3.72,2.27420315715197,0.193348801237432
2040-01-01,-5.42,5.12952239492138,0.0380054727880815
2040-02-01,-1.74,3.48037354317033,0.0825559316436886
2040-03-01,0.82,2.58398916406397,0.149767859817283
2040-04-01,2.78,0.895544527089525,1.24688279301746
2040-05-01,8.02,1.05688220724923,0.895255147717099
2040-06-01,13.28,2.87001742154991,0.121403423576545
2040-07-01,14.94,1.62265215003093,0.379794910748196
2040-08-01,13.8,0.717635004720367,1.94174757281553
2040-09-01,10.86,0.890505474435728,1.26103404791929
2040-10-01,5.28,2.3349518196314,0.183418928833456
2040-11-01,-1.08,3.9669887824394,0.0635445129313084
2040-12-01,-2.14,2.35010638057089,0.181061017562919
2041-01-01,-1.1,1.55402702679201,0.41407867494824
2041-02-01,-0.44,3.05008196611173,0.107492206815006
2041-03-01,-0.64,4.58344848340199,0.0476009139375476
2041-04-01,3.58,1.8806913622389,0.282725473565168
2041-05-01,9.26,2.11612854051922,0.223313979455114
2041-06-01,14.76,3.33811323954116,0.0897424391994975
2041-07-01,15.14,0.622896460095897,2.57731958762887
2041-08-01,13.24,0.563914887194868,3.14465408805031
2041-09-01,10.64,1.07377837564369,0.867302688638335
2041-10-01,4.44,1.88891503249882,0.280269058295964
2041-11-01,-0.6,1.5116216457831,0.437636761487965
2041-12-01,-5.9,3.57980446393375,0.0780335544284042
2042-01-01,-2.26,1.3630847369111,0.538213132400431
2042-02-01,1.2,2.02484567313166,0.24390243902439
2042-03-01,1.02,2.71790360388296,0.135372952484094
2042-04-01,3.56,0.114017542509914,76.9230769230768
2042-05-01,8.44,0.937016542009798,1.13895216400911
2042-06-01,13.84,1.80914344373242,0.305530094714329
2042-07-01,16.12,2.04132310034448,0.239980801535877
2042-08-01,14.46,1.4501724035438,0.475511174512601
2042-09-01,11.04,1.23409886151799,0.656598818122128
2042-10-01,4.28,2.14639232201385,0.217060994139353
2042-11-01,-1.96,2.83337254874822,0.124564025909317
2042-12-01,-4.7,2.93683503111768,0.115942028985507
2043-01-01,-5.06,4.4252683534448,0.0510646989735995
2043-02-01,-2.66,2.79159452643109,0.128320287437444
2043-03-01,-1.02,3.48668897379735,0.0822571358065312
2043-04-01,4.66,1.27788888405839,0.612369871402327
2043-05-01,8.86,0.618869937870632,2.61096605744125
2043-06-01,13.64,2.50359741172577,0.159540523292916
2043-07-01,15.52,1.0084641788383,0.983284169124876
2043-08-01,14.22,0.766159252375118,1.70357751277683
2043-09-01,11.84,1.91258986716965,0.273373428102788
2043-10-01,6.44,1.36674796506159,0.535331905781585
2043-11-01,-0.4,1.6985287751463,0.346620450606586
2043-12-01,-5.28,4.40533767150715,0.0515277992476941
2044-01-01,-0.5,2.95550334122633,0.114481969089868
2044-02-01,-0.9,3.59513560244951,0.0773694390715667
2044-03-01,1.7,2.61725046566048,0.145985401459854
2044-04-01,6.32,2.91152880803196,0.117966261649168
2044-05-01,10.32,2.71606332768586,0.135556459265284
2044-06-01,14.4,2.0952326839757,0.227790432801822
2044-07-01,15.46,1.69499262535269,0.348068221371389
2044-08-01,15.1,1.99624647776771,0.250941028858218
2044-09-01,10.64,1.13269589917153,0.779423226812159
2044-10-01,6.24,2.0452383724153,0.23906287353574
2044-11-01,-0.26,1.8902380802428,0.279876854184159
2044-12-01,-3,1.48996644257513,0.45045045045045
2045-01-01,-3.68,2.22530896731218,0.201938610662359
2045-02-01,-1.18,3.13958595996351,0.101450745662981
2045-03-01,2.04,2.72818621065352,0.134354426978369
2045-04-01,5.04,1.94242116957163,0.265041081367612
2045-05-01,9.52,3.2391356871857,0.0953107129241327
2045-06-01,14.8,3.03067649213835,0.108873162765378
2045-07-01,15.54,1.49432258900145,0.447828034034931
2045-08-01,14.1,0.966953980290686,1.06951871657754
2045-09-01,11.06,1.57257750206468,0.404367165386171
2045-10-01,5.54,1.69056203672033,0.349895031490553
2045-11-01,-0.26,1.93855616374662,0.266098988823842
2045-12-01,-2.4,2.46475150877325,0.164609053497942
2046-01-01,-2.58,1.764086165696,0.32133676092545
2046-02-01,-1.64,3.97152363709446,0.063399480124263
2046-03-01,2.54,1.81741574770332,0.302755071147442
2046-04-01,4.3,1.88015956769632,0.282885431400283
2046-05-01,8.62,1.26964561984831,0.620347394540943
2046-06-01,13.12,2.21404606998138,0.203998368013056
2046-07-01,14.58,1.67391756069407,0.356887937187723
2046-08-01,13.88,2.34989361461322,0.181093806591815
2046-09-01,10.34,1.14367827643966,0.764525993883792
2046-10-01,2.74,2.51753848034146,0.157778479015462
2046-11-01,-2.52,2.29499455337044,0.189861401177141
2046-12-01,-7.96,2.09475535564419,0.227894257064722
2047-01-01,-2.7,3.9717754216471,0.063391442155309
2047-02-01,-0.16,2.35648042639866,0.180082838105529
2047-03-01,-0.66,2.12202733252897,0.222074172773706
2047-04-01,3.6,2.22036033111745,0.202839756592292
2047-05-01,7.44,1.93984535466104,0.265745415891576
2047-06-01,12.8,1.68374582404827,0.352733686067019
2047-07-01,15.32,1.54983870128475,0.41631973355537
2047-08-01,13.56,1.68315180539368,0.352982703847512
2047-09-01,10.4,1.32853302555864,0.56657223796034
2047-10-01,5.72,1.01341008481266,0.973709834469327
2047-11-01,0.48,1.66343019090072,0.361402240693892
2047-12-01,-0.66,2.44192546978813,0.167700821734026
2048-01-01,-0.62,2.21968466228877,0.20296326364928
2048-02-01,-1.14,3.05499590834423,0.107146683810136
2048-03-01,0.66,2.82187880675269,0.125580811252041
2048-04-01,5,2.3632604596193,0.17905102954342
2048-05-01,10.26,3.02043043290191,0.109613065877453
2048-06-01,13.74,3.09725685082784,0.104242676951944
2048-07-01,15.16,1.51426549851735,0.436109899694723
2048-08-01,14.2,0.812403840463596,1.51515151515152
2048-09-01,12.5,2.20454076850486,0.205761316872428
2048-10-01,6.78,2.15916650585359,0.214500214500215
2048-11-01,-0.2,2.52289516230857,0.157109190887667
2048-12-01,-3.76,2.54617359973746,0.154249575813667
2049-01-01,-1.46,3.56833294410709,0.0785360873321291
2049-02-01,0.46,1.8132843130629,0.304136253041362
2049-03-01,2.16,2.39854122332721,0.173822353554667
2049-04-01,5.04,2.06591384137868,0.234301780693533
2049-05-01,9.12,0.88147603484156,1.28700128700129
2049-06-01,14.52,3.05810398776758,0.106928999144568
2049-07-01,14.92,1.87936159373336,0.283125707814269
2049-08-01,13.24,0.492950301754649,4.11522633744856
2049-09-01,10.56,1.33716117203574,0.559284116331096
2049-10-01,5.68,3.41789408847027,0.0856017805170348
2049-11-01,1.42,1.31795295818933,0.575705238917674
2049-12-01,-2.78,2.54401257858526,0.15451174289246
2050-01-01,-2.58,3.76191440625647,0.0706613906161673
2050-02-01,1.06,3.83314492290599,0.0680596202273191
2050-03-01,2.94,2.05255937794744,0.237360550676478
2050-04-01,5.48,1.5319921670818,0.426075841499787
2050-05-01,9.46,2.1824298385057,0.209951711106446
2050-06-01,13.8,2.61629509039023,0.14609203798393
2050-07-01,15.8,1.78605710994918,0.313479623824451
2050-08-01,15.42,1.65740761431822,0.36403349108118
2050-09-01,11.92,1.98166596579746,0.254647313470843
2050-10-01,5.3,1.28646803302686,0.604229607250755
2050-11-01,0.14,2.23226342531521,0.200682319887618
2050-12-01,-1.52,2.40145789053233,0.173400381480839
2051-01-01,-1.56,3.39749908020591,0.0866325911808022
2051-02-01,0.22,1.45499140890934,0.472366556447803
2051-03-01,3.62,2.21743094593721,0.203376042302217
2051-04-01,6.22,2.05596692580401,0.236574402649633
2051-05-01,10.16,2.1709444949146,0.212179079142797
2051-06-01,14.92,2.56456624012717,0.152045005321575
2051-07-01,15.34,1.20747670784989,0.685871056241426
2051-08-01,14.58,1.17345643293648,0.726216412490922
2051-09-01,12.16,1.4842506526864,0.453926463912846
2051-10-01,6.9,1.35462171841441,0.544959128065395
2051-11-01,-3.9,4.63357313528124,0.0465766185374942
2051-12-01,-2.7,1.74355957741627,0.328947368421053
2052-01-01,-0.64,3.60111093969625,0.0771128932757557
2052-02-01,-8.88178419700125e-17,2.36959912221456,0.178094390026714
2052-03-01,2.5,2.30434372436058,0.188323917137476
2052-04-01,5.98,1.39176147381654,0.516262261228704
2052-05-01,10.3,1.65378354085412,0.36563071297989
2052-06-01,15.56,3.01546016388876,0.109974705817662
2052-07-01,16.52,2.06324986368593,0.234907211651398
2052-08-01,15.32,0.990959131346999,1.0183299389002
2052-09-01,12.38,1.9715476154534,0.257267815796244
2052-10-01,5.86,3.08755566751435,0.10489877268436
2052-11-01,-0.38,2.47931442136733,0.162680982593135
2052-12-01,-3.98,5.23373671481476,0.0365070093457944
2053-01-01,-3.3,3.13368792319848,0.10183299389002
2053-02-01,1.02,5.19682595436868,0.0370274373310623
2053-03-01,2.14,1.17813411800185,0.720461095100865
2053-04-01,5.86,2.81478240722085,0.126214817619589
2053-05-01,10.46,2.39018827710287,0.175039383861369
2053-06-01,14.74,1.94627850011246,0.263991552270327
2053-07-01,16,1.82893411581719,0.298953662182362
2053-08-01,14.5,1.77200451466694,0.318471337579618
2053-09-01,11.34,1.05261578935526,0.902527075812274
2053-10-01,6.6,2.25388553391693,0.196850393700787
2053-11-01,-0.0800000000000001,2.46211291373893,0.164962058726493
2053-12-01,-3.52,3.69283089241844,0.0733299112708074
2054-01-01,-4,3.71012129181783,0.0726480203414457
2054-02-01,-1.56,2.82365011996883,0.125423303649818
2054-03-01,0.64,5.30311229373846,0.0355580841304271
2054-04-01,3.06,4.02964018244806,0.0615839389087326
2054-05-01,9.48,2.82789674493253,0.125046892584719
2054-06-01,13.4,2.72488531868774,0.134680134680135
2054-07-01,14.48,1.69911741795557,0.346380325597506
2054-08-01,14.98,2.75717246468189,0.131544330439358
2054-09-01,11.56,1.19707978013163,0.697836706210746
2054-10-01,6.02,0.944457516249408,1.12107623318386
2054-11-01,0.42,3.08172029879417,0.10529640939244
2054-12-01,-4.76,5.77130834386797,0.0300228173411793
2055-01-01,-4.36,2.86932047704679,0.121462407384914
2055-02-01,2.7,2.26715680975093,0.194552529182879
2055-03-01,0.64,3.61911591414257,0.0763475339746526
2055-04-01,4.98,3.71173813731518,0.0725847426870872
2055-05-01,9.64,1.64863579968409,0.367917586460633
2055-06-01,15.32,3.45137653697767,0.083948959032908
2055-07-01,16.28,1.54175224987674,0.420698359276399
2055-08-01,14.86,1.73002890149269,0.334112930170398
2055-09-01,11.3,1.94293592277254,0.264900662251656
2055-10-01,5.46,0.801872807869178,1.5552099533437
2055-11-01,0.72,3.10917995619424,0.103444708803145
2055-12-01,-1.58,1.75982953719955,0.322893122376493
2056-01-01,-2.58,2.31451938855565,0.186671644577189
2056-02-01,-2.44,2.11849002829846,0.222816399286987
2056-03-01,1.54,1.41173651932646,0.501756146512795
2056-04-01,5.88,2.11707345172528,0.223114680946006
2056-05-01,9.12,2.13705404704701,0.218962119553317
2056-06-01,14.06,2.64253666010521,0.143204926249463
2056-07-01,16.96,2.50259864940425,0.159667890787163
2056-08-01,15.32,1.98040399918804,0.254971953085161
2056-09-01,11.84,2.44192546978813,0.167700821734026
2056-10-01,6.02,1.44810220633766,0.476871721506915
2056-11-01,0.72,1.5546703830716,0.413736036408771
2056-12-01,-2.52,1.94730583114209,0.263713080168776
2057-01-01,-1.88,2.78513913476508,0.128915817970865
2057-02-01,0.24,2.90051719526018,0.118863663378105
2057-03-01,2.38,2.31451938855565,0.186671644577189
2057-04-01,5.34,1.56300991679516,0.409332787556283
2057-05-01,9.52,1.93829822266853,0.266169816342827
2057-06-01,14.5,2.02854627751008,0.243013365735115
2057-07-01,15.18,1.03295692068934,0.937207122774134
2057-08-01,14.48,1.93700800204852,0.266524520255864
2057-09-01,11.16,1.33529023062404,0.560852495793606
2057-10-01,6.16,3.12617977730008,0.102322725877417
2057-11-01,0.18,3.04499589490692,0.107851596203624
2057-12-01,-1.08,2.38474317275467,0.175839634253561
2058-01-01,-2.24,2.43577503066273,0.168548794876117
2058-02-01,0.86,2.91341723754082,0.117813383600377
2058-03-01,2.66,2.1651789764359,0.213310580204778
2058-04-01,4.24,3.60458041941084,0.0769645193565766
2058-05-01,9.62,1.52708873350569,0.428816466552316
2058-06-01,13.92,2.78962363052796,0.128501670521717
2058-07-01,15.26,1.53557806704837,0.424088210347752
2058-08-01,14.9,1.27082650271388,0.619195046439629
2058-09-01,11.86,1.62573060498965,0.378357926598562
2058-10-01,5.44,2.13377599574088,0.219635405227323
2058-11-01,0.32,3.51382981944203,0.0809913339272698
2058-12-01,-2.34,3.51254893204351,0.0810504133571081
2059-01-01,-2.76,4.39181056057749,0.0518457071754459
2059-02-01,-0.06,2.31905153025973,0.185942729639271
2059-03-01,3.86,1.57257750206468,0.404367165386171
2059-04-01,4.78,1.47207336773681,0.461467466543609
2059-05-01,9.38,1.51558569536665,0.43535045711798
2059-06-01,13.98,1.8806913622389,0.282725473565168
2059-07-01,15.94,1.69646691685986,0.347463516330785
2059-08-01,15.22,1.47546602807384,0.459347726228756
2059-09-01,11.04,0.507937003968012,3.87596899224806
2059-10-01,5.28,2.52031744032374,0.157430730478589
2059-11-01,0.94,1.44672042910854,0.477783086478739
2059-12-01,-2.84,1.06442472725881,0.88261253309797
2060-01-01,-2.5,4.11217703899042,0.0591366055588409
2060-02-01,1.44,3.70580625505436,0.0728173013908105
2060-03-01,1.1,3.42490875790874,0.0852514919011083
2060-04-01,5.58,2.05231576517845,0.237416904083571
2060-05-01,9.84,2.19271521178652,0.207986688851913
2060-06-01,14.3,2.42177620766247,0.170502983802217
2060-07-01,15.74,1.39570770578943,0.51334702258727
2060-08-01,15.36,1.71405950888527,0.340367597004765
2060-09-01,11.46,1.32778010227598,0.567214974475326
2060-10-01,5.16,1.24819870213039,0.641848523748395
2060-11-01,0.36,2.55988280981767,0.152601861742713
2060-12-01,-2.74,2.33087966227345,0.184060371801951
2061-01-01,-1.62,2.62621400498893,0.144990575612585
2061-02-01,0.4,4.35028734683124,0.0528401585204756
2061-03-01,1.36,3.05581413047325,0.107089312486614
2061-04-01,5.86,2.730933906194,0.134084204880665
2061-05-01,10.02,2.04254742906989,0.239693192713327
2061-06-01,15.26,2.29630137394899,0.189645363170871
2061-07-01,16.4,2.57196422992234,0.151171579743008
2061-08-01,15.14,2.06106768447812,0.235404896421846
2061-09-01,11.7,2.25388553391693,0.196850393700787
2061-10-01,6.44,2.4429490375364,0.167560321715818
2061-11-01,0.64,3.83510104169369,0.067990209409845
2061-12-01,-2.24,1.66823259769134,0.359324469996407
2062-01-01,-2.04,4.177678781333,0.0572967398155045
2062-02-01,1.68,3.42081861547788,0.0854554776961203
2062-03-01,3.62,3.29802971484491,0.0919371150133309
2062-04-01,6.2,0.771362431027076,1.68067226890756
2062-05-01,10.72,2.03273215156351,0.242013552758954
2062-06-01,16.7,4.46766158073774,0.0501002004008016
2062-07-01,17.22,2.52031744032374,0.157430730478589
2062-08-01,15.92,2.23874965103292,0.19952114924182
2062-09-01,11.02,1.11220501707194,0.808407437348424
2062-10-01,6.16,1.79666357451806,0.309789343246592
2062-11-01,1.62,2.76983754036225,0.130344108446298
2062-12-01,-1.88,2.21178660815188,0.204415372035977
2063-01-01,0.58,2.08734280845289,0.229515721826945
2063-02-01,2.36,2.78980286041864,0.128485159964024
2063-03-01,3.94,4.27586248609564,0.0546956188809276
2063-04-01,7.08,2.26318359838525,0.195236235845373
2063-05-01,12.44,3.90294760405517,0.06564695069914
2063-06-01,16.42,3.73121963974248,0.0718287602355983
2063-07-01,17.62,2.78693379899846,0.128749839062701
2063-08-01,16.16,1.90866445453359,0.274499039253362
2063-09-01,12.32,1.42021125189177,0.495785820525533
2063-10-01,7.02,0.92574294488265,1.16686114352392
2063-11-01,1.52,1.51888116717537,0.433463372345037
2063-12-01,0.06,1.80222085217101,0.307881773399015
2064-01-01,-3.04,3.7845739522435,0.0698177756056692
2064-02-01,0.08,2.84991227935177,0.123122383649347
2064-03-01,1.76,3.13894886865014,0.101491931391454
2064-04-01,5.66,1.90341797826962,0.276014352746343
2064-05-01,10.6,2.35372045918796,0.180505415162455
2064-06-01,15.62,3.07441051260238,0.105797714769361
2064-07-01,16.66,2.22441003414388,0.202101859337106
2064-08-01,15.56,1.82016482770105,0.301841231512224
2064-09-01,11.88,1.63156366716105,0.375657400450789
2064-10-01,6.26,1.57098695093244,0.405186385737439
2064-11-01,0.96,2.60921444116807,0.146886016451234
2064-12-01,-4.68,3.62725791749084,0.0760051683514479
2065-01-01,-5.76,4.32874115650266,0.05336748852599
2065-02-01,0.96,2.93308711087823,0.116238521446007
2065-03-01,1.72,3.22366251335341,0.0962278675904542
2065-04-01,6.08,1.24979998399744,0.640204865556978
2065-05-01,10.92,2.12532350478698,0.221385875581138
2065-06-01,14.66,2.31905153025973,0.185942729639271
2065-07-01,15.64,1.70381923923872,0.344471236651739
2065-08-01,15.4,1.32853302555864,0.56657223796034
2065-09-01,11.54,1.18448300958688,0.712758374910906
2065-10-01,6.04,0.826438140455776,1.46412884333821
2065-11-01,2.7,2.00499376557634,0.248756218905473
2065-12-01,-2.4,6.04648658313239,0.0273522975929978
2066-01-01,-1.78,2.95160973029972,0.114784205693297
2066-02-01,1.14,2.69035313667184,0.138159712627798
2066-03-01,2.78,0.920326029187483,1.18063754427391
2066-04-01,6.4,2.10475651798492,0.225733634311512
2066-05-01,10.3,2.64669605357321,0.142755174875089
2066-06-01,15.34,2.97203633894339,0.113211819313936
2066-07-01,16.4,2.81691320420066,0.126023944549464
2066-08-01,14.78,1.52872495891184,0.427899015832264
2066-09-01,11.72,1.95627196473292,0.261301280376274
2066-10-01,5.8,2.73861278752583,0.133333333333333
2066-11-01,0.3,2.46272207120495,0.164880461665293
2066-12-01,-2.38,1.76550276125527,0.320821302534488
2067-01-01,-3.96,3.87981958343426,0.0664319404769813
2067-02-01,0.1,3.89871773792359,0.0657894736842105
2067-03-01,2.02,1.50233152133609,0.443066016836509
2067-04-01,5.5,2.47689321530017,0.162999185004075
2067-05-01,9.5,1.96596032513375,0.258732212160414
2067-06-01,14.52,2.63571622144722,0.143947027493882
2067-07-01,16.16,2.02311640792121,0.244319569997557
2067-08-01,15.12,1.61462069849237,0.383582662063675
2067-09-01,11.4,1.55080624192708,0.415800415800416
2067-10-01,6.62,1.25578660607605,0.634115409004439
2067-11-01,0.32,2.58978763608138,0.149097957357984
2067-12-01,-3.9,2.54165300542777,0.154798761609907
2068-01-01,-2.1,4.37664254880382,0.0522056904202558
2068-02-01,0.74,2.69685001436862,0.137494843943352
2068-03-01,2.36,3.39897043235154,0.0865576040855189
2068-04-01,5.22,2.88652039660211,0.120019203072492
2068-05-01,9.98,2.47527776219155,0.163212012404113
2068-06-01,14.58,2.88911751232102,0.119803522223553
2068-07-01,16.82,2.31019479698142,0.18737118231216
2068-08-01,15.4,1.08397416943394,0.851063829787234
2068-09-01,11.36,2.05255937794744,0.237360550676477
2068-10-01,5.42,1.97661326515836,0.255950857435372
2068-11-01,0.92,2.7761484110184,0.129752173348904
2068-12-01,-2.4,1.66433169770932,0.36101083032491
2069-01-01,-1.08,2.76170237353702,0.13111315064901
2069-02-01,1.58,4.61595060632152,0.0469329328389731
2069-03-01,2.08,2.05109726731815,0.237699072973615
2069-04-01,6.12,1.50233152133609,0.443066016836508
2069-05-01,10.12,1.56748205731358,0.407000407000407
2069-06-01,15.38,2.50539418056321,0.159311773140035
2069-07-01,15.7,1.49833240637717,0.44543429844098
2069-08-01,15.08,0.311448230047949,10.3092783505154
2069-09-01,12.18,1.28918578955867,0.601684717208183
2069-10-01,6.12,0.798122797569397,1.56985871271586
2069-11-01,-0.66,2.51853131805026,0.157654106889485
2069-12-01,-1.64,2.7437201023428,0.132837407013815
2070-01-01,-1.92,3.31767991222782,0.0908512764604343
2070-02-01,2.06,2.24788789756073,0.19790223629527
2070-03-01,4.22,1.95627196473292,0.261301280376274
2070-04-01,6.84,2.01816748561659,0.245519273262951
2070-05-01,11.74,3.31104213201826,0.0912159080543647
2070-06-01,14.8,2.93598365118064,0.116009280742459
2070-07-01,16.4,1.47817454990945,0.45766590389016
2070-08-01,15.3,2.08686367547092,0.229621125143513
2070-09-01,12.54,2.26781833487605,0.194439043359907
2070-10-01,6.46,2.70333127825651,0.136836343732895
2070-11-01,1.56,3.2152760379165,0.0967305088024763
2070-12-01,-1.44,2.30716275975493,0.187863986473793
2071-01-01,-3.02,3.92198929116335,0.0650110518788194
2071-02-01,-0.24,2.84657689163669,0.123411082315192
2071-03-01,3.76,3.15325228930385,0.100573267625465
2071-04-01,5.94,3.07050484448405,0.106067034365719
2071-05-01,10.88,3.02770540178532,0.109086942293008
2071-06-01,14.42,1.55145093380358,0.41545492314084
2071-07-01,16.62,2.51137412585222,0.158553987632789
2071-08-01,15.92,1.98292712927127,0.254323499491353
2071-09-01,12.48,1.74556581084759,0.328191663931736
2071-10-01,6.16,1.60249804992081,0.389408099688474
2071-11-01,0.64,3.63428122191995,0.0757116898849182
2071-12-01,-3.44,2.96529931035638,0.113726828158763
2072-01-01,-2.92,1.96773982019982,0.258264462809917
2072-02-01,0.76,3.08025972930855,0.10539629005059
2072-03-01,0.1,1.02225241501304,0.956937799043062
2072-04-01,5.74,2.1686401268998,0.212630236019562
2072-05-01,10.18,2.19020546981328,0.20846362309777
2072-06-01,14.48,2.5371243564319,0.155351871990058
2072-07-01,16.42,2.30911238357946,0.187546886721681
2072-08-01,14.82,1.50565600320923,0.441111601235112
2072-09-01,11.78,2.13236957397164,0.219925225423356
2072-10-01,5.84,1.05971694333912,0.890471950133571
2072-11-01,0.42,2.64518430359777,0.142918393597256
2072-12-01,-2.24,2.57643164085524,0.150647785477553
2073-01-01,-0.74,2.73184919056671,0.133994372236366
2073-02-01,-0.32,3.66565137458542,0.0744213738185607
2073-03-01,4.2,3.37638860322683,0.087719298245614
2073-04-01,5.58,2.83584202662983,0.124347177319075
2073-05-01,10.6,3.40807863759039,0.086095566078347
2073-06-01,14.96,2.63685418633644,0.143822810297713
2073-07-01,16.86,1.14367827643966,0.764525993883792
2073-08-01,14.96,1.38311243216161,0.522739153162572
2073-09-01,11.98,0.712039324756716,1.9723865877712
2073-10-01,6.74,1.5274161188098,0.42863266180883
2073-11-01,2.46,2.14079424513427,0.218197687104517
2073-12-01,-1.9,3.95411178395351,0.0639590661976335
2074-01-01,-1.6,3.17490157327751,0.0992063492063492
2074-02-01,0.82,3.3640749099864,0.0883626402756914
2074-03-01,3.64,2.90998281781869,0.118091639111951
2074-04-01,7.74,2.46536001427783,0.164527805199079
2074-05-01,12.34,3.34260377550197,0.0895014767743668
2074-06-01,14.66,1.58366663158633,0.398724082934609
2074-07-01,16.14,1.4501724035438,0.475511174512601
2074-08-01,15.64,1.62265215003093,0.379794910748196
2074-09-01,12.26,1.64711869639076,0.368595650571323
2074-10-01,5.8,1.71755640373177,0.338983050847457
2074-11-01,0.76,2.08398656425611,0.230255583697905
2074-12-01,-2.62,1.45499140890934,0.472366556447804
2075-01-01,0.96,2.00449494885869,0.248880039820806
2075-02-01,-0.52,2.99282475263755,0.111644523836106
2075-03-01,4.04,2.88236014404862,0.120365912373616
2075-04-01,6.06,3.36570943487402,0.0882768361581921
2075-05-01,10.84,3.04105244939971,0.108131487889273
2075-06-01,14.68,3.29802971484491,0.0919371150133309
2075-07-01,17,2.37802439011882,0.17683465959328
2075-08-01,14.72,0.672309452558865,2.21238938053097
2075-09-01,11.94,1.07377837564369,0.867302688638335
2075-10-01,6.7,1.35277492584687,0.546448087431694
2075-11-01,0.62,1.58335087709579,0.398883127243718
2075-12-01,-1.82,1.31795295818933,0.575705238917674
2076-01-01,-0.62,2.44683468996171,0.167028561884082
2076-02-01,2.28,2.63856021344975,0.143636885952313
2076-03-01,4.26,2.71624741141156,0.135538086202223
2076-04-01,6.16,2.8623416986796,0.122055413157574
2076-05-01,10.66,1.93339080374352,0.267522739432852
2076-06-01,15.62,3.18308026917324,0.0986971969996052
2076-07-01,17.78,2.35838928084403,0.179791441927364
2076-08-01,16.48,1.50565600320923,0.441111601235113
2076-09-01,12.06,0.983869910099907,1.03305785123967
2076-10-01,7.2,3.4117444218464,0.0859106529209622
2076-11-01,1.12,1.93054396479334,0.268312315535283
2076-12-01,-0.76,0.909945053286186,1.20772946859903
2077-01-01,-0.44,3.27077972355217,0.093475415965601
2077-02-01,0.7,2.1988633427296,0.206825232678387
2077-03-01,2.92,4.00836625073109,0.062239372627124
2077-04-01,6.28,2.81193883290515,0.12647021626407
2077-05-01,11.14,2.33837550449024,0.182882223847842
2077-06-01,15.32,3.4549963820531,0.0837731423305688
2077-07-01,17.3,1.31719398723195,0.576368876080691
2077-08-01,15.24,1.46389890361322,0.466635557629491
2077-09-01,12.84,1.76436957579754,0.32123353678124
2077-10-01,7.2,2.1529050141611,0.215749730312837
2077-11-01,2.84,3.46886148469494,0.08310479514668
2077-12-01,-1.98,1.61307160411434,0.384319754035357
2078-01-01,1.18,2.0729206448873,0.232720502676286
2078-02-01,1.88,4.97111657477473,0.0404661702816445
2078-03-01,3.74,3.15245935739067,0.100623867981485
2078-04-01,6.94,3.13894886865014,0.101491931391454
2078-05-01,12.16,4.58072046735009,0.0476576276032979
2078-06-01,14.36,3.41364907393833,0.0858148116364885
2078-07-01,16.82,3.11881387710136,0.102806620746376
2078-08-01,15.56,1.68463645929916,0.352360817477097
2078-09-01,12.7,2.07002415444844,0.233372228704784
2078-10-01,8.08,1.25976188226188,0.630119722747322
2078-11-01,1.2,2.32701525564402,0.184672206832872
2078-12-01,-0.12,2.66026314487872,0.141302811925957
2079-01-01,-1.86,4.20808745156276,0.056471651231082
2079-02-01,0.26,2.08158593384948,0.230786983614124
2079-03-01,2.42,2.87349960849136,0.121109361753664
2079-04-01,6.2,3.67083096859553,0.0742115027829314
2079-05-01,10.34,1.27003936946852,0.619962802231866
2079-06-01,16.06,3.370904923014,0.0880049282759834
2079-07-01,16.38,1.37003649586425,0.53276505061268
2079-08-01,16.02,1.51888116717537,0.433463372345037
2079-09-01,12.74,1.87029409452097,0.28587764436821
2079-10-01,6.7,1.75214154679352,0.325732899022801
2079-11-01,1.18,2.46008129946959,0.165234633179114
2079-12-01,-1.46,3.33511618988005,0.089903802930864
2080-01-01,-1.6,4.3226149493102,0.0535188654000535
2080-02-01,0.66,4.71730855467395,0.044937761200737
2080-03-01,2.84,2.4429490375364,0.167560321715818
2080-04-01,6.54,3.30272614668549,0.0916758342500917
2080-05-01,10.6,1.98368344248774,0.25412960609911
2080-06-01,14.6,2.62773666869418,0.144822592324403
2080-07-01,17.04,2.42548964128895,0.169981302056774
2080-08-01,16.54,1.92691463225541,0.269323996768112
2080-09-01,11.96,2.15011627592556,0.216309755569976
2080-10-01,7.66,2.6235472170327,0.145285485979951
2080-11-01,1.22,3.56468792462959,0.0786967813016448
2080-12-01,-2.5,1.97610728453695,0.256081946222791
2081-01-01,-2.96,2.99215641302389,0.111694404110354
2081-02-01,-0.62,2.86740300620614,0.121624908781318
2081-03-01,2.42,2.26428796755183,0.195045835771406
2081-04-01,6.16,2.6235472170327,0.145285485979951
2081-05-01,11.1,3.17568890164008,0.0991571641051066
2081-06-01,15.76,3.16906926399535,0.0995718410833416
2081-07-01,16.42,2.32099116758337,0.185632077222944
2081-08-01,15.8,2.57972866790289,0.150262960180316
2081-09-01,12,1.79443584449264,0.31055900621118
2081-10-01,6.6,1.18953772533703,0.706713780918729
2081-11-01,1.94,2.24454895246239,0.198491464867011
2081-12-01,-3,2.79105714739057,0.128369704749679
2082-01-01,-2.82,2.61285284698546,0.146477222791856
2082-02-01,0.92,2.49038149687954,0.161238310222509
2082-03-01,3.76,2.76278844647939,0.131010087776759
2082-04-01,6.7,2.67207784317748,0.140056022408964
2082-05-01,10.64,2.909123579362,0.118161408483989
2082-06-01,15.74,3.4471727545918,0.0841538332071026
2082-07-01,16.88,2.49539576019516,0.160590974787217
2082-08-01,16.06,1.70088212407562,0.345661942620118
2082-09-01,13.06,1.79666357451806,0.309789343246592
2082-10-01,7.88,2.01915824045566,0.245278390973755
2082-11-01,2.9,2.44438131231606,0.167364016736402
2082-12-01,0.16,2.94838939083697,0.115035085701139
2083-01-01,-0.7,3.36229088569089,0.0884564352056612
2083-02-01,1.02,5.22656675074566,0.0366072409122524
2083-03-01,1.5,4.16353215431321,0.0576867608883761
2083-04-01,6.7,2.31192560433938,0.187090739008419
2083-05-01,11.08,1.82948080066449,0.298775022408127
2083-06-01,15.78,3.2476145091436,0.0948136910969944
2083-07-01,16.04,1.94370779696949,0.264690312334569
2083-08-01,15.74,2.17554590850205,0.21128248468202
2083-09-01,11.78,1.75128524232919,0.32605151613955
2083-10-01,7.88,2.25986725273853,0.195809672997846
2083-11-01,1.26,2.48253902285543,0.162258640272594
2083-12-01,-0.9,3.18747549010185,0.0984251968503937
2084-01-01,0.46,2.37865508218405,0.176740897843761
2084-02-01,1.84,3.35305830548769,0.088944231966557
2084-03-01,2.62,1.7079227148791,0.342817963661296
2084-04-01,7.36,2.46231598297213,0.16493485073396
2084-05-01,11.88,2.78513913476508,0.128915817970865
2084-06-01,18.16,3.13177266097014,0.101957585644372
2084-07-01,18.06,1.4976648490233,0.445831475702185
2084-08-01,17.52,1.91885382455256,0.271591526344378
2084-09-01,13.86,2.19840851526735,0.206910821435961
2084-10-01,6.12,1.70352575560219,0.344589937973811
2084-11-01,1.4,1.61864140562386,0.381679389312977
2084-12-01,-2.2,2.68979553126255,0.138217000691085
2085-01-01,-1.82,4.23461922727416,0.0557662279723399
2085-02-01,3.22,3.05237612361255,0.107330685843083
2085-03-01,3.72,4.07516870816412,0.0602155717468537
2085-04-01,7.22,2.25321991825032,0.196966712625566
2085-05-01,11.48,2.69666460650931,0.137513751375138
2085-06-01,16.52,3.09467284215957,0.104416831993317
2085-07-01,16.64,1.11937482551646,0.798084596967279
2085-08-01,15.96,1.55659885648166,0.412711514651258
2085-09-01,13.22,2.43454307827978,0.168719419605197
2085-10-01,7.88,2.31235810375469,0.187020759304283
2085-11-01,2.04,1.30115333454593,0.590667454223272
2085-12-01,0.14,1.01143462467922,0.977517106549365
2086-01-01,0.86,2.7437201023428,0.132837407013815
2086-02-01,3.74,3.50185665040704,0.0815461143276523
2086-03-01,4.56,2.41929741867345,0.170852554245686
2086-04-01,7.26,3.00466304267217,0.110766504209127
2086-05-01,12.02,2.28298050802016,0.191864927091328
2086-06-01,16.22,3.36035712387835,0.0885582713425434
2086-07-01,17.68,2.4560130292814,0.1657824933687
2086-08-01,15.84,1.66823259769134,0.359324469996407
2086-09-01,12.98,1.96137706726677,0.259942812581232
2086-10-01,7.2,2.23383079036887,0.200400801603206
2086-11-01,2.14,0.610737259384099,2.68096514745308
2086-12-01,-0.14,2.71071946169278,0.136091453456723
2087-01-01,0.26,3.59346629314928,0.0774413381863239
2087-02-01,4.02,3.33346666400011,0.0899928005759539
2087-03-01,3.22,1.80748443976705,0.306091215182124
2087-04-01,7.26,2.69499536177709,0.137684152554041
2087-05-01,11.72,3.94550377011605,0.0642384531380484
2087-06-01,15.94,3.12857795172184,0.102165917449939
2087-07-01,17.92,2.67338736437502,0.1399188470687
2087-08-01,17.08,1.90184121314057,0.276472214542438
2087-09-01,12.64,2.09475535564419,0.227894257064722
2087-10-01,8.56,3.03364467266686,0.108660219493643
2087-11-01,2.62,3.54781622973908,0.0794470485421466
2087-12-01,-1,3.61109401705356,0.0766871165644172
2088-01-01,1.06,4.29161974084378,0.0542947116950809
2088-02-01,1.5,3.78351688247852,0.069856793573175
2088-03-01,3.16,4.40601861094571,0.0515118734868387
2088-04-01,8.04,2.85534586346383,0.122654237703913
2088-05-01,12.82,4.09841432751741,0.0595344406739299
2088-06-01,15.76,3.04433900871766,0.107898144151921
2088-07-01,17.7,2.54165300542777,0.154798761609907
2088-08-01,15.96,0.726636084983398,1.8939393939394
2088-09-01,13.4,2.34093998214393,0.182481751824817
2088-10-01,6.24,2.64537331959026,0.142897970848814
2088-11-01,1.52,3.57728947668483,0.0781433148394155
2088-12-01,-0.0800000000000001,2.70129598526337,0.137042620254899
2089-01-01,1.7,2.29673681557117,0.18957345971564
2089-02-01,4.14,4.35981650990039,0.0526094276094276
2089-03-01,4.5,6.21651027506591,0.0258765687669815
2089-04-01,8.32,2.79857106395389,0.127681307456588
2089-05-01,12.7,3.85681215513538,0.0672268907563025
2089-06-01,16.52,3.31767991222782,0.0908512764604343
2089-07-01,18.68,2.8787149911028,0.120670930372873
2089-08-01,17.4,2.18517733834122,0.209424083769634
2089-09-01,13.24,1.98317926572461,0.254258835494533
2089-10-01,8.58,1.97787765041218,0.255623721881391
2089-11-01,2.36,2.60633842775646,0.147210363609598
2089-12-01,-0.26,3.20671171139534,0.0972478848585043
2090-01-01,-1.88,5.40943619982711,0.0341740140796938
2090-02-01,2.3,4.86518242206806,0.042247570764681
2090-03-01,4.46,2.82807354925575,0.125031257814454
2090-04-01,8.06,3.67804295787855,0.0739207569485512
2090-05-01,12.22,2.05718253929981,0.236294896030246
2090-06-01,16.82,3.90025640182796,0.065737575598212
2090-07-01,17.5,3.08949834115508,0.104766893661603
2090-08-01,16.48,1.93829822266853,0.266169816342827
2090-09-01,12.76,2.48052413816113,0.162522346822688
2090-10-01,7.04,1.51426549851735,0.436109899694723
2090-11-01,-0.24,3.14531397478853,0.101081572829273
2090-12-01,-1.68,1.76550276125527,0.320821302534488
2091-01-01,-0.26,2.73276416838336,0.133904659882164
2091-02-01,3.02,1.67690190530037,0.355618776671408
2091-03-01,4.68,2.74444894286631,0.132766861391397
2091-04-01,7.84,1.66823259769134,0.359324469996407
2091-05-01,11.4,1.75641680702503,0.324149108589951
2091-06-01,16.12,2.18105479069188,0.210216523018709
2091-07-01,17.9,1.48323969741913,0.454545454545455
2091-08-01,17.36,2.7700180504827,0.130327121073895
2091-09-01,13.28,1.21942609452152,0.672494956287828
2091-10-01,6.4,1.85472369909914,0.290697674418605
2091-11-01,1.96,1.9165072397463,0.272257010618023
2091-12-01,0.42,1.31415372007996,0.579038795599305
2092-01-01,-0.9,3.32640947569598,0.0903750564844103
2092-02-01,2.92,2.3177575369309,0.186150409530901
2092-03-01,3.16,1.0285912696499,0.945179584120983
2092-04-01,6.7,1.75214154679352,0.325732899022801
2092-05-01,11.62,1.38816425541072,0.518941359626362
2092-06-01,15.72,1.90971202017477,0.274197970935015
2092-07-01,16.68,1.44637477854116,0.478011472275334
2092-08-01,16.38,2.29499455337044,0.189861401177141
2092-09-01,13.84,2.12790977252326,0.220848056537102
2092-10-01,8.3,3.15990506186499,0.100150225338007
2092-11-01,1.68,3.60027776706187,0.0771485881808363
2092-12-01,-0.48,3.66565137458542,0.0744213738185607
2093-01-01,-0.96,3.94499683143092,0.0642549636959455
2093-02-01,1.62,1.67242339136954,0.357525920629246
2093-03-01,4.78,1.77397857935207,0.317762948840165
2093-04-01,7.8,2.42590189414164,0.169923534409516
2093-05-01,12.34,3.08836526337155,0.104843782763682
2093-06-01,15.92,3.87001291987507,0.0667690458703345
2093-07-01,17.5,1.26491106406735,0.625
2093-08-01,16.06,1.86091375404665,0.288766965059197
2093-09-01,12.78,1.67839208768392,0.35498757543486
2093-10-01,6.84,2.32228335911017,0.185425551641016
2093-11-01,2.16,1.82290976189168,0.300932891965092
2093-12-01,-0.6,1.95959179422654,0.260416666666667
2094-01-01,0.1,3.81247950814165,0.0687994496044032
2094-02-01,1.4,3.41979531551232,0.0855066267635742
2094-03-01,3.32,1.84851291583262,0.292654375182909
2094-04-01,7.3,3.3007574888198,0.0917852225791647
2094-05-01,11.64,2.93479130433494,0.116103564379426
2094-06-01,15.86,2.82010638097218,0.125738714950333
2094-07-01,17.6,2.4576411454889,0.165562913907285
2094-08-01,15.5,1.44048602908879,0.481927710843374
2094-09-01,12.82,1.99424171052558,0.251445813427206
2094-10-01,7.74,2.16633330768836,0.21308331557639
2094-11-01,1.74,1.49766484902331,0.445831475702184
2094-12-01,-1.22,2.20612782947861,0.205465379083624
2095-01-01,0.62,2.83936612644442,0.124038700074423
2095-02-01,1.36,3.4085187398634,0.0860733344809778
2095-03-01,4.06,3.24083322619354,0.0952108921260592
2095-04-01,7.64,3.28983282250026,0.0923958237087684
2095-05-01,11.84,3.28983282250026,0.0923958237087684
2095-06-01,16.84,5.46470493256498,0.033486253892777
2095-07-01,17.76,2.99799933288852,0.11125945705385
2095-08-01,16.64,2.87802015281339,0.120729204394543
2095-09-01,12.68,2.51037845752388,0.158679784195494
2095-10-01,7.16,2.12320512433443,0.221827861579414
2095-11-01,1.74,2.53830652207333,0.155207201614155
2095-12-01,-1.44,4.13920282180035,0.0583668942975544
2096-01-01,0.12,1.98040399918804,0.254971953085161
2096-02-01,3.04,3.02456608458139,0.109313511149978
2096-03-01,3.84,3.81352854978168,0.0687616035205941
2096-04-01,6.72,4.97413309029825,0.0404171045186323
2096-05-01,13.04,5.14907758729658,0.0377173462075208
2096-06-01,17.22,4.79864564226199,0.0434272810179355
2096-07-01,18.02,2.95499576987853,0.114521300961979
2096-08-01,16.96,1.95140974682407,0.262605042016807
2096-09-01,13.28,2.51535285795055,0.158052789631737
2096-10-01,7.8,2.68141753555838,0.139082058414464
2096-11-01,2.3,2.8026772914483,0.127307447485678
2096-12-01,-0.2,1.67182534973005,0.35778175313059
2097-01-01,-0.7,3.30151480384384,0.091743119266055
2097-02-01,2.3,5.15315437377923,0.0376576915835059
2097-03-01,3.04,4.72525131606775,0.0447868147617341
2097-04-01,7.28,2.96765901006163,0.113546042920404
2097-05-01,12.08,2.69295376863399,0.137892995035852
2097-06-01,16.78,3.71106453729924,0.0726110949753122
2097-07-01,17.52,2.2151749366585,0.203790503362543
2097-08-01,16.5,2.03346994076628,0.241837968561064
2097-09-01,13.44,2.12438226315322,0.22158209616663
2097-10-01,8.24,1.4909728367747,0.449842555105713
2097-11-01,2.24,2.97875813049667,0.112701453848755
2097-12-01,-0.94,2.50858525866672,0.15890672175433
2098-01-01,-1.32,2.9886451780029,0.111957008508733
2098-02-01,-0.38,6.22350383626458,0.0258184446968915
2098-03-01,4,4.44859528390704,0.0505305709954523
2098-04-01,7.52,3.50456844704166,0.0814199641752158
2098-05-01,12.48,3.88934441776503,0.066106961063
2098-06-01,17.22,3.85707142791004,0.0672178530617732
2098-07-01,18.54,2.00698779268834,0.248262164846078
2098-08-01,16.66,1.69056203672033,0.349895031490553
2098-09-01,13.72,2.86565873753313,0.121773015099854
2098-10-01,8.12,1.25777581468241,0.632111251580278
2098-11-01,1.36,2.40894167633839,0.172324659658797
2098-12-01,-0.98,5.00069995100686,0.0399888031351222
2099-01-01,0.62,3.47951145996101,0.0825968448005286
2099-02-01,2.54,3.84486670770262,0.0676452682134885
2099-03-01,4.34,3.50471111505642,0.0814133355043556
2099-04-01,8.16,3.01380158603714,0.110095783331498
2099-05-01,13.48,4.01397558537667,0.0620655412115194
2099-06-01,16.56,3.39308119560968,0.0868583340571528
2099-07-01,17.78,2.18334605594258,0.209775540172016
2099-08-01,17.12,3.05319504781467,0.10727311735679
2099-09-01,13.24,2.73733446988124,0.133457894034432
2099-10-01,8.16,2.12673458616725,0.221092195445501
2099-11-01,2.52,1.72249818577553,0.337040781934614
2099-12-01,-0.92,2.9439769020833,0.115380177685474
2100-01-01,0,3.17411404962078,0.0992555831265509
2100-02-01,1.18,5.25233281504514,0.036248957842462
2100-03-01,4.38,1.97534807059414,0.256278831368529
2100-04-01,8.98,3.5961090083589,0.0773275595422208
2100-05-01,12.56,3.0162891108115,0.10991426687184
2100-06-01,16.28,2.88478768716174,0.120163422254266
2100-07-01,17.6,2.08446635856758,0.230149597238205
2100-08-01,16.96,1.30881625906771,0.583771161704612
2100-09-01,13.5,1.5,0.444444444444445
2100-10-01,8.38,1.27357763799464,0.61652281134402
2100-11-01,3.84,1.49432258900145,0.447828034034931
2100-12-01,-1.16,3.02952141434914,0.108956199607758
