Plot Title: 11001117,,
Date,"Time, GMT-08:00","Temp, Â°C (LGR S/N: 11001117, SEN S/N: 11001117, LBL: Temperature)"
05/25/2018,15:00,11.37
05/25/2018,16:00,11.394
05/25/2018,17:00,11.54
05/25/2018,18:00,11.54
05/25/2018,19:00,11.467
05/25/2018,20:00,11.419
05/25/2018,21:00,11.394
05/25/2018,22:00,11.37
05/25/2018,23:00,11.273
05/26/2018,00:00,11.151
05/26/2018,01:00,11.005
05/26/2018,02:00,10.883
05/26/2018,03:00,10.712
05/26/2018,04:00,10.516
05/26/2018,05:00,10.369
05/26/2018,06:00,10.271
05/26/2018,07:00,10.271
05/26/2018,08:00,10.418
05/26/2018,09:00,10.614
05/26/2018,10:00,10.834
05/26/2018,11:00,11.078
05/26/2018,12:00,11.248
05/26/2018,13:00,11.492
05/26/2018,14:00,11.856
05/26/2018,15:00,12.461
05/26/2018,16:00,12.847
05/26/2018,17:00,12.654
05/26/2018,18:00,12.437
05/26/2018,19:00,12.098
05/26/2018,20:00,11.832
05/26/2018,21:00,11.832
05/26/2018,22:00,11.904
05/26/2018,23:00,11.856
05/27/2018,00:00,11.759
05/27/2018,01:00,11.71
05/27/2018,02:00,11.613
05/27/2018,03:00,11.516
05/27/2018,04:00,11.346
05/27/2018,05:00,11.248
05/27/2018,06:00,11.175
05/27/2018,07:00,11.151
05/27/2018,08:00,11.175
05/27/2018,09:00,11.224
05/27/2018,10:00,11.273
05/27/2018,11:00,11.297
05/27/2018,12:00,11.273
05/27/2018,13:00,11.224
05/27/2018,14:00,11.394
05/27/2018,15:00,11.589
05/27/2018,16:00,11.759
05/27/2018,17:00,11.856
05/27/2018,18:00,11.904
05/27/2018,19:00,11.929
05/27/2018,20:00,11.929
05/27/2018,21:00,11.832
05/27/2018,22:00,11.734
05/27/2018,23:00,11.662
05/28/2018,00:00,11.589
05/28/2018,01:00,11.516
05/28/2018,02:00,11.443
05/28/2018,03:00,11.37
05/28/2018,04:00,11.297
05/28/2018,05:00,11.2
05/28/2018,06:00,11.151
05/28/2018,07:00,11.175
05/28/2018,08:00,11.151
05/28/2018,09:00,11.175
05/28/2018,10:00,11.248
05/28/2018,11:00,11.443
05/28/2018,12:00,11.759
05/28/2018,13:00,11.977
05/28/2018,14:00,12.389
05/28/2018,15:00,12.823
05/28/2018,16:00,13.618
05/28/2018,17:00,13.858
05/28/2018,18:00,14.074
05/28/2018,19:00,13.906
05/28/2018,20:00,13.666
05/28/2018,21:00,13.329
05/28/2018,22:00,13.137
05/28/2018,23:00,12.896
05/29/2018,00:00,12.703
05/29/2018,01:00,12.606
05/29/2018,02:00,12.582
05/29/2018,03:00,12.485
05/29/2018,04:00,12.389
05/29/2018,05:00,12.34
05/29/2018,06:00,12.292
05/29/2018,07:00,12.243
05/29/2018,08:00,12.219
05/29/2018,09:00,12.243
05/29/2018,10:00,12.243
05/29/2018,11:00,12.268
05/29/2018,12:00,12.364
05/29/2018,13:00,12.534
05/29/2018,14:00,12.775
05/29/2018,15:00,12.992
05/29/2018,16:00,13.257
05/29/2018,17:00,13.377
05/29/2018,18:00,13.401
05/29/2018,19:00,13.425
05/29/2018,20:00,13.425
05/29/2018,21:00,13.377
05/29/2018,22:00,13.137
05/29/2018,23:00,12.944
05/30/2018,00:00,12.727
05/30/2018,01:00,12.582
05/30/2018,02:00,12.437
05/30/2018,03:00,12.292
05/30/2018,04:00,12.171
05/30/2018,05:00,12.098
05/30/2018,06:00,12.001
05/30/2018,07:00,11.929
05/30/2018,08:00,11.856
05/30/2018,09:00,11.953
05/30/2018,10:00,12.122
05/30/2018,11:00,12.437
05/30/2018,12:00,12.775
05/30/2018,13:00,12.968
05/30/2018,14:00,13.088
05/30/2018,15:00,13.401
05/30/2018,16:00,13.546
05/30/2018,17:00,13.377
05/30/2018,18:00,13.497
05/30/2018,19:00,13.497
05/30/2018,20:00,13.497
05/30/2018,21:00,13.473
05/30/2018,22:00,13.257
05/30/2018,23:00,12.992
05/31/2018,00:00,12.775
05/31/2018,01:00,12.558
05/31/2018,02:00,12.34
05/31/2018,03:00,12.219
05/31/2018,04:00,12.074
05/31/2018,05:00,11.904
05/31/2018,06:00,11.783
05/31/2018,07:00,11.734
05/31/2018,08:00,11.807
05/31/2018,09:00,12.001
05/31/2018,10:00,12.243
05/31/2018,11:00,12.703
05/31/2018,12:00,12.992
05/31/2018,13:00,13.377
05/31/2018,14:00,13.546
05/31/2018,15:00,13.834
05/31/2018,16:00,14.194
05/31/2018,17:00,14.361
05/31/2018,18:00,14.649
05/31/2018,19:00,14.625
05/31/2018,20:00,14.385
05/31/2018,21:00,14.026
05/31/2018,22:00,13.738
05/31/2018,23:00,13.618
06/01/2018,00:00,13.401
06/01/2018,01:00,13.305
06/01/2018,02:00,13.064
06/01/2018,03:00,12.751
06/01/2018,04:00,12.509
06/01/2018,05:00,12.316
06/01/2018,06:00,12.219
06/01/2018,07:00,12.195
06/01/2018,08:00,12.219
06/01/2018,09:00,12.316
06/01/2018,10:00,12.413
06/01/2018,11:00,13.112
06/01/2018,12:00,13.93
06/01/2018,13:00,14.433
06/01/2018,14:00,14.888
06/01/2018,15:00,15.247
06/01/2018,16:00,15.867
06/01/2018,17:00,16.058
06/01/2018,18:00,16.32
06/01/2018,19:00,16.225
06/01/2018,20:00,16.106
06/01/2018,21:00,15.796
06/01/2018,22:00,15.605
06/01/2018,23:00,15.342
06/02/2018,00:00,15.055
06/02/2018,01:00,14.768
06/02/2018,02:00,14.625
06/02/2018,03:00,14.361
06/02/2018,04:00,14.266
06/02/2018,05:00,14.17
06/02/2018,06:00,14.074
06/02/2018,07:00,14.05
06/02/2018,08:00,14.002
06/02/2018,09:00,13.93
06/02/2018,10:00,13.858
06/02/2018,11:00,13.834
06/02/2018,12:00,13.834
06/02/2018,13:00,13.882
06/02/2018,14:00,13.882
06/02/2018,15:00,14.098
06/02/2018,16:00,14.026
06/02/2018,17:00,14.122
06/02/2018,18:00,14.242
06/02/2018,19:00,14.337
06/02/2018,20:00,14.361
06/02/2018,21:00,14.29
06/02/2018,22:00,14.146
06/02/2018,23:00,13.978
06/03/2018,00:00,13.81
06/03/2018,01:00,13.666
06/03/2018,02:00,13.473
06/03/2018,03:00,13.329
06/03/2018,04:00,13.112
06/03/2018,05:00,12.944
06/03/2018,06:00,12.847
06/03/2018,07:00,12.775
06/03/2018,08:00,12.823
06/03/2018,09:00,12.871
06/03/2018,10:00,12.944
06/03/2018,11:00,13.594
06/03/2018,12:00,13.93
06/03/2018,13:00,14.481
06/03/2018,14:00,15.414
06/03/2018,15:00,16.415
06/03/2018,16:00,16.773
06/03/2018,17:00,16.892
06/03/2018,18:00,17.034
06/03/2018,19:00,17.272
06/03/2018,20:00,17.296
06/03/2018,21:00,16.511
06/03/2018,22:00,15.557
06/03/2018,23:00,15.103
06/04/2018,00:00,15.127
06/04/2018,01:00,15.008
06/04/2018,02:00,14.673
06/04/2018,03:00,14.409
06/04/2018,04:00,14.194
06/04/2018,05:00,14.002
06/04/2018,06:00,13.858
06/04/2018,07:00,13.786
06/04/2018,08:00,13.834
06/04/2018,09:00,13.93
06/04/2018,10:00,14.002
06/04/2018,11:00,14.361
06/04/2018,12:00,14.745
06/04/2018,13:00,15.366
06/04/2018,14:00,15.748
06/04/2018,15:00,15.915
06/04/2018,16:00,16.344
06/04/2018,17:00,16.534
06/04/2018,18:00,16.249
06/04/2018,19:00,15.891
06/04/2018,20:00,15.605
06/04/2018,21:00,15.342
06/04/2018,22:00,15.366
06/04/2018,23:00,15.39
06/05/2018,00:00,15.27
06/05/2018,01:00,15.079
06/05/2018,02:00,14.984
06/05/2018,03:00,14.84
06/05/2018,04:00,14.673
06/05/2018,05:00,14.553
06/05/2018,06:00,14.481
06/05/2018,07:00,14.433
06/05/2018,08:00,14.409
06/05/2018,09:00,14.433
06/05/2018,10:00,14.529
06/05/2018,11:00,14.697
06/05/2018,12:00,14.96
06/05/2018,13:00,15.39
06/05/2018,14:00,15.796
06/05/2018,15:00,16.463
06/05/2018,16:00,17.011
06/05/2018,17:00,17.225
06/05/2018,18:00,17.629
06/05/2018,19:00,17.819
06/05/2018,20:00,17.772
06/05/2018,21:00,17.32
06/05/2018,22:00,16.892
06/05/2018,23:00,16.534
06/06/2018,00:00,16.201
06/06/2018,01:00,15.891
06/06/2018,02:00,15.581
06/06/2018,03:00,15.318
06/06/2018,04:00,15.079
06/06/2018,05:00,14.888
06/06/2018,06:00,14.721
06/06/2018,07:00,14.625
06/06/2018,08:00,14.697
06/06/2018,09:00,14.816
06/06/2018,10:00,14.912
06/06/2018,11:00,15.438
06/06/2018,12:00,15.724
06/06/2018,13:00,16.01
06/06/2018,14:00,16.368
06/06/2018,15:00,16.654
06/06/2018,16:00,16.487
06/06/2018,17:00,16.129
06/06/2018,18:00,15.819
06/06/2018,19:00,15.796
06/06/2018,20:00,15.819
06/06/2018,21:00,15.843
06/06/2018,22:00,15.748
06/06/2018,23:00,15.629
06/07/2018,00:00,15.509
06/07/2018,01:00,15.414
06/07/2018,02:00,15.27
06/07/2018,03:00,15.175
06/07/2018,04:00,15.055
06/07/2018,05:00,14.864
06/07/2018,06:00,14.768
06/07/2018,07:00,14.745
06/07/2018,08:00,14.745
06/07/2018,09:00,14.84
06/07/2018,10:00,14.984
06/07/2018,11:00,15.127
06/07/2018,12:00,15.39
06/07/2018,13:00,15.509
06/07/2018,14:00,15.461
06/07/2018,15:00,15.461
06/07/2018,16:00,15.294
06/07/2018,17:00,15.294
06/07/2018,18:00,15.509
06/07/2018,19:00,15.557
06/07/2018,20:00,15.748
06/07/2018,21:00,15.676
06/07/2018,22:00,15.39
06/07/2018,23:00,15.175
06/08/2018,00:00,14.96
06/08/2018,01:00,14.745
06/08/2018,02:00,14.553
06/08/2018,03:00,14.361
06/08/2018,04:00,14.194
06/08/2018,05:00,14.098
06/08/2018,06:00,14.002
06/08/2018,07:00,13.93
06/08/2018,08:00,14.074
06/08/2018,09:00,14.218
06/08/2018,10:00,14.361
06/08/2018,11:00,14.433
06/08/2018,12:00,14.553
06/08/2018,13:00,14.577
06/08/2018,14:00,14.577
06/08/2018,15:00,14.577
06/08/2018,16:00,14.577
06/08/2018,17:00,14.529
06/08/2018,18:00,14.553
06/08/2018,19:00,14.553
06/08/2018,20:00,14.577
06/08/2018,21:00,14.601
06/08/2018,22:00,14.505
06/08/2018,23:00,14.385
06/09/2018,00:00,14.314
06/09/2018,01:00,14.218
06/09/2018,02:00,14.122
06/09/2018,03:00,14.002
06/09/2018,04:00,13.954
06/09/2018,05:00,13.906
06/09/2018,06:00,13.858
06/09/2018,07:00,13.858
06/09/2018,08:00,13.93
06/09/2018,09:00,14.026
06/09/2018,10:00,14.074
06/09/2018,11:00,14.242
06/09/2018,12:00,14.337
06/09/2018,13:00,14.409
06/09/2018,14:00,14.409
06/09/2018,15:00,14.481
06/09/2018,16:00,14.433
06/09/2018,17:00,14.433
06/09/2018,18:00,14.481
06/09/2018,19:00,14.505
06/09/2018,20:00,14.505
06/09/2018,21:00,14.457
06/09/2018,22:00,14.361
06/09/2018,23:00,14.29
06/10/2018,00:00,14.218
06/10/2018,01:00,14.122
06/10/2018,02:00,14.026
06/10/2018,03:00,13.954
06/10/2018,04:00,13.882
06/10/2018,05:00,13.834
06/10/2018,06:00,13.81
06/10/2018,07:00,13.786
06/10/2018,08:00,13.834
06/10/2018,09:00,13.978
06/10/2018,10:00,14.17
06/10/2018,11:00,14.553
06/10/2018,12:00,14.888
06/10/2018,13:00,15.055
06/10/2018,14:00,15.247
06/10/2018,15:00,15.294
06/10/2018,16:00,15.294
06/10/2018,17:00,15.127
06/10/2018,18:00,14.984
06/10/2018,19:00,14.912
06/10/2018,20:00,14.792
06/10/2018,21:00,14.768
06/10/2018,22:00,14.673
06/10/2018,23:00,14.577
06/11/2018,00:00,14.481
06/11/2018,01:00,14.361
06/11/2018,02:00,14.29
06/11/2018,03:00,14.194
06/11/2018,04:00,14.146
06/11/2018,05:00,14.026
06/11/2018,06:00,13.93
06/11/2018,07:00,13.906
06/11/2018,08:00,13.906
06/11/2018,09:00,13.81
06/11/2018,10:00,13.786
06/11/2018,11:00,13.834
06/11/2018,12:00,13.882
06/11/2018,13:00,13.858
06/11/2018,14:00,13.906
06/11/2018,15:00,13.882
06/11/2018,16:00,13.954
06/11/2018,17:00,13.93
06/11/2018,18:00,13.882
06/11/2018,19:00,13.93
06/11/2018,20:00,13.906
06/11/2018,21:00,13.858
06/11/2018,22:00,13.786
06/11/2018,23:00,13.69
06/12/2018,00:00,13.618
06/12/2018,01:00,13.546
06/12/2018,02:00,13.449
06/12/2018,03:00,13.329
06/12/2018,04:00,13.209
06/12/2018,05:00,13.112
06/12/2018,06:00,13.112
06/12/2018,07:00,13.161
06/12/2018,08:00,13.257
06/12/2018,09:00,13.401
06/12/2018,10:00,13.57
06/12/2018,11:00,13.786
06/12/2018,12:00,14.05
06/12/2018,13:00,14.266
06/12/2018,14:00,14.625
06/12/2018,15:00,15.031
06/12/2018,16:00,15.438
06/12/2018,17:00,15.772
06/12/2018,18:00,16.01
06/12/2018,19:00,16.129
06/12/2018,20:00,15.986
06/12/2018,21:00,15.772
06/12/2018,22:00,15.652
06/12/2018,23:00,15.438
06/13/2018,00:00,15.247
06/13/2018,01:00,15.055
06/13/2018,02:00,14.864
06/13/2018,03:00,14.673
06/13/2018,04:00,14.457
06/13/2018,05:00,14.266
06/13/2018,06:00,14.146
06/13/2018,07:00,14.098
06/13/2018,08:00,14.05
06/13/2018,09:00,14.122
06/13/2018,10:00,14.337
06/13/2018,11:00,14.553
06/13/2018,12:00,14.888
06/13/2018,13:00,15.318
06/13/2018,14:00,15.676
06/13/2018,15:00,16.249
06/13/2018,16:00,16.677
06/13/2018,17:00,16.939
06/13/2018,18:00,17.201
06/13/2018,19:00,17.13
06/13/2018,20:00,16.701
06/13/2018,21:00,16.606
06/13/2018,22:00,16.225
06/13/2018,23:00,15.986
06/14/2018,00:00,15.843
06/14/2018,01:00,15.819
06/14/2018,02:00,15.867
06/14/2018,03:00,15.748
06/14/2018,04:00,15.605
06/14/2018,05:00,15.485
06/14/2018,06:00,15.342
06/14/2018,07:00,15.27
06/14/2018,08:00,15.247
06/14/2018,09:00,15.318
06/14/2018,10:00,15.366
06/14/2018,11:00,15.438
06/14/2018,12:00,15.485
06/14/2018,13:00,15.652
06/14/2018,14:00,16.034
06/14/2018,15:00,16.177
06/14/2018,16:00,16.32
06/14/2018,17:00,16.415
06/14/2018,18:00,16.63
06/14/2018,19:00,16.868
06/14/2018,20:00,17.058
06/14/2018,21:00,16.892
06/14/2018,22:00,16.701
06/14/2018,23:00,16.487
06/15/2018,00:00,16.225
06/15/2018,01:00,15.963
06/15/2018,02:00,15.796
06/15/2018,03:00,15.676
06/15/2018,04:00,15.533
06/15/2018,05:00,15.438
06/15/2018,06:00,15.342
06/15/2018,07:00,15.27
06/15/2018,08:00,15.247
06/15/2018,09:00,15.294
06/15/2018,10:00,15.27
06/15/2018,11:00,15.223
06/15/2018,12:00,15.199
06/15/2018,13:00,15.199
06/15/2018,14:00,15.247
06/15/2018,15:00,15.366
06/15/2018,16:00,15.414
06/15/2018,17:00,15.414
06/15/2018,18:00,15.39
06/15/2018,19:00,15.294
06/15/2018,20:00,15.223
06/15/2018,21:00,15.151
06/15/2018,22:00,15.079
06/15/2018,23:00,14.984
06/16/2018,00:00,14.888
06/16/2018,01:00,14.768
06/16/2018,02:00,14.649
06/16/2018,03:00,14.553
06/16/2018,04:00,14.457
06/16/2018,05:00,14.385
06/16/2018,06:00,14.314
06/16/2018,07:00,14.266
06/16/2018,08:00,14.194
06/16/2018,09:00,14.146
06/16/2018,10:00,14.074
06/16/2018,11:00,14.05
06/16/2018,12:00,14.026
06/16/2018,13:00,13.978
06/16/2018,14:00,14.074
06/16/2018,15:00,14.17
06/16/2018,16:00,14.242
06/16/2018,17:00,14.314
06/16/2018,18:00,14.385
06/16/2018,19:00,14.409
06/16/2018,20:00,14.409
06/16/2018,21:00,14.385
06/16/2018,22:00,14.337
06/16/2018,23:00,14.29
06/17/2018,00:00,14.242
06/17/2018,01:00,14.194
06/17/2018,02:00,14.146
06/17/2018,03:00,14.098
06/17/2018,04:00,14.074
06/17/2018,05:00,14.05
06/17/2018,06:00,14.026
06/17/2018,07:00,14.026
06/17/2018,08:00,14.05
06/17/2018,09:00,14.098
06/17/2018,10:00,14.17
06/17/2018,11:00,14.218
06/17/2018,12:00,14.242
06/17/2018,13:00,14.29
06/17/2018,14:00,14.337
06/17/2018,15:00,14.361
06/17/2018,16:00,14.409
06/17/2018,17:00,14.457
06/17/2018,18:00,14.433
06/17/2018,19:00,14.433
06/17/2018,20:00,14.385
06/17/2018,21:00,14.361
06/17/2018,22:00,14.314
06/17/2018,23:00,14.266
06/18/2018,00:00,14.218
06/18/2018,01:00,14.194
06/18/2018,02:00,14.17
06/18/2018,03:00,14.146
06/18/2018,04:00,14.098
06/18/2018,05:00,14.074
06/18/2018,06:00,14.05
06/18/2018,07:00,14.026
06/18/2018,08:00,14.026
06/18/2018,09:00,14.074
06/18/2018,10:00,14.17
06/18/2018,11:00,14.266
06/18/2018,12:00,14.314
06/18/2018,13:00,14.337
06/18/2018,14:00,14.409
06/18/2018,15:00,14.457
06/18/2018,16:00,14.505
06/18/2018,17:00,14.577
06/18/2018,18:00,14.649
06/18/2018,19:00,14.721
06/18/2018,20:00,14.816
06/18/2018,21:00,14.864
06/18/2018,22:00,14.673
06/18/2018,23:00,14.601
06/19/2018,00:00,14.601
06/19/2018,01:00,14.673
06/19/2018,02:00,14.721
06/19/2018,03:00,14.721
06/19/2018,04:00,14.673
06/19/2018,05:00,14.625
06/19/2018,06:00,14.577
06/19/2018,07:00,14.577
06/19/2018,08:00,14.577
06/19/2018,09:00,14.625
06/19/2018,10:00,14.697
06/19/2018,11:00,14.697
06/19/2018,12:00,14.721
06/19/2018,13:00,14.792
06/19/2018,14:00,14.96
06/19/2018,15:00,15.079
06/19/2018,16:00,15.318
06/19/2018,17:00,15.414
06/19/2018,18:00,15.461
06/19/2018,19:00,15.461
06/19/2018,20:00,15.39
06/19/2018,21:00,15.414
06/19/2018,22:00,15.39
06/19/2018,23:00,15.342
06/20/2018,00:00,15.27
06/20/2018,01:00,15.199
06/20/2018,02:00,15.127
06/20/2018,03:00,15.031
06/20/2018,04:00,14.936
06/20/2018,05:00,14.816
06/20/2018,06:00,14.721
06/20/2018,07:00,14.697
06/20/2018,08:00,14.697
06/20/2018,09:00,14.697
06/20/2018,10:00,14.816
06/20/2018,11:00,14.96
06/20/2018,12:00,15.103
06/20/2018,13:00,15.318
06/20/2018,14:00,15.676
06/20/2018,15:00,15.963
06/20/2018,16:00,15.963
06/20/2018,17:00,15.939
06/20/2018,18:00,15.963
06/20/2018,19:00,15.867
06/20/2018,20:00,15.843
06/20/2018,21:00,15.915
06/20/2018,22:00,15.963
06/20/2018,23:00,15.963
06/21/2018,00:00,16.01
06/21/2018,01:00,15.963
06/21/2018,02:00,15.986
06/21/2018,03:00,15.986
06/21/2018,04:00,15.986
06/21/2018,05:00,15.939
06/21/2018,06:00,15.891
06/21/2018,07:00,15.891
06/21/2018,08:00,16.034
06/21/2018,09:00,16.129
06/21/2018,10:00,16.106
06/21/2018,11:00,16.058
06/21/2018,12:00,15.986
06/21/2018,13:00,15.915
06/21/2018,14:00,15.939
06/21/2018,15:00,16.01
06/21/2018,16:00,16.106
06/21/2018,17:00,16.106
06/21/2018,18:00,16.106
06/21/2018,19:00,16.106
06/21/2018,20:00,16.058
06/21/2018,21:00,16.058
06/21/2018,22:00,16.106
06/21/2018,23:00,16.106
06/22/2018,00:00,15.986
06/22/2018,01:00,15.891
06/22/2018,02:00,15.819
06/22/2018,03:00,15.724
06/22/2018,04:00,15.652
06/22/2018,05:00,15.557
06/22/2018,06:00,15.485
06/22/2018,07:00,15.461
06/22/2018,08:00,15.461
06/22/2018,09:00,15.509
06/22/2018,10:00,15.581
06/22/2018,11:00,15.676
06/22/2018,12:00,15.676
06/22/2018,13:00,15.652
06/22/2018,14:00,15.676
06/22/2018,15:00,15.724
06/22/2018,16:00,15.748
06/22/2018,17:00,15.819
06/22/2018,18:00,15.843
06/22/2018,19:00,15.867
06/22/2018,20:00,15.796
06/22/2018,21:00,15.7
06/22/2018,22:00,15.605
06/22/2018,23:00,15.533
06/23/2018,00:00,15.438
06/23/2018,01:00,15.366
06/23/2018,02:00,15.294
06/23/2018,03:00,15.199
06/23/2018,04:00,15.127
06/23/2018,05:00,15.055
06/23/2018,06:00,14.984
06/23/2018,07:00,14.936
06/23/2018,08:00,14.96
06/23/2018,09:00,15.031
06/23/2018,10:00,15.055
06/23/2018,11:00,15.127
06/23/2018,12:00,15.175
06/23/2018,13:00,15.294
06/23/2018,14:00,15.39
06/23/2018,15:00,15.438
06/23/2018,16:00,15.557
06/23/2018,17:00,15.629
06/23/2018,18:00,15.748
06/23/2018,19:00,15.843
06/23/2018,20:00,15.796
06/23/2018,21:00,15.7
06/23/2018,22:00,15.605
06/23/2018,23:00,15.485
06/24/2018,00:00,15.342
06/24/2018,01:00,15.175
06/24/2018,02:00,15.055
06/24/2018,03:00,14.936
06/24/2018,04:00,14.792
06/24/2018,05:00,14.697
06/24/2018,06:00,14.649
06/24/2018,07:00,14.673
06/24/2018,08:00,14.745
06/24/2018,09:00,14.816
06/24/2018,10:00,14.816
06/24/2018,11:00,15.031
06/24/2018,12:00,15.294
06/24/2018,13:00,15.605
06/24/2018,14:00,16.082
06/24/2018,15:00,16.344
06/24/2018,16:00,16.63
06/24/2018,17:00,16.63
06/24/2018,18:00,16.725
06/24/2018,19:00,16.677
06/24/2018,20:00,16.677
06/24/2018,21:00,16.844
06/24/2018,22:00,16.749
06/24/2018,23:00,16.487
06/25/2018,00:00,16.32
06/25/2018,01:00,16.392
06/25/2018,02:00,16.272
06/25/2018,03:00,16.129
06/25/2018,04:00,15.963
06/25/2018,05:00,15.819
06/25/2018,06:00,15.676
06/25/2018,07:00,15.605
06/25/2018,08:00,15.629
06/25/2018,09:00,15.676
06/25/2018,10:00,15.7
06/25/2018,11:00,15.748
06/25/2018,12:00,15.676
06/25/2018,13:00,15.748
06/25/2018,14:00,15.796
06/25/2018,15:00,15.796
06/25/2018,16:00,15.867
06/25/2018,17:00,15.963
06/25/2018,18:00,16.01
06/25/2018,19:00,16.177
06/25/2018,20:00,16.32
06/25/2018,21:00,16.249
06/25/2018,22:00,16.153
06/25/2018,23:00,16.01
06/26/2018,00:00,15.867
06/26/2018,01:00,15.772
06/26/2018,02:00,15.652
06/26/2018,03:00,15.533
06/26/2018,04:00,15.414
06/26/2018,05:00,15.27
06/26/2018,06:00,15.175
06/26/2018,07:00,15.247
06/26/2018,08:00,15.318
06/26/2018,09:00,15.414
06/26/2018,10:00,15.438
06/26/2018,11:00,15.438
06/26/2018,12:00,15.533
06/26/2018,13:00,15.485
06/26/2018,14:00,15.605
06/26/2018,15:00,15.724
06/26/2018,16:00,15.796
06/26/2018,17:00,15.891
06/26/2018,18:00,15.819
06/26/2018,19:00,15.843
06/26/2018,20:00,15.772
06/26/2018,21:00,15.629
06/26/2018,22:00,15.581
06/26/2018,23:00,15.461
06/27/2018,00:00,15.39
06/27/2018,01:00,15.27
06/27/2018,02:00,15.151
06/27/2018,03:00,15.031
06/27/2018,04:00,14.936
06/27/2018,05:00,14.84
06/27/2018,06:00,14.792
06/27/2018,07:00,14.792
06/27/2018,08:00,14.84
06/27/2018,09:00,14.96
06/27/2018,10:00,15.103
06/27/2018,11:00,15.223
06/27/2018,12:00,15.175
06/27/2018,13:00,15.27
06/27/2018,14:00,15.414
06/27/2018,15:00,15.557
06/27/2018,16:00,15.676
06/27/2018,17:00,15.796
06/27/2018,18:00,15.891
06/27/2018,19:00,15.891
06/27/2018,20:00,15.867
06/27/2018,21:00,15.772
06/27/2018,22:00,15.724
06/27/2018,23:00,15.629
06/28/2018,00:00,15.533
06/28/2018,01:00,15.438
06/28/2018,02:00,15.318
06/28/2018,03:00,15.199
06/28/2018,04:00,15.103
06/28/2018,05:00,15.031
06/28/2018,06:00,14.96
06/28/2018,07:00,14.96
06/28/2018,08:00,15.031
06/28/2018,09:00,15.175
06/28/2018,10:00,15.294
06/28/2018,11:00,15.438
06/28/2018,12:00,15.581
06/28/2018,13:00,15.652
06/28/2018,14:00,15.843
06/28/2018,15:00,16.058
06/28/2018,16:00,16.01
06/28/2018,17:00,15.963
06/28/2018,18:00,15.963
06/28/2018,19:00,16.01
06/28/2018,20:00,16.272
06/28/2018,21:00,16.272
06/28/2018,22:00,16.177
06/28/2018,23:00,16.082
06/29/2018,00:00,15.963
06/29/2018,01:00,15.819
06/29/2018,02:00,15.7
06/29/2018,03:00,15.605
06/29/2018,04:00,15.509
06/29/2018,05:00,15.414
06/29/2018,06:00,15.318
06/29/2018,07:00,15.294
06/29/2018,08:00,15.342
06/29/2018,09:00,15.438
06/29/2018,10:00,15.533
06/29/2018,11:00,15.629
06/29/2018,12:00,15.652
06/29/2018,13:00,15.629
06/29/2018,14:00,15.581
06/29/2018,15:00,15.629
06/29/2018,16:00,15.629
06/29/2018,17:00,15.605
06/29/2018,18:00,15.581
06/29/2018,19:00,15.581
06/29/2018,20:00,15.509
06/29/2018,21:00,15.438
06/29/2018,22:00,15.39
06/29/2018,23:00,15.318
06/30/2018,00:00,15.247
06/30/2018,01:00,15.175
06/30/2018,02:00,15.079
06/30/2018,03:00,15.008
06/30/2018,04:00,14.936
06/30/2018,05:00,14.864
06/30/2018,06:00,14.792
06/30/2018,07:00,14.721
06/30/2018,08:00,14.745
06/30/2018,09:00,14.792
06/30/2018,10:00,14.864
06/30/2018,11:00,14.936
06/30/2018,12:00,14.984
06/30/2018,13:00,15.127
06/30/2018,14:00,15.318
06/30/2018,15:00,15.485
06/30/2018,16:00,15.557
06/30/2018,17:00,15.629
06/30/2018,18:00,15.7
06/30/2018,19:00,15.7
06/30/2018,20:00,15.557
06/30/2018,21:00,15.557
06/30/2018,22:00,15.485
06/30/2018,23:00,15.39
07/01/2018,00:00,15.294
07/01/2018,01:00,15.175
07/01/2018,02:00,15.127
07/01/2018,03:00,15.055
07/01/2018,04:00,14.936
07/01/2018,05:00,14.84
07/01/2018,06:00,14.792
07/01/2018,07:00,14.768
07/01/2018,08:00,14.816
07/01/2018,09:00,14.888
07/01/2018,10:00,15.008
07/01/2018,11:00,15.199
07/01/2018,12:00,15.39
07/01/2018,13:00,15.581
07/01/2018,14:00,15.796
07/01/2018,15:00,16.034
07/01/2018,16:00,16.344
07/01/2018,17:00,16.511
07/01/2018,18:00,16.63
07/01/2018,19:00,16.582
07/01/2018,20:00,16.487
07/01/2018,21:00,16.392
07/01/2018,22:00,16.463
07/01/2018,23:00,16.558
07/02/2018,00:00,16.487
07/02/2018,01:00,16.344
07/02/2018,02:00,16.225
07/02/2018,03:00,16.106
07/02/2018,04:00,15.986
07/02/2018,05:00,15.867
07/02/2018,06:00,15.772
07/02/2018,07:00,15.748
07/02/2018,08:00,15.748
07/02/2018,09:00,15.796
07/02/2018,10:00,15.819
07/02/2018,11:00,15.891
07/02/2018,12:00,16.058
07/02/2018,13:00,16.32
07/02/2018,14:00,16.63
07/02/2018,15:00,16.939
07/02/2018,16:00,17.344
07/02/2018,17:00,17.486
07/02/2018,18:00,17.819
07/02/2018,19:00,17.724
07/02/2018,20:00,17.724
07/02/2018,21:00,17.51
07/02/2018,22:00,17.296
07/02/2018,23:00,17.296
07/03/2018,00:00,17.177
07/03/2018,01:00,17.13
07/03/2018,02:00,17.034
07/03/2018,03:00,16.773
07/03/2018,04:00,16.558
07/03/2018,05:00,16.368
07/03/2018,06:00,16.225
07/03/2018,07:00,16.153
07/03/2018,08:00,16.129
07/03/2018,09:00,16.106
07/03/2018,10:00,16.058
07/03/2018,11:00,16.344
07/03/2018,12:00,16.773
07/03/2018,13:00,17.296
07/03/2018,14:00,17.986
07/03/2018,15:00,18.2
07/03/2018,16:00,18.033
07/03/2018,17:00,17.938
07/03/2018,18:00,18.295
07/03/2018,19:00,18.247
07/03/2018,20:00,18.176
07/03/2018,21:00,18.247
07/03/2018,22:00,18.224
07/03/2018,23:00,18.271
07/04/2018,00:00,18.271
07/04/2018,01:00,18.105
07/04/2018,02:00,18.033
07/04/2018,03:00,18.081
07/04/2018,04:00,17.867
07/04/2018,05:00,17.629
07/04/2018,06:00,17.439
07/04/2018,07:00,17.344
07/04/2018,08:00,17.344
07/04/2018,09:00,17.344
07/04/2018,10:00,17.391
07/04/2018,11:00,17.605
07/04/2018,12:00,17.891
07/04/2018,13:00,18.533
07/04/2018,14:00,19.318
07/04/2018,15:00,19.674
07/04/2018,16:00,19.627
07/04/2018,17:00,19.651
07/04/2018,18:00,19.627
07/04/2018,19:00,19.389
07/04/2018,20:00,19.532
07/04/2018,21:00,19.532
07/04/2018,22:00,19.484
07/04/2018,23:00,19.436
07/05/2018,00:00,19.318
07/05/2018,01:00,19.246
07/05/2018,02:00,19.199
07/05/2018,03:00,18.961
07/05/2018,04:00,18.794
07/05/2018,05:00,18.58
07/05/2018,06:00,18.39
07/05/2018,07:00,18.319
07/05/2018,08:00,18.295
07/05/2018,09:00,18.295
07/05/2018,10:00,18.271
07/05/2018,11:00,18.438
07/05/2018,12:00,18.771
07/05/2018,13:00,19.175
07/05/2018,14:00,19.746
07/05/2018,15:00,20.388
07/05/2018,16:00,20.674
07/05/2018,17:00,20.65
07/05/2018,18:00,20.889
07/05/2018,19:00,20.936
07/05/2018,20:00,20.913
07/05/2018,21:00,20.65
07/05/2018,22:00,20.412
07/05/2018,23:00,20.269
07/06/2018,00:00,20.341
07/06/2018,01:00,20.126
07/06/2018,02:00,19.865
07/06/2018,03:00,19.698
07/06/2018,04:00,19.508
07/06/2018,05:00,19.341
07/06/2018,06:00,19.222
07/06/2018,07:00,19.127
07/06/2018,08:00,19.008
07/06/2018,09:00,18.937
07/06/2018,10:00,18.866
07/06/2018,11:00,18.842
07/06/2018,12:00,18.866
07/06/2018,13:00,18.889
07/06/2018,14:00,18.937
07/06/2018,15:00,19.103
07/06/2018,16:00,19.032
07/06/2018,17:00,18.985
07/06/2018,18:00,18.937
07/06/2018,19:00,18.866
07/06/2018,20:00,18.818
07/06/2018,21:00,18.747
07/06/2018,22:00,18.652
07/06/2018,23:00,18.557
07/07/2018,00:00,18.461
07/07/2018,01:00,18.39
07/07/2018,02:00,18.271
07/07/2018,03:00,18.2
07/07/2018,04:00,18.129
07/07/2018,05:00,18.057
07/07/2018,06:00,18.01
07/07/2018,07:00,17.938
07/07/2018,08:00,17.915
07/07/2018,09:00,17.915
07/07/2018,10:00,18.033
07/07/2018,11:00,18.057
07/07/2018,12:00,18.033
07/07/2018,13:00,18.01
07/07/2018,14:00,18.033
07/07/2018,15:00,18.105
07/07/2018,16:00,18.105
07/07/2018,17:00,18.105
07/07/2018,18:00,18.105
07/07/2018,19:00,18.176
07/07/2018,20:00,18.129
07/07/2018,21:00,18.081
07/07/2018,22:00,17.986
07/07/2018,23:00,17.891
07/08/2018,00:00,17.796
07/08/2018,01:00,17.701
07/08/2018,02:00,17.653
07/08/2018,03:00,17.582
07/08/2018,04:00,17.51
07/08/2018,05:00,17.439
07/08/2018,06:00,17.391
07/08/2018,07:00,17.368
07/08/2018,08:00,17.391
07/08/2018,09:00,17.368
07/08/2018,10:00,17.439
07/08/2018,11:00,17.51
07/08/2018,12:00,17.605
07/08/2018,13:00,17.891
07/08/2018,14:00,18.081
07/08/2018,15:00,18.176
07/08/2018,16:00,18.224
07/08/2018,17:00,18.295
07/08/2018,18:00,18.366
07/08/2018,19:00,18.414
07/08/2018,20:00,18.343
07/08/2018,21:00,18.2
07/08/2018,22:00,18.081
07/08/2018,23:00,17.938
07/09/2018,00:00,17.819
07/09/2018,01:00,17.701
07/09/2018,02:00,17.51
07/09/2018,03:00,17.439
07/09/2018,04:00,17.368
07/09/2018,05:00,17.272
07/09/2018,06:00,17.225
07/09/2018,07:00,17.106
07/09/2018,08:00,17.058
07/09/2018,09:00,17.082
07/09/2018,10:00,17.058
07/09/2018,11:00,17.082
07/09/2018,12:00,17.011
07/09/2018,13:00,16.963
07/09/2018,14:00,16.892
07/09/2018,15:00,16.844
07/09/2018,16:00,16.773
07/09/2018,17:00,16.749
07/09/2018,18:00,16.725
07/09/2018,19:00,16.725
07/09/2018,20:00,16.654
07/09/2018,21:00,16.606
07/09/2018,22:00,16.511
07/09/2018,23:00,16.415
07/10/2018,00:00,16.32
07/10/2018,01:00,16.225
07/10/2018,02:00,16.153
07/10/2018,03:00,16.106
07/10/2018,04:00,16.034
07/10/2018,05:00,15.963
07/10/2018,06:00,15.915
07/10/2018,07:00,15.843
07/10/2018,08:00,15.796
07/10/2018,09:00,15.796
07/10/2018,10:00,15.867
07/10/2018,11:00,15.915
07/10/2018,12:00,15.939
07/10/2018,13:00,15.986
07/10/2018,14:00,15.963
07/10/2018,15:00,15.963
07/10/2018,16:00,15.963
07/10/2018,17:00,15.915
07/10/2018,18:00,15.891
07/10/2018,19:00,15.867
07/10/2018,20:00,15.891
07/10/2018,21:00,15.819
07/10/2018,22:00,15.796
07/10/2018,23:00,15.748
07/11/2018,00:00,15.7
07/11/2018,01:00,15.629
07/11/2018,02:00,15.557
07/11/2018,03:00,15.533
07/11/2018,04:00,15.485
07/11/2018,05:00,15.414
07/11/2018,06:00,15.39
07/11/2018,07:00,15.342
07/11/2018,08:00,15.318
07/11/2018,09:00,15.27
07/11/2018,10:00,15.223
07/11/2018,11:00,15.223
07/11/2018,12:00,15.27
07/11/2018,13:00,15.27
07/11/2018,14:00,15.294
07/11/2018,15:00,15.366
07/11/2018,16:00,15.342
07/11/2018,17:00,15.318
07/11/2018,18:00,15.318
07/11/2018,19:00,15.294
07/11/2018,20:00,15.27
07/11/2018,21:00,15.199
07/11/2018,22:00,15.151
07/11/2018,23:00,15.103
07/12/2018,00:00,15.031
07/12/2018,01:00,14.96
07/12/2018,02:00,14.912
07/12/2018,03:00,14.864
07/12/2018,04:00,14.792
07/12/2018,05:00,14.721
07/12/2018,06:00,14.673
07/12/2018,07:00,14.649
07/12/2018,08:00,14.673
07/12/2018,09:00,14.768
07/12/2018,10:00,14.84
07/12/2018,11:00,14.984
07/12/2018,12:00,15.127
07/12/2018,13:00,15.342
07/12/2018,14:00,15.581
07/12/2018,15:00,15.796
07/12/2018,16:00,16.058
07/12/2018,17:00,16.153
07/12/2018,18:00,16.225
07/12/2018,19:00,16.272
07/12/2018,20:00,16.272
07/12/2018,21:00,16.201
07/12/2018,22:00,16.153
07/12/2018,23:00,16.153
07/13/2018,00:00,16.153
07/13/2018,01:00,16.058
07/13/2018,02:00,16.01
07/13/2018,03:00,15.796
07/13/2018,04:00,15.605
07/13/2018,05:00,15.414
07/13/2018,06:00,15.247
07/13/2018,07:00,15.175
07/13/2018,08:00,15.151
07/13/2018,09:00,15.151
07/13/2018,10:00,15.127
07/13/2018,11:00,15.294
07/13/2018,12:00,15.748
07/13/2018,13:00,16.249
07/13/2018,14:00,16.796
07/13/2018,15:00,17.201
07/13/2018,16:00,17.225
07/13/2018,17:00,17.296
07/13/2018,18:00,17.296
07/13/2018,19:00,17.106
07/13/2018,20:00,17.034
07/13/2018,21:00,17.13
07/13/2018,22:00,17.082
07/13/2018,23:00,16.915
07/14/2018,00:00,16.868
07/14/2018,01:00,16.82
07/14/2018,02:00,16.82
07/14/2018,03:00,16.844
07/14/2018,04:00,16.892
07/14/2018,05:00,16.868
07/14/2018,06:00,16.773
07/14/2018,07:00,16.606
07/14/2018,08:00,16.487
07/14/2018,09:00,16.463
07/14/2018,10:00,16.511
07/14/2018,11:00,16.582
07/14/2018,12:00,16.701
07/14/2018,13:00,16.701
07/14/2018,14:00,16.725
07/14/2018,15:00,16.677
07/14/2018,16:00,16.654
07/14/2018,17:00,16.606
07/14/2018,18:00,16.582
07/14/2018,19:00,16.511
07/14/2018,20:00,16.487
07/14/2018,21:00,16.392
07/14/2018,22:00,16.32
07/14/2018,23:00,16.249
07/15/2018,00:00,16.153
07/15/2018,01:00,16.082
07/15/2018,02:00,15.986
07/15/2018,03:00,15.891
07/15/2018,04:00,15.796
07/15/2018,05:00,15.724
07/15/2018,06:00,15.629
07/15/2018,07:00,15.557
07/15/2018,08:00,15.509
07/15/2018,09:00,15.461
07/15/2018,10:00,15.438
07/15/2018,11:00,15.414
07/15/2018,12:00,15.438
07/15/2018,13:00,15.509
07/15/2018,14:00,15.652
07/15/2018,15:00,15.748
07/15/2018,16:00,15.772
07/15/2018,17:00,15.724
07/15/2018,18:00,15.796
07/15/2018,19:00,15.819
07/15/2018,20:00,15.819
07/15/2018,21:00,15.676
07/15/2018,22:00,15.629
07/15/2018,23:00,15.533
07/16/2018,00:00,15.485
07/16/2018,01:00,15.438
07/16/2018,02:00,15.366
07/16/2018,03:00,15.294
07/16/2018,04:00,15.247
07/16/2018,05:00,15.175
07/16/2018,06:00,15.127
07/16/2018,07:00,15.103
07/16/2018,08:00,15.127
07/16/2018,09:00,15.175
07/16/2018,10:00,15.199
07/16/2018,11:00,15.414
07/16/2018,12:00,15.533
07/16/2018,13:00,15.652
07/16/2018,14:00,15.748
07/16/2018,15:00,15.915
07/16/2018,16:00,16.106
07/16/2018,17:00,16.201
07/16/2018,18:00,16.249
07/16/2018,19:00,16.272
07/16/2018,20:00,16.272
07/16/2018,21:00,16.225
07/16/2018,22:00,16.225
07/16/2018,23:00,16.201
07/17/2018,00:00,16.177
07/17/2018,01:00,16.129
07/17/2018,02:00,16.058
07/17/2018,03:00,15.986
07/17/2018,04:00,15.891
07/17/2018,05:00,15.796
07/17/2018,06:00,15.724
07/17/2018,07:00,15.7
07/17/2018,08:00,15.676
07/17/2018,09:00,15.7
07/17/2018,10:00,15.772
07/17/2018,11:00,15.843
07/17/2018,12:00,15.939
07/17/2018,13:00,16.034
07/17/2018,14:00,16.153
07/17/2018,15:00,16.225
07/17/2018,16:00,16.272
07/17/2018,17:00,16.368
07/17/2018,18:00,16.463
07/17/2018,19:00,16.582
07/17/2018,20:00,16.63
07/17/2018,21:00,16.725
07/17/2018,22:00,16.725
07/17/2018,23:00,16.606
07/18/2018,00:00,16.487
07/18/2018,01:00,16.392
07/18/2018,02:00,16.32
07/18/2018,03:00,16.225
07/18/2018,04:00,16.129
07/18/2018,05:00,16.034
07/18/2018,06:00,15.963
07/18/2018,07:00,15.915
07/18/2018,08:00,15.915
07/18/2018,09:00,15.939
07/18/2018,10:00,16.01
07/18/2018,11:00,16.106
07/18/2018,12:00,16.225
07/18/2018,13:00,16.439
07/18/2018,14:00,16.773
07/18/2018,15:00,17.011
07/18/2018,16:00,17.344
07/18/2018,17:00,17.249
07/18/2018,18:00,17.344
07/18/2018,19:00,17.296
07/18/2018,20:00,17.32
07/18/2018,21:00,17.296
07/18/2018,22:00,17.272
07/18/2018,23:00,17.272
07/19/2018,00:00,17.272
07/19/2018,01:00,17.296
07/19/2018,02:00,17.32
07/19/2018,03:00,17.344
07/19/2018,04:00,17.272
07/19/2018,05:00,17.249
07/19/2018,06:00,17.201
07/19/2018,07:00,17.153
07/19/2018,08:00,17.106
07/19/2018,09:00,17.13
07/19/2018,10:00,17.153
07/19/2018,11:00,17.225
07/19/2018,12:00,17.368
07/19/2018,13:00,17.558
07/19/2018,14:00,17.724
07/19/2018,15:00,17.891
07/19/2018,16:00,17.986
07/19/2018,17:00,18.176
07/19/2018,18:00,18.247
07/19/2018,19:00,18.2
07/19/2018,20:00,18.129
07/19/2018,21:00,17.986
07/19/2018,22:00,17.867
07/19/2018,23:00,17.772
07/20/2018,00:00,17.629
07/20/2018,01:00,17.534
07/20/2018,02:00,17.391
07/20/2018,03:00,17.296
07/20/2018,04:00,17.201
07/20/2018,05:00,17.13
07/20/2018,06:00,17.058
07/20/2018,07:00,17.011
07/20/2018,08:00,16.939
07/20/2018,09:00,16.915
07/20/2018,10:00,16.963
07/20/2018,11:00,17.058
07/20/2018,12:00,17.225
07/20/2018,13:00,17.415
07/20/2018,14:00,17.629
07/20/2018,15:00,17.891
07/20/2018,16:00,18.224
07/20/2018,17:00,18.557
07/20/2018,18:00,18.747
07/20/2018,19:00,18.723
07/20/2018,20:00,18.604
07/20/2018,21:00,18.485
07/20/2018,22:00,18.366
07/20/2018,23:00,18.366
07/21/2018,00:00,18.366
07/21/2018,01:00,18.319
07/21/2018,02:00,18.2
07/21/2018,03:00,18.057
07/21/2018,04:00,17.843
07/21/2018,05:00,17.605
07/21/2018,06:00,17.415
07/21/2018,07:00,17.272
07/21/2018,08:00,17.225
07/21/2018,09:00,17.249
07/21/2018,10:00,17.249
07/21/2018,11:00,17.344
07/21/2018,12:00,17.558
07/21/2018,13:00,17.867
07/21/2018,14:00,18.247
07/21/2018,15:00,18.628
07/21/2018,16:00,19.08
07/21/2018,17:00,19.246
07/21/2018,18:00,19.365
07/21/2018,19:00,19.341
07/21/2018,20:00,19.032
07/21/2018,21:00,18.866
07/21/2018,22:00,18.794
07/21/2018,23:00,18.747
07/22/2018,00:00,18.747
07/22/2018,01:00,18.771
07/22/2018,02:00,18.723
07/22/2018,03:00,18.604
07/22/2018,04:00,18.509
07/22/2018,05:00,18.343
07/22/2018,06:00,18.2
07/22/2018,07:00,18.033
07/22/2018,08:00,17.986
07/22/2018,09:00,17.938
07/22/2018,10:00,17.962
07/22/2018,11:00,18.152
07/22/2018,12:00,18.271
07/22/2018,13:00,18.509
07/22/2018,14:00,18.818
07/22/2018,15:00,19.103
07/22/2018,16:00,19.841
07/22/2018,17:00,20.222
07/22/2018,18:00,20.079
07/22/2018,19:00,19.865
07/22/2018,20:00,19.579
07/22/2018,21:00,19.436
07/22/2018,22:00,19.484
07/22/2018,23:00,19.46
07/23/2018,00:00,19.389
07/23/2018,01:00,19.246
07/23/2018,02:00,19.08
07/23/2018,03:00,18.889
07/23/2018,04:00,18.723
07/23/2018,05:00,18.557
07/23/2018,06:00,18.461
07/23/2018,07:00,18.343
07/23/2018,08:00,18.271
07/23/2018,09:00,18.247
07/23/2018,10:00,18.247
07/23/2018,11:00,18.319
07/23/2018,12:00,18.438
07/23/2018,13:00,18.628
07/23/2018,14:00,18.889
07/23/2018,15:00,19.08
07/23/2018,16:00,19.389
07/23/2018,17:00,19.936
07/23/2018,18:00,20.174
07/23/2018,19:00,20.079
07/23/2018,20:00,19.936
07/23/2018,21:00,19.674
07/23/2018,22:00,19.555
07/23/2018,23:00,19.579
07/24/2018,00:00,19.484
07/24/2018,01:00,19.341
07/24/2018,02:00,19.175
07/24/2018,03:00,18.985
07/24/2018,04:00,18.866
07/24/2018,05:00,18.723
07/24/2018,06:00,18.628
07/24/2018,07:00,18.485
07/24/2018,08:00,18.414
07/24/2018,09:00,18.366
07/24/2018,10:00,18.39
07/24/2018,11:00,18.414
07/24/2018,12:00,18.461
07/24/2018,13:00,18.675
07/24/2018,14:00,19.008
07/24/2018,15:00,19.222
07/24/2018,16:00,19.555
07/24/2018,17:00,19.817
07/24/2018,18:00,19.888
07/24/2018,19:00,19.912
07/24/2018,20:00,19.698
07/24/2018,21:00,19.674
07/24/2018,22:00,19.698
07/24/2018,23:00,19.651
07/25/2018,00:00,19.508
07/25/2018,01:00,19.318
07/25/2018,02:00,19.175
07/25/2018,03:00,19.032
07/25/2018,04:00,18.889
07/25/2018,05:00,18.747
07/25/2018,06:00,18.604
07/25/2018,07:00,18.533
07/25/2018,08:00,18.438
07/25/2018,09:00,18.39
07/25/2018,10:00,18.414
07/25/2018,11:00,18.533
07/25/2018,12:00,18.747
07/25/2018,13:00,18.961
07/25/2018,14:00,19.127
07/25/2018,15:00,19.365
07/25/2018,16:00,19.603
07/25/2018,17:00,19.746
07/25/2018,18:00,19.841
07/25/2018,19:00,19.603
07/25/2018,20:00,19.436
07/25/2018,21:00,19.365
07/25/2018,22:00,19.365
07/25/2018,23:00,19.389
07/26/2018,00:00,19.341
07/26/2018,01:00,19.246
07/26/2018,02:00,19.103
07/26/2018,03:00,19.008
07/26/2018,04:00,18.913
07/26/2018,05:00,18.842
07/26/2018,06:00,18.747
07/26/2018,07:00,18.652
07/26/2018,08:00,18.604
07/26/2018,09:00,18.604
07/26/2018,10:00,18.675
07/26/2018,11:00,18.771
07/26/2018,12:00,18.866
07/26/2018,13:00,19.008
07/26/2018,14:00,19.103
07/26/2018,15:00,19.151
07/26/2018,16:00,19.199
07/26/2018,17:00,19.27
07/26/2018,18:00,19.365
07/26/2018,19:00,19.318
07/26/2018,20:00,19.294
07/26/2018,21:00,19.246
07/26/2018,22:00,19.199
07/26/2018,23:00,19.127
07/27/2018,00:00,19.008
07/27/2018,01:00,18.961
07/27/2018,02:00,18.889
07/27/2018,03:00,18.818
07/27/2018,04:00,18.771
07/27/2018,05:00,18.675
07/27/2018,06:00,18.58
07/27/2018,07:00,18.557
07/27/2018,08:00,18.533
07/27/2018,09:00,18.58
07/27/2018,10:00,18.675
07/27/2018,11:00,18.723
07/27/2018,12:00,18.818
07/27/2018,13:00,18.889
07/27/2018,14:00,18.889
07/27/2018,15:00,18.985
07/27/2018,16:00,19.032
07/27/2018,17:00,19.103
07/27/2018,18:00,19.056
07/27/2018,19:00,18.961
07/27/2018,20:00,18.889
07/27/2018,21:00,18.866
07/27/2018,22:00,18.771
07/27/2018,23:00,18.652
07/28/2018,00:00,18.557
07/28/2018,01:00,18.438
07/28/2018,02:00,18.319
07/28/2018,03:00,18.271
07/28/2018,04:00,18.224
07/28/2018,05:00,18.152
07/28/2018,06:00,18.105
07/28/2018,07:00,18.081
07/28/2018,08:00,18.105
07/28/2018,09:00,18.129
07/28/2018,10:00,18.105
07/28/2018,11:00,18.271
07/28/2018,12:00,18.438
07/28/2018,13:00,18.675
07/28/2018,14:00,18.985
07/28/2018,15:00,19.27
07/28/2018,16:00,19.508
07/28/2018,17:00,19.698
07/28/2018,18:00,19.912
07/28/2018,19:00,19.936
07/28/2018,20:00,19.841
07/28/2018,21:00,19.674
07/28/2018,22:00,19.555
07/28/2018,23:00,19.365
07/29/2018,00:00,19.27
07/29/2018,01:00,19.127
07/29/2018,02:00,18.985
07/29/2018,03:00,18.889
07/29/2018,04:00,18.747
07/29/2018,05:00,18.652
07/29/2018,06:00,18.58
07/29/2018,07:00,18.509
07/29/2018,08:00,18.461
07/29/2018,09:00,18.461
07/29/2018,10:00,18.509
07/29/2018,11:00,18.652
07/29/2018,12:00,18.723
07/29/2018,13:00,18.866
07/29/2018,14:00,19.08
07/29/2018,15:00,19.294
07/29/2018,16:00,19.555
07/29/2018,17:00,19.841
07/29/2018,18:00,19.912
07/29/2018,19:00,20.079
07/29/2018,20:00,20.198
07/29/2018,21:00,20.103
07/29/2018,22:00,19.936
07/29/2018,23:00,19.793
07/30/2018,00:00,19.627
07/30/2018,01:00,19.508
07/30/2018,02:00,19.413
07/30/2018,03:00,19.294
07/30/2018,04:00,19.175
07/30/2018,05:00,19.008
07/30/2018,06:00,18.842
07/30/2018,07:00,18.794
07/30/2018,08:00,18.794
07/30/2018,09:00,18.747
07/30/2018,10:00,18.747
07/30/2018,11:00,18.794
07/30/2018,12:00,18.961
07/30/2018,13:00,19.151
07/30/2018,14:00,19.341
07/30/2018,15:00,19.651
07/30/2018,16:00,19.888
07/30/2018,17:00,19.984
07/30/2018,18:00,20.246
07/30/2018,19:00,20.198
07/30/2018,20:00,20.103
07/30/2018,21:00,19.984
07/30/2018,22:00,19.865
07/30/2018,23:00,19.722
07/31/2018,00:00,19.603
07/31/2018,01:00,19.46
07/31/2018,02:00,19.341
07/31/2018,03:00,19.222
07/31/2018,04:00,19.08
07/31/2018,05:00,18.913
07/31/2018,06:00,18.794
07/31/2018,07:00,18.723
07/31/2018,08:00,18.675
07/31/2018,09:00,18.699
07/31/2018,10:00,18.818
07/31/2018,11:00,18.961
07/31/2018,12:00,19.08
07/31/2018,13:00,19.27
07/31/2018,14:00,19.508
07/31/2018,15:00,19.746
07/31/2018,16:00,20.007
07/31/2018,17:00,20.246
07/31/2018,18:00,20.365
07/31/2018,19:00,20.388
07/31/2018,20:00,20.269
07/31/2018,21:00,20.126
07/31/2018,22:00,19.984
07/31/2018,23:00,19.841
08/01/2018,00:00,19.698
08/01/2018,01:00,19.532
08/01/2018,02:00,19.413
08/01/2018,03:00,19.27
08/01/2018,04:00,19.127
08/01/2018,05:00,19.008
08/01/2018,06:00,18.913
08/01/2018,07:00,18.818
08/01/2018,08:00,18.794
08/01/2018,09:00,18.771
08/01/2018,10:00,18.794
08/01/2018,11:00,18.842
08/01/2018,12:00,18.937
08/01/2018,13:00,19.127
08/01/2018,14:00,19.175
08/01/2018,15:00,19.151
08/01/2018,16:00,19.151
08/01/2018,17:00,19.151
08/01/2018,18:00,19.056
08/01/2018,19:00,18.961
08/01/2018,20:00,18.913
08/01/2018,21:00,18.747
08/01/2018,22:00,18.652
08/01/2018,23:00,18.58
08/02/2018,00:00,18.485
08/02/2018,01:00,18.39
08/02/2018,02:00,18.319
08/02/2018,03:00,18.247
08/02/2018,04:00,18.176
08/02/2018,05:00,18.105
08/02/2018,06:00,18.033
08/02/2018,07:00,18.033
08/02/2018,08:00,18.033
08/02/2018,09:00,18.01
08/02/2018,10:00,18.081
08/02/2018,11:00,18.247
08/02/2018,12:00,18.247
08/02/2018,13:00,18.366
08/02/2018,14:00,18.509
08/02/2018,15:00,18.509
08/02/2018,16:00,18.58
08/02/2018,17:00,18.652
08/02/2018,18:00,18.675
08/02/2018,19:00,18.699
08/02/2018,20:00,18.652
08/02/2018,21:00,18.58
08/02/2018,22:00,18.461
08/02/2018,23:00,18.343
08/03/2018,00:00,18.247
08/03/2018,01:00,18.152
08/03/2018,02:00,18.081
08/03/2018,03:00,17.962
08/03/2018,04:00,17.867
08/03/2018,05:00,17.796
08/03/2018,06:00,17.724
08/03/2018,07:00,17.677
08/03/2018,08:00,17.653
08/03/2018,09:00,17.653
08/03/2018,10:00,17.653
08/03/2018,11:00,17.796
08/03/2018,12:00,17.938
08/03/2018,13:00,18.057
08/03/2018,14:00,18.224
08/03/2018,15:00,18.295
08/03/2018,16:00,18.319
08/03/2018,17:00,18.39
08/03/2018,18:00,18.438
08/03/2018,19:00,18.366
08/03/2018,20:00,18.343
08/03/2018,21:00,18.295
08/03/2018,22:00,18.152
08/03/2018,23:00,18.033
08/04/2018,00:00,17.986
08/04/2018,01:00,17.915
08/04/2018,02:00,17.819
08/04/2018,03:00,17.724
08/04/2018,04:00,17.701
08/04/2018,05:00,17.653
08/04/2018,06:00,17.605
08/04/2018,07:00,17.629
08/04/2018,08:00,17.701
08/04/2018,09:00,17.796
08/04/2018,10:00,17.915
08/04/2018,11:00,18.01
08/04/2018,12:00,18.129
08/04/2018,13:00,18.224
08/04/2018,14:00,18.319
08/04/2018,15:00,18.39
08/04/2018,16:00,18.461
08/04/2018,17:00,18.509
08/04/2018,18:00,18.557
08/04/2018,19:00,18.604
08/04/2018,20:00,18.628
08/04/2018,21:00,18.557
08/04/2018,22:00,18.414
08/04/2018,23:00,18.319
08/05/2018,00:00,18.247
08/05/2018,01:00,18.129
08/05/2018,02:00,18.033
08/05/2018,03:00,17.938
08/05/2018,04:00,17.915
08/05/2018,05:00,17.915
08/05/2018,06:00,17.867
08/05/2018,07:00,17.796
08/05/2018,08:00,17.772
08/05/2018,09:00,17.843
08/05/2018,10:00,17.938
08/05/2018,11:00,18.057
08/05/2018,12:00,18.152
08/05/2018,13:00,18.105
08/05/2018,14:00,18.152
08/05/2018,15:00,18.247
08/05/2018,16:00,18.319
08/05/2018,17:00,18.39
08/05/2018,18:00,18.414
08/05/2018,19:00,18.414
08/05/2018,20:00,18.39
08/05/2018,21:00,18.319
08/05/2018,22:00,18.247
08/05/2018,23:00,18.176
08/06/2018,00:00,18.081
08/06/2018,01:00,18.033
08/06/2018,02:00,17.938
08/06/2018,03:00,17.867
08/06/2018,04:00,17.772
08/06/2018,05:00,17.748
08/06/2018,06:00,17.701
08/06/2018,07:00,17.605
08/06/2018,08:00,17.558
08/06/2018,09:00,17.51
08/06/2018,10:00,17.534
08/06/2018,11:00,17.534
08/06/2018,12:00,17.534
08/06/2018,13:00,17.51
08/06/2018,14:00,17.463
08/06/2018,15:00,17.415
08/06/2018,16:00,17.391
08/06/2018,17:00,17.344
08/06/2018,18:00,17.32
08/06/2018,19:00,17.272
08/06/2018,20:00,17.225
08/06/2018,21:00,17.177
08/06/2018,22:00,17.13
08/06/2018,23:00,17.106
08/07/2018,00:00,17.082
08/07/2018,01:00,17.082
08/07/2018,02:00,17.058
08/07/2018,03:00,17.058
08/07/2018,04:00,17.058
08/07/2018,05:00,17.058
08/07/2018,06:00,17.058
08/07/2018,07:00,17.058
08/07/2018,08:00,17.058
08/07/2018,09:00,17.034
08/07/2018,10:00,16.987
08/07/2018,11:00,16.987
08/07/2018,12:00,16.963
08/07/2018,13:00,16.915
08/07/2018,14:00,16.892
08/07/2018,15:00,16.868
08/07/2018,16:00,16.796
08/07/2018,17:00,16.725
08/07/2018,18:00,16.654
08/07/2018,19:00,16.606
08/07/2018,20:00,16.558
08/07/2018,21:00,16.511
08/07/2018,22:00,16.439
08/07/2018,23:00,16.392
08/08/2018,00:00,16.368
08/08/2018,01:00,16.32
08/08/2018,02:00,16.296
08/08/2018,03:00,16.225
08/08/2018,04:00,16.177
08/08/2018,05:00,16.106
08/08/2018,06:00,16.058
08/08/2018,07:00,16.01
08/08/2018,08:00,15.986
08/08/2018,09:00,15.963
08/08/2018,10:00,15.939
08/08/2018,11:00,15.915
08/08/2018,12:00,15.963
08/08/2018,13:00,16.01
08/08/2018,14:00,16.01
08/08/2018,15:00,16.082
08/08/2018,16:00,16.177
08/08/2018,17:00,16.201
08/08/2018,18:00,16.225
08/08/2018,19:00,16.201
08/08/2018,20:00,16.106
08/08/2018,21:00,16.034
08/08/2018,22:00,15.963
08/08/2018,23:00,15.867
08/09/2018,00:00,15.843
08/09/2018,01:00,15.843
08/09/2018,02:00,15.748
08/09/2018,03:00,15.676
08/09/2018,04:00,15.605
08/09/2018,05:00,15.533
08/09/2018,06:00,15.533
08/09/2018,07:00,15.509
08/09/2018,08:00,15.533
08/09/2018,09:00,15.605
08/09/2018,10:00,15.724
08/09/2018,11:00,15.843
08/09/2018,12:00,15.915
08/09/2018,13:00,15.986
08/09/2018,14:00,16.034
08/09/2018,15:00,16.082
08/09/2018,16:00,16.129
08/09/2018,17:00,16.153
08/09/2018,18:00,16.225
08/09/2018,19:00,16.249
08/09/2018,20:00,16.249
08/09/2018,21:00,16.296
08/09/2018,22:00,16.249
08/09/2018,23:00,16.177
08/10/2018,00:00,16.106
08/10/2018,01:00,15.963
08/10/2018,02:00,15.915
08/10/2018,03:00,15.867
08/10/2018,04:00,15.772
08/10/2018,05:00,15.7
08/10/2018,06:00,15.652
08/10/2018,07:00,15.652
08/10/2018,08:00,15.652
08/10/2018,09:00,15.676
08/10/2018,10:00,15.724
08/10/2018,11:00,15.748
08/10/2018,12:00,15.891
08/10/2018,13:00,15.963
08/10/2018,14:00,15.843
08/10/2018,15:00,15.819
08/10/2018,16:00,16.058
08/10/2018,17:00,16.129
08/10/2018,18:00,16.153
08/10/2018,19:00,16.201
08/10/2018,20:00,16.225
08/10/2018,21:00,16.201
08/10/2018,22:00,16.082
08/10/2018,23:00,16.034
08/11/2018,00:00,15.963
08/11/2018,01:00,15.915
08/11/2018,02:00,15.867
08/11/2018,03:00,15.819
08/11/2018,04:00,15.772
08/11/2018,05:00,15.724
08/11/2018,06:00,15.676
08/11/2018,07:00,15.652
08/11/2018,08:00,15.652
08/11/2018,09:00,15.676
08/11/2018,10:00,15.748
08/11/2018,11:00,15.796
08/11/2018,12:00,15.843
08/11/2018,13:00,15.867
08/11/2018,14:00,15.915
08/11/2018,15:00,15.867
08/11/2018,16:00,15.867
08/11/2018,17:00,15.939
08/11/2018,18:00,15.963
08/11/2018,19:00,15.963
08/11/2018,20:00,15.915
08/11/2018,21:00,15.891
08/11/2018,22:00,15.819
08/11/2018,23:00,15.796
08/12/2018,00:00,15.748
08/12/2018,01:00,15.724
08/12/2018,02:00,15.676
08/12/2018,03:00,15.629
08/12/2018,04:00,15.581
08/12/2018,05:00,15.557
08/12/2018,06:00,15.485
08/12/2018,07:00,15.438
08/12/2018,08:00,15.438
08/12/2018,09:00,15.414
08/12/2018,10:00,15.438
08/12/2018,11:00,15.485
08/12/2018,12:00,15.557
08/12/2018,13:00,15.605
08/12/2018,14:00,15.676
08/12/2018,15:00,15.724
08/12/2018,16:00,15.772
08/12/2018,17:00,15.796
08/12/2018,18:00,15.796
08/12/2018,19:00,15.819
08/12/2018,20:00,15.843
08/12/2018,21:00,15.819
08/12/2018,22:00,15.772
08/12/2018,23:00,15.724
08/13/2018,00:00,15.652
08/13/2018,01:00,15.581
08/13/2018,02:00,15.533
08/13/2018,03:00,15.438
08/13/2018,04:00,15.39
08/13/2018,05:00,15.366
08/13/2018,06:00,15.342
08/13/2018,07:00,15.318
08/13/2018,08:00,15.318
08/13/2018,09:00,15.318
08/13/2018,10:00,15.27
08/13/2018,11:00,15.27
08/13/2018,12:00,15.27
08/13/2018,13:00,15.294
08/13/2018,14:00,15.318
08/13/2018,15:00,15.318
08/13/2018,16:00,15.342
08/13/2018,17:00,15.342
08/13/2018,18:00,15.318
08/13/2018,19:00,15.318
08/13/2018,20:00,15.294
08/13/2018,21:00,15.27
08/13/2018,22:00,15.247
08/13/2018,23:00,15.223
08/14/2018,00:00,15.199
08/14/2018,01:00,15.175
08/14/2018,02:00,15.151
08/14/2018,03:00,15.103
08/14/2018,04:00,15.031
08/14/2018,05:00,15.008
08/14/2018,06:00,14.984
08/14/2018,07:00,14.96
08/14/2018,08:00,14.936
08/14/2018,09:00,14.888
08/14/2018,10:00,14.936
08/14/2018,11:00,15.008
08/14/2018,12:00,15.079
08/14/2018,13:00,15.103
08/14/2018,14:00,15.151
08/14/2018,15:00,15.151
08/14/2018,16:00,15.199
08/14/2018,17:00,15.27
08/14/2018,18:00,15.294
08/14/2018,19:00,15.342
08/14/2018,20:00,15.366
08/14/2018,21:00,15.366
08/14/2018,22:00,15.342
08/14/2018,23:00,15.294
08/15/2018,00:00,15.247
08/15/2018,01:00,15.175
08/15/2018,02:00,15.127
08/15/2018,03:00,15.079
08/15/2018,04:00,15.055
08/15/2018,05:00,14.984
08/15/2018,06:00,14.96
08/15/2018,07:00,14.912
08/15/2018,08:00,14.888
08/15/2018,09:00,14.84
08/15/2018,10:00,14.84
08/15/2018,11:00,14.888
08/15/2018,12:00,14.888
08/15/2018,13:00,15.008
08/15/2018,14:00,15.031
08/15/2018,15:00,14.984
08/15/2018,16:00,14.96
08/15/2018,17:00,15.031
08/15/2018,18:00,14.984
08/15/2018,19:00,14.96
08/15/2018,20:00,14.936
08/15/2018,21:00,14.912
08/15/2018,22:00,14.84
08/15/2018,23:00,14.816
08/16/2018,00:00,14.792
08/16/2018,01:00,14.768
08/16/2018,02:00,14.745
08/16/2018,03:00,14.673
08/16/2018,04:00,14.625
08/16/2018,05:00,14.601
08/16/2018,06:00,14.577
08/16/2018,07:00,14.481
08/16/2018,08:00,14.457
08/16/2018,09:00,14.481
08/16/2018,10:00,14.577
08/16/2018,11:00,14.673
08/16/2018,12:00,14.745
08/16/2018,13:00,14.768
08/16/2018,14:00,14.721
08/16/2018,15:00,14.84
08/16/2018,16:00,14.936
08/16/2018,17:00,14.96
08/16/2018,18:00,14.96
08/16/2018,19:00,14.984
08/16/2018,20:00,14.984
08/16/2018,21:00,14.888
08/16/2018,22:00,14.792
08/16/2018,23:00,14.697
08/17/2018,00:00,14.625
08/17/2018,01:00,14.553
08/17/2018,02:00,14.457
08/17/2018,03:00,14.361
08/17/2018,04:00,14.266
08/17/2018,05:00,14.218
08/17/2018,06:00,14.098
08/17/2018,07:00,14.026
08/17/2018,08:00,13.978
08/17/2018,09:00,14.026
08/17/2018,10:00,14.05
08/17/2018,11:00,14.146
08/17/2018,12:00,14.266
08/17/2018,13:00,14.433
08/17/2018,14:00,14.625
08/17/2018,15:00,15.008
08/17/2018,16:00,15.247
08/17/2018,17:00,15.39
08/17/2018,18:00,15.414
08/17/2018,19:00,15.39
08/17/2018,20:00,15.39
08/17/2018,21:00,15.342
08/17/2018,22:00,15.342
08/17/2018,23:00,15.318
08/18/2018,00:00,15.27
08/18/2018,01:00,15.223
08/18/2018,02:00,15.103
08/18/2018,03:00,15.008
08/18/2018,04:00,14.888
08/18/2018,05:00,14.768
08/18/2018,06:00,14.697
08/18/2018,07:00,14.601
08/18/2018,08:00,14.601
08/18/2018,09:00,14.625
08/18/2018,10:00,14.721
08/18/2018,11:00,14.816
08/18/2018,12:00,14.912
08/18/2018,13:00,14.984
08/18/2018,14:00,15.127
08/18/2018,15:00,15.318
08/18/2018,16:00,15.509
08/18/2018,17:00,15.7
08/18/2018,18:00,15.7
08/18/2018,19:00,15.629
08/18/2018,20:00,15.557
08/18/2018,21:00,15.581
08/18/2018,22:00,15.629
08/18/2018,23:00,15.629
08/19/2018,00:00,15.533
08/19/2018,01:00,15.414
08/19/2018,02:00,15.199
08/19/2018,03:00,15.031
08/19/2018,04:00,14.864
08/19/2018,05:00,14.697
08/19/2018,06:00,14.529
08/19/2018,07:00,14.409
08/19/2018,08:00,14.337
08/19/2018,09:00,14.361
08/19/2018,10:00,14.433
08/19/2018,11:00,14.553
08/19/2018,12:00,14.649
08/19/2018,13:00,14.84
08/19/2018,14:00,15.079
08/19/2018,15:00,15.39
08/19/2018,16:00,15.796
08/19/2018,17:00,15.796
08/19/2018,18:00,15.772
08/19/2018,19:00,15.652
08/19/2018,20:00,15.652
08/19/2018,21:00,15.676
08/19/2018,22:00,15.7
08/19/2018,23:00,15.652
08/20/2018,00:00,15.629
08/20/2018,01:00,15.581
08/20/2018,02:00,15.629
08/20/2018,03:00,15.652
08/20/2018,04:00,15.652
08/20/2018,05:00,15.629
08/20/2018,06:00,15.629
08/20/2018,07:00,15.581
08/20/2018,08:00,15.509
08/20/2018,09:00,15.461
08/20/2018,10:00,15.438
08/20/2018,11:00,15.485
08/20/2018,12:00,15.557
08/20/2018,13:00,15.605
08/20/2018,14:00,15.652
08/20/2018,15:00,15.724
08/20/2018,16:00,15.772
08/20/2018,17:00,15.796
08/20/2018,18:00,15.748
08/20/2018,19:00,15.724
08/20/2018,20:00,15.7
08/20/2018,21:00,15.676
08/20/2018,22:00,15.652
08/20/2018,23:00,15.581
08/21/2018,00:00,15.533
08/21/2018,01:00,15.485
08/21/2018,02:00,15.438
08/21/2018,03:00,15.39
08/21/2018,04:00,15.318
08/21/2018,05:00,15.27
08/21/2018,06:00,15.27
08/21/2018,07:00,15.27
08/21/2018,08:00,15.27
08/21/2018,09:00,15.318
08/21/2018,10:00,15.342
08/21/2018,11:00,15.27
08/21/2018,12:00,15.247
08/21/2018,13:00,15.294
08/21/2018,14:00,15.318
08/21/2018,15:00,15.342
08/21/2018,16:00,15.366
08/21/2018,17:00,15.39
08/21/2018,18:00,15.342
08/21/2018,19:00,15.294
08/21/2018,20:00,15.318
08/21/2018,21:00,15.27
08/21/2018,22:00,15.247
08/21/2018,23:00,15.199
08/22/2018,00:00,15.151
08/22/2018,01:00,15.127
08/22/2018,02:00,15.079
08/22/2018,03:00,15.055
08/22/2018,04:00,14.984
08/22/2018,05:00,14.936
08/22/2018,06:00,14.912
08/22/2018,07:00,14.888
08/22/2018,08:00,14.888
08/22/2018,09:00,14.888
08/22/2018,10:00,14.912
08/22/2018,11:00,14.96
08/22/2018,12:00,14.984
08/22/2018,13:00,15.008
08/22/2018,14:00,15.008
08/22/2018,15:00,15.055
08/22/2018,16:00,15.079
08/22/2018,17:00,15.103
08/22/2018,18:00,15.103
08/22/2018,19:00,15.103
08/22/2018,20:00,15.127
08/22/2018,21:00,15.127
08/22/2018,22:00,15.127
08/22/2018,23:00,15.103
08/23/2018,00:00,15.055
08/23/2018,01:00,15.031
08/23/2018,02:00,14.984
08/23/2018,03:00,14.96
08/23/2018,04:00,14.912
08/23/2018,05:00,14.864
08/23/2018,06:00,14.84
08/23/2018,07:00,14.792
08/23/2018,08:00,14.792
08/23/2018,09:00,14.792
08/23/2018,10:00,14.816
08/23/2018,11:00,14.84
08/23/2018,12:00,14.912
08/23/2018,13:00,14.96
08/23/2018,14:00,14.984
08/23/2018,15:00,15.031
08/23/2018,16:00,15.031
08/23/2018,17:00,15.055
08/23/2018,18:00,15.079
08/23/2018,19:00,15.103
08/23/2018,20:00,15.103
08/23/2018,21:00,15.127
08/23/2018,22:00,15.151
08/23/2018,23:00,15.103
08/24/2018,00:00,15.031
08/24/2018,01:00,14.984
08/24/2018,02:00,14.912
08/24/2018,03:00,14.864
08/24/2018,04:00,14.816
08/24/2018,05:00,14.792
08/24/2018,06:00,14.721
08/24/2018,07:00,14.697
08/24/2018,08:00,14.673
08/24/2018,09:00,14.697
08/24/2018,10:00,14.768
08/24/2018,11:00,14.792
08/24/2018,12:00,14.864
08/24/2018,13:00,14.936
08/24/2018,14:00,14.984
08/24/2018,15:00,15.079
08/24/2018,16:00,15.151
08/24/2018,17:00,15.199
08/24/2018,18:00,15.223
08/24/2018,19:00,15.27
08/24/2018,20:00,15.366
08/24/2018,21:00,15.39
08/24/2018,22:00,15.342
08/24/2018,23:00,15.27
08/25/2018,00:00,15.247
08/25/2018,01:00,15.223
08/25/2018,02:00,15.199
08/25/2018,03:00,15.127
08/25/2018,04:00,15.079
08/25/2018,05:00,15.008
08/25/2018,06:00,14.96
08/25/2018,07:00,14.912
08/25/2018,08:00,14.888
08/25/2018,09:00,14.864
08/25/2018,10:00,14.912
08/25/2018,11:00,15.008
08/25/2018,12:00,15.055
08/25/2018,13:00,15.103
08/25/2018,14:00,15.151
08/25/2018,15:00,15.199
08/25/2018,16:00,15.247
08/25/2018,17:00,15.27
08/25/2018,18:00,15.27
08/25/2018,19:00,15.294
08/25/2018,20:00,15.318
08/25/2018,21:00,15.318
08/25/2018,22:00,15.223
08/25/2018,23:00,15.127
08/26/2018,00:00,14.984
08/26/2018,01:00,14.864
08/26/2018,02:00,14.745
08/26/2018,03:00,14.601
08/26/2018,04:00,14.481
08/26/2018,05:00,14.361
08/26/2018,06:00,14.218
08/26/2018,07:00,14.098
08/26/2018,08:00,14.074
08/26/2018,09:00,14.17
08/26/2018,10:00,14.29
08/26/2018,11:00,14.433
08/26/2018,12:00,14.553
08/26/2018,13:00,14.673
08/26/2018,14:00,14.768
08/26/2018,15:00,14.864
08/26/2018,16:00,14.96
08/26/2018,17:00,15.103
08/26/2018,18:00,15.175
08/26/2018,19:00,15.127
08/26/2018,20:00,15.031
08/26/2018,21:00,15.008
08/26/2018,22:00,15.008
08/26/2018,23:00,15.031
08/27/2018,00:00,15.031
08/27/2018,01:00,15.008
08/27/2018,02:00,14.96
08/27/2018,03:00,14.864
08/27/2018,04:00,14.816
08/27/2018,05:00,14.745
08/27/2018,06:00,14.721
08/27/2018,07:00,14.697
08/27/2018,08:00,14.673
08/27/2018,09:00,14.673
08/27/2018,10:00,14.697
08/27/2018,11:00,14.721
08/27/2018,12:00,14.721
08/27/2018,13:00,14.768
08/27/2018,14:00,14.792
08/27/2018,15:00,14.84
08/27/2018,16:00,14.84
08/27/2018,17:00,14.864
08/27/2018,18:00,14.864
08/27/2018,19:00,14.864
08/27/2018,20:00,14.864
08/27/2018,21:00,14.84
08/27/2018,22:00,14.792
08/27/2018,23:00,14.768
08/28/2018,00:00,14.745
08/28/2018,01:00,14.721
08/28/2018,02:00,14.697
08/28/2018,03:00,14.673
08/28/2018,04:00,14.649
08/28/2018,05:00,14.625
08/28/2018,06:00,14.601
08/28/2018,07:00,14.577
08/28/2018,08:00,14.577
08/28/2018,09:00,14.577
08/28/2018,10:00,14.625
08/28/2018,11:00,14.673
08/28/2018,12:00,14.721
08/28/2018,13:00,14.768
08/28/2018,14:00,14.792
08/28/2018,15:00,14.864
08/28/2018,16:00,14.96
08/28/2018,17:00,15.055
08/28/2018,18:00,15.079
08/28/2018,19:00,15.079
08/28/2018,20:00,15.055
08/28/2018,21:00,15.031
08/28/2018,22:00,15.008
08/28/2018,23:00,15.008
08/29/2018,00:00,15.031
08/29/2018,01:00,15.031
08/29/2018,02:00,15.008
08/29/2018,03:00,14.96
08/29/2018,04:00,14.96
08/29/2018,05:00,14.936
08/29/2018,06:00,14.888
08/29/2018,07:00,14.84
08/29/2018,08:00,14.792
08/29/2018,09:00,14.768
08/29/2018,10:00,14.816
08/29/2018,11:00,14.864
08/29/2018,12:00,14.96
08/29/2018,13:00,15.031
08/29/2018,14:00,15.103
08/29/2018,15:00,15.247
08/29/2018,16:00,15.342
08/29/2018,17:00,15.509
08/29/2018,18:00,15.557
08/29/2018,19:00,15.509
08/29/2018,20:00,15.438
08/29/2018,21:00,15.414
08/29/2018,22:00,15.414
08/29/2018,23:00,15.438
08/30/2018,00:00,15.438
08/30/2018,01:00,15.414
08/30/2018,02:00,15.39
08/30/2018,03:00,15.39
08/30/2018,04:00,15.414
08/30/2018,05:00,15.414
08/30/2018,06:00,15.366
08/30/2018,07:00,15.318
08/30/2018,08:00,15.27
08/30/2018,09:00,15.27
08/30/2018,10:00,15.318
08/30/2018,11:00,15.366
08/30/2018,12:00,15.414
08/30/2018,13:00,15.438
08/30/2018,14:00,15.485
08/30/2018,15:00,15.509
08/30/2018,16:00,15.533
08/30/2018,17:00,15.557
08/30/2018,18:00,15.581
08/30/2018,19:00,15.581
08/30/2018,20:00,15.581
08/30/2018,21:00,15.557
08/30/2018,22:00,15.485
08/30/2018,23:00,15.414
08/31/2018,00:00,15.342
08/31/2018,01:00,15.27
08/31/2018,02:00,15.223
08/31/2018,03:00,15.151
08/31/2018,04:00,15.079
08/31/2018,05:00,15.031
08/31/2018,06:00,14.984
08/31/2018,07:00,14.936
08/31/2018,08:00,14.864
08/31/2018,09:00,14.816
08/31/2018,10:00,14.816
08/31/2018,11:00,14.888
08/31/2018,12:00,14.96
08/31/2018,13:00,15.055
08/31/2018,14:00,15.223
08/31/2018,15:00,15.39
08/31/2018,16:00,15.676
08/31/2018,17:00,15.915
08/31/2018,18:00,15.963
08/31/2018,19:00,15.796
08/31/2018,20:00,15.676
08/31/2018,21:00,15.605
08/31/2018,22:00,15.581
08/31/2018,23:00,15.581
09/01/2018,00:00,15.533
09/01/2018,01:00,15.509
09/01/2018,02:00,15.39
09/01/2018,03:00,15.318
09/01/2018,04:00,15.247
09/01/2018,05:00,15.127
09/01/2018,06:00,15.031
09/01/2018,07:00,14.936
09/01/2018,08:00,14.888
09/01/2018,09:00,14.864
09/01/2018,10:00,14.912
09/01/2018,11:00,14.984
09/01/2018,12:00,15.079
09/01/2018,13:00,15.175
09/01/2018,14:00,15.27
09/01/2018,15:00,15.342
09/01/2018,16:00,15.461
09/01/2018,17:00,15.581
09/01/2018,18:00,15.629
09/01/2018,19:00,15.748
09/01/2018,20:00,15.891
09/01/2018,21:00,15.891
09/01/2018,22:00,15.724
09/01/2018,23:00,15.581
09/02/2018,00:00,15.438
09/02/2018,01:00,15.294
09/02/2018,02:00,15.151
09/02/2018,03:00,14.984
09/02/2018,04:00,14.84
09/02/2018,05:00,14.625
09/02/2018,06:00,14.481
09/02/2018,07:00,14.337
09/02/2018,08:00,14.218
09/02/2018,09:00,14.242
09/02/2018,10:00,14.314
09/02/2018,11:00,14.385
09/02/2018,12:00,14.505
09/02/2018,13:00,14.601
09/02/2018,14:00,14.84
09/02/2018,15:00,15.103
09/02/2018,16:00,15.414
09/02/2018,17:00,15.605
09/02/2018,18:00,15.652
09/02/2018,19:00,15.509
09/02/2018,20:00,15.438
09/02/2018,21:00,15.414
09/02/2018,22:00,15.366
09/02/2018,23:00,15.342
09/03/2018,00:00,15.318
09/03/2018,01:00,15.175
09/03/2018,02:00,14.984
09/03/2018,03:00,14.84
09/03/2018,04:00,14.673
09/03/2018,05:00,14.529
09/03/2018,06:00,14.361
09/03/2018,07:00,14.218
09/03/2018,08:00,14.146
09/03/2018,09:00,14.122
09/03/2018,10:00,14.218
09/03/2018,11:00,14.29
09/03/2018,12:00,14.409
09/03/2018,13:00,14.529
09/03/2018,14:00,14.792
09/03/2018,15:00,15.079
09/03/2018,16:00,15.629
09/03/2018,17:00,15.509
09/03/2018,18:00,15.438
09/03/2018,19:00,15.39
09/03/2018,20:00,15.39
09/03/2018,21:00,15.366
09/03/2018,22:00,15.342
09/03/2018,23:00,15.342
09/04/2018,00:00,15.27
09/04/2018,01:00,15.151
09/04/2018,02:00,14.936
09/04/2018,03:00,14.768
09/04/2018,04:00,14.577
09/04/2018,05:00,14.385
09/04/2018,06:00,14.194
09/04/2018,07:00,14.026
09/04/2018,08:00,13.93
09/04/2018,09:00,13.906
09/04/2018,10:00,14.002
09/04/2018,11:00,14.122
09/04/2018,12:00,14.242
09/04/2018,13:00,14.409
09/04/2018,14:00,14.745
09/04/2018,15:00,15.103
09/04/2018,16:00,15.557
09/04/2018,17:00,15.557
09/04/2018,18:00,15.557
09/04/2018,19:00,15.461
09/04/2018,20:00,15.318
09/04/2018,21:00,15.247
09/04/2018,22:00,15.223
09/04/2018,23:00,15.247
09/05/2018,00:00,15.127
09/05/2018,01:00,14.912
09/05/2018,02:00,14.721
09/05/2018,03:00,14.529
09/05/2018,04:00,14.337
09/05/2018,05:00,14.146
09/05/2018,06:00,14.002
09/05/2018,07:00,13.858
09/05/2018,08:00,13.738
09/05/2018,09:00,13.738
09/05/2018,10:00,13.954
09/05/2018,11:00,14.122
09/05/2018,12:00,14.314
09/05/2018,13:00,14.457
09/05/2018,14:00,14.649
09/05/2018,15:00,14.745
09/05/2018,16:00,14.936
09/05/2018,17:00,15.103
09/05/2018,18:00,15.175
09/05/2018,19:00,15.175
09/05/2018,20:00,15.103
09/05/2018,21:00,15.008
09/05/2018,22:00,14.96
09/05/2018,23:00,14.936
09/06/2018,00:00,14.912
09/06/2018,01:00,14.768
09/06/2018,02:00,14.577
09/06/2018,03:00,14.433
09/06/2018,04:00,14.242
09/06/2018,05:00,14.122
09/06/2018,06:00,13.954
09/06/2018,07:00,13.786
09/06/2018,08:00,13.69
09/06/2018,09:00,13.738
09/06/2018,10:00,13.858
09/06/2018,11:00,14.002
09/06/2018,12:00,14.146
09/06/2018,13:00,14.218
09/06/2018,14:00,14.385
09/06/2018,15:00,14.649
09/06/2018,16:00,14.96
09/06/2018,17:00,15.175
09/06/2018,18:00,15.199
09/06/2018,19:00,15.079
09/06/2018,20:00,14.96
09/06/2018,21:00,14.936
09/06/2018,22:00,14.888
09/06/2018,23:00,14.84
09/07/2018,00:00,14.721
09/07/2018,01:00,14.577
09/07/2018,02:00,14.457
09/07/2018,03:00,14.29
09/07/2018,04:00,14.122
09/07/2018,05:00,13.93
09/07/2018,06:00,13.786
09/07/2018,07:00,13.642
09/07/2018,08:00,13.57
09/07/2018,09:00,13.594
09/07/2018,10:00,13.762
09/07/2018,11:00,13.882
09/07/2018,12:00,14.002
09/07/2018,13:00,14.098
09/07/2018,14:00,14.314
09/07/2018,15:00,14.505
09/07/2018,16:00,14.721
09/07/2018,17:00,14.888
09/07/2018,18:00,15.031
09/07/2018,19:00,15.103
09/07/2018,20:00,15.103
09/07/2018,21:00,15.175
09/07/2018,22:00,15.127
09/07/2018,23:00,14.96
09/08/2018,00:00,14.888
09/08/2018,01:00,14.888
09/08/2018,02:00,14.864
09/08/2018,03:00,14.745
09/08/2018,04:00,14.601
09/08/2018,05:00,14.481
09/08/2018,06:00,14.409
09/08/2018,07:00,14.242
09/08/2018,08:00,14.098
09/08/2018,09:00,14.074
09/08/2018,10:00,14.146
09/08/2018,11:00,14.29
09/08/2018,12:00,14.433
09/08/2018,13:00,14.529
09/08/2018,14:00,14.625
09/08/2018,15:00,14.816
09/08/2018,16:00,14.912
09/08/2018,17:00,14.984
09/08/2018,18:00,15.031
09/08/2018,19:00,15.055
09/08/2018,20:00,15.151
09/08/2018,21:00,15.175
09/08/2018,22:00,15.103
09/08/2018,23:00,15.055
09/09/2018,00:00,15.008
09/09/2018,01:00,15.008
09/09/2018,02:00,14.96
09/09/2018,03:00,14.888
09/09/2018,04:00,14.697
09/09/2018,05:00,14.553
09/09/2018,06:00,14.361
09/09/2018,07:00,14.242
09/09/2018,08:00,14.098
09/09/2018,09:00,14.098
09/09/2018,10:00,14.17
09/09/2018,11:00,14.218
09/09/2018,12:00,14.337
09/09/2018,13:00,14.409
09/09/2018,14:00,14.601
09/09/2018,15:00,14.792
09/09/2018,16:00,14.912
09/09/2018,17:00,15.103
09/09/2018,18:00,15.247
09/09/2018,19:00,15.485
09/09/2018,20:00,15.485
09/09/2018,21:00,15.318
09/09/2018,22:00,15.175
09/09/2018,23:00,15.127
09/10/2018,00:00,15.055
09/10/2018,01:00,14.864
09/10/2018,02:00,14.721
09/10/2018,03:00,14.529
09/10/2018,04:00,14.314
09/10/2018,05:00,14.17
09/10/2018,06:00,14.026
09/10/2018,07:00,13.81
09/10/2018,08:00,13.69
09/10/2018,09:00,13.714
09/10/2018,10:00,13.834
09/10/2018,11:00,13.978
09/10/2018,12:00,14.122
09/10/2018,13:00,14.242
09/10/2018,14:00,14.505
09/10/2018,15:00,14.864
09/10/2018,16:00,15.127
09/10/2018,17:00,15.223
09/10/2018,18:00,15.199
09/10/2018,19:00,15.199
09/10/2018,20:00,15.079
09/10/2018,21:00,15.031
09/10/2018,22:00,15.031
09/10/2018,23:00,15.031
09/11/2018,00:00,14.936
09/11/2018,01:00,14.745
09/11/2018,02:00,14.505
09/11/2018,03:00,14.29
09/11/2018,04:00,14.098
09/11/2018,05:00,13.93
09/11/2018,06:00,13.738
09/11/2018,07:00,13.642
09/11/2018,08:00,13.57
09/11/2018,09:00,13.642
09/11/2018,10:00,13.834
09/11/2018,11:00,14.026
09/11/2018,12:00,14.17
09/11/2018,13:00,14.29
09/11/2018,14:00,14.457
09/11/2018,15:00,14.721
09/11/2018,16:00,14.888
09/11/2018,17:00,15.008
09/11/2018,18:00,14.984
09/11/2018,19:00,14.936
09/11/2018,20:00,14.888
09/11/2018,21:00,14.864
09/11/2018,22:00,14.792
09/11/2018,23:00,14.625
09/12/2018,00:00,14.481
09/12/2018,01:00,14.242
09/12/2018,02:00,14.05
09/12/2018,03:00,13.858
09/12/2018,04:00,13.762
09/12/2018,05:00,13.642
09/12/2018,06:00,13.546
09/12/2018,07:00,13.449
09/12/2018,08:00,13.329
09/12/2018,09:00,13.305
09/12/2018,10:00,13.377
09/12/2018,11:00,13.546
09/12/2018,12:00,13.738
09/12/2018,13:00,13.906
09/12/2018,14:00,14.098
09/12/2018,15:00,14.29
09/12/2018,16:00,14.505
09/12/2018,17:00,14.816
09/12/2018,18:00,15.055
09/12/2018,19:00,14.984
09/12/2018,20:00,14.816
09/12/2018,21:00,14.792
09/12/2018,22:00,14.601
09/12/2018,23:00,14.385
09/13/2018,00:00,14.17
09/13/2018,01:00,13.978
09/13/2018,02:00,13.762
09/13/2018,03:00,13.594
09/13/2018,04:00,13.473
09/13/2018,05:00,13.329
09/13/2018,06:00,13.233
09/13/2018,07:00,13.185
09/13/2018,08:00,13.209
09/13/2018,09:00,13.233
09/13/2018,10:00,13.329
09/13/2018,11:00,13.425
09/13/2018,12:00,13.522
09/13/2018,13:00,13.618
09/13/2018,14:00,13.906
09/13/2018,15:00,14.29
09/13/2018,16:00,14.697
09/13/2018,17:00,15.031
09/13/2018,18:00,14.816
09/13/2018,19:00,14.601
09/13/2018,20:00,14.529
09/13/2018,21:00,14.481
09/13/2018,22:00,14.457
09/13/2018,23:00,14.409
09/14/2018,00:00,14.314
09/14/2018,01:00,14.05
09/14/2018,02:00,13.882
09/14/2018,03:00,13.642
09/14/2018,04:00,13.473
09/14/2018,05:00,13.257
09/14/2018,06:00,13.088
09/14/2018,07:00,12.944
09/14/2018,08:00,12.847
09/14/2018,09:00,12.871
09/14/2018,10:00,13.064
09/14/2018,11:00,13.305
09/14/2018,12:00,13.497
09/14/2018,13:00,13.666
09/14/2018,14:00,13.834
09/14/2018,15:00,14.098
09/14/2018,16:00,14.457
09/14/2018,17:00,14.649
09/14/2018,18:00,14.553
09/14/2018,19:00,14.337
09/14/2018,20:00,14.29
09/14/2018,21:00,14.242
09/14/2018,22:00,14.002
09/14/2018,23:00,13.738
09/15/2018,00:00,13.546
09/15/2018,01:00,13.353
09/15/2018,02:00,13.112
09/15/2018,03:00,12.968
09/15/2018,04:00,12.775
09/15/2018,05:00,12.582
09/15/2018,06:00,12.485
09/15/2018,07:00,12.364
09/15/2018,08:00,12.437
09/15/2018,09:00,12.558
09/15/2018,10:00,12.871
09/15/2018,11:00,13.112
09/15/2018,12:00,13.281
09/15/2018,13:00,13.425
09/15/2018,14:00,13.642
09/15/2018,15:00,13.834
09/15/2018,16:00,14.05
09/15/2018,17:00,14.361
09/15/2018,18:00,14.457
09/15/2018,19:00,14.433
09/15/2018,20:00,14.146
09/15/2018,21:00,13.882
09/15/2018,22:00,13.666
09/15/2018,23:00,13.473
09/16/2018,00:00,13.257
09/16/2018,01:00,13.04
09/16/2018,02:00,12.847
09/16/2018,03:00,12.799
09/16/2018,04:00,12.654
09/16/2018,05:00,12.558
09/16/2018,06:00,12.437
09/16/2018,07:00,12.292
09/16/2018,08:00,12.243
09/16/2018,09:00,12.34
09/16/2018,10:00,12.485
09/16/2018,11:00,12.63
09/16/2018,12:00,12.799
09/16/2018,13:00,12.92
09/16/2018,14:00,13.257
09/16/2018,15:00,13.546
09/16/2018,16:00,13.882
09/16/2018,17:00,14.266
09/16/2018,18:00,14.29
09/16/2018,19:00,14.218
09/16/2018,20:00,14.122
09/16/2018,21:00,13.906
09/16/2018,22:00,13.642
09/16/2018,23:00,13.353
09/17/2018,00:00,13.088
09/17/2018,01:00,12.871
09/17/2018,02:00,12.678
09/17/2018,03:00,12.509
09/17/2018,04:00,12.316
09/17/2018,05:00,12.147
09/17/2018,06:00,11.977
09/17/2018,07:00,11.832
09/17/2018,08:00,11.734
09/17/2018,09:00,11.734
09/17/2018,10:00,11.904
09/17/2018,11:00,12.122
09/17/2018,12:00,12.316
09/17/2018,13:00,12.461
09/17/2018,14:00,12.968
09/17/2018,15:00,13.473
09/17/2018,16:00,13.834
09/17/2018,17:00,14.218
09/17/2018,18:00,14.29
09/17/2018,19:00,14.194
09/17/2018,20:00,14.002
09/17/2018,21:00,13.81
09/17/2018,22:00,13.546
09/17/2018,23:00,13.209
09/18/2018,00:00,12.944
09/18/2018,01:00,12.703
09/18/2018,02:00,12.437
09/18/2018,03:00,12.171
09/18/2018,04:00,12.001
09/18/2018,05:00,11.783
09/18/2018,06:00,11.589
09/18/2018,07:00,11.443
09/18/2018,08:00,11.321
09/18/2018,09:00,11.297
09/18/2018,10:00,11.492
09/18/2018,11:00,11.686
09/18/2018,12:00,11.929
09/18/2018,13:00,12.074
09/18/2018,14:00,12.509
09/18/2018,15:00,13.161
09/18/2018,16:00,13.473
09/18/2018,17:00,13.762
09/18/2018,18:00,13.882
09/18/2018,19:00,13.786
09/18/2018,20:00,13.473
09/18/2018,21:00,13.185
09/18/2018,22:00,12.896
09/18/2018,23:00,12.606
09/19/2018,00:00,12.34
09/19/2018,01:00,12.098
09/19/2018,02:00,11.88
09/19/2018,03:00,11.71
09/19/2018,04:00,11.54
09/19/2018,05:00,11.346
09/19/2018,06:00,11.2
09/19/2018,07:00,11.029
09/19/2018,08:00,10.932
09/19/2018,09:00,10.907
09/19/2018,10:00,11.102
09/19/2018,11:00,11.37
09/19/2018,12:00,11.589
09/19/2018,13:00,11.734
09/19/2018,14:00,12.316
09/19/2018,15:00,12.654
09/19/2018,16:00,13.04
09/19/2018,17:00,13.449
09/19/2018,18:00,13.449
09/19/2018,19:00,13.209
09/19/2018,20:00,13.088
09/19/2018,21:00,12.847
09/19/2018,22:00,12.606
09/19/2018,23:00,12.34
09/20/2018,00:00,12.074
09/20/2018,01:00,11.856
09/20/2018,02:00,11.662
09/20/2018,03:00,11.492
09/20/2018,04:00,11.346
09/20/2018,05:00,11.175
09/20/2018,06:00,11.005
09/20/2018,07:00,10.834
09/20/2018,08:00,10.736
09/20/2018,09:00,10.761
09/20/2018,10:00,10.883
09/20/2018,11:00,11.224
09/20/2018,12:00,11.516
09/20/2018,13:00,11.71
09/20/2018,14:00,12.05
09/20/2018,15:00,12.437
09/20/2018,16:00,12.751
09/20/2018,17:00,13.016
09/20/2018,18:00,13.185
09/20/2018,19:00,13.016
09/20/2018,20:00,12.751
09/20/2018,21:00,12.509
09/20/2018,22:00,12.243
09/20/2018,23:00,12.001
09/21/2018,00:00,11.783
09/21/2018,01:00,11.589
09/21/2018,02:00,11.37
09/21/2018,03:00,11.224
09/21/2018,04:00,11.078
09/21/2018,05:00,10.907
09/21/2018,06:00,10.712
09/21/2018,07:00,10.565
09/21/2018,08:00,10.443
09/21/2018,09:00,10.467
09/21/2018,10:00,10.59
09/21/2018,11:00,10.81
09/21/2018,12:00,11.005
09/21/2018,13:00,11.151
09/21/2018,14:00,11.565
09/21/2018,15:00,12.025
09/21/2018,16:00,12.485
09/21/2018,17:00,12.871
09/21/2018,18:00,13.04
09/21/2018,19:00,12.871
09/21/2018,20:00,12.534
09/21/2018,21:00,12.243
09/21/2018,22:00,11.977
09/21/2018,23:00,11.71
09/22/2018,00:00,11.443
09/22/2018,01:00,11.224
09/22/2018,02:00,11.029
09/22/2018,03:00,10.834
09/22/2018,04:00,10.712
09/22/2018,05:00,10.638
09/22/2018,06:00,10.614
09/22/2018,07:00,10.59
09/22/2018,08:00,10.565
09/22/2018,09:00,10.614
09/22/2018,10:00,10.614
09/22/2018,11:00,10.663
09/22/2018,12:00,10.712
09/22/2018,13:00,10.736
09/22/2018,14:00,10.736
09/22/2018,15:00,10.761
09/22/2018,16:00,10.834
09/22/2018,17:00,10.907
09/22/2018,18:00,10.932
09/22/2018,19:00,10.932
09/22/2018,20:00,10.907
09/22/2018,21:00,10.883
09/22/2018,22:00,10.858
09/22/2018,23:00,10.858
09/23/2018,00:00,10.834
09/23/2018,01:00,10.81
09/23/2018,02:00,10.81
09/23/2018,03:00,10.81
09/23/2018,04:00,10.81
09/23/2018,05:00,10.785
09/23/2018,06:00,10.736
09/23/2018,07:00,10.712
09/23/2018,08:00,10.736
09/23/2018,09:00,10.761
09/23/2018,10:00,10.834
09/23/2018,11:00,10.98
09/23/2018,12:00,11.053
09/23/2018,13:00,11.175
09/23/2018,14:00,11.321
09/23/2018,15:00,11.54
09/23/2018,16:00,11.734
09/23/2018,17:00,12.122
09/23/2018,18:00,12.243
09/23/2018,19:00,12.074
09/23/2018,20:00,11.929
09/23/2018,21:00,11.832
09/23/2018,22:00,11.783
09/23/2018,23:00,11.71
09/24/2018,00:00,11.516
09/24/2018,01:00,11.297
09/24/2018,02:00,11.2
09/24/2018,03:00,11.175
09/24/2018,04:00,11.127
09/24/2018,05:00,11.053
09/24/2018,06:00,11.005
09/24/2018,07:00,11.005
09/24/2018,08:00,10.98
09/24/2018,09:00,11.005
09/24/2018,10:00,11.053
09/24/2018,11:00,11.102
09/24/2018,12:00,11.127
09/24/2018,13:00,11.2
09/24/2018,14:00,11.2
09/24/2018,15:00,11.224
09/24/2018,16:00,11.2
09/24/2018,17:00,11.175
09/24/2018,18:00,11.175
09/24/2018,19:00,11.175
09/24/2018,20:00,11.2
09/24/2018,21:00,11.2
09/24/2018,22:00,11.151
09/24/2018,23:00,11.127
09/25/2018,00:00,11.053
09/25/2018,01:00,10.98
09/25/2018,02:00,10.98
09/25/2018,03:00,10.956
09/25/2018,04:00,10.907
09/25/2018,05:00,10.834
09/25/2018,06:00,10.81
09/25/2018,07:00,10.736
09/25/2018,08:00,10.687
09/25/2018,09:00,10.712
09/25/2018,10:00,10.761
09/25/2018,11:00,10.81
09/25/2018,12:00,10.907
09/25/2018,13:00,10.98
09/25/2018,14:00,11.053
09/25/2018,15:00,11.127
09/25/2018,16:00,11.2
09/25/2018,17:00,11.248
09/25/2018,18:00,11.273
09/25/2018,19:00,11.321
09/25/2018,20:00,11.321
09/25/2018,21:00,11.175
09/25/2018,22:00,10.98
09/25/2018,23:00,10.858
09/26/2018,00:00,10.712
09/26/2018,01:00,10.565
09/26/2018,02:00,10.443
09/26/2018,03:00,10.296
09/26/2018,04:00,10.149
09/26/2018,05:00,10.026
09/26/2018,06:00,9.977
09/26/2018,07:00,9.879
09/26/2018,08:00,9.805
09/26/2018,09:00,9.829
09/26/2018,10:00,9.952
09/26/2018,11:00,10.1
09/26/2018,12:00,10.32
09/26/2018,13:00,10.516
09/26/2018,14:00,10.638
09/26/2018,15:00,10.81
09/26/2018,16:00,10.883
09/26/2018,17:00,11.078
09/26/2018,18:00,11.224
09/26/2018,19:00,11.346
09/26/2018,20:00,11.419
09/26/2018,21:00,11.321
09/26/2018,22:00,11.175
09/26/2018,23:00,11.005
09/27/2018,00:00,10.883
09/27/2018,01:00,10.761
09/27/2018,02:00,10.663
09/27/2018,03:00,10.59
09/27/2018,04:00,10.492
09/27/2018,05:00,10.418
09/27/2018,06:00,10.32
09/27/2018,07:00,10.247
09/27/2018,08:00,10.198
09/27/2018,09:00,10.198
09/27/2018,10:00,10.247
09/27/2018,11:00,10.345
09/27/2018,12:00,10.443
09/27/2018,13:00,10.541
09/27/2018,14:00,10.638
09/27/2018,15:00,10.712
09/27/2018,16:00,10.736
09/27/2018,17:00,10.761
09/27/2018,18:00,10.785
09/27/2018,19:00,10.81
09/27/2018,20:00,10.81
09/27/2018,21:00,10.81
09/27/2018,22:00,10.81
09/27/2018,23:00,10.785
09/28/2018,00:00,10.761
09/28/2018,01:00,10.736
09/28/2018,02:00,10.712
09/28/2018,03:00,10.687
09/28/2018,04:00,10.663
09/28/2018,05:00,10.638
09/28/2018,06:00,10.614
09/28/2018,07:00,10.565
09/28/2018,08:00,10.541
09/28/2018,09:00,10.541
09/28/2018,10:00,10.565
09/28/2018,11:00,10.59
09/28/2018,12:00,10.663
09/28/2018,13:00,10.712
09/28/2018,14:00,10.761
09/28/2018,15:00,10.81
09/28/2018,16:00,10.834
09/28/2018,17:00,10.858
09/28/2018,18:00,10.907
09/28/2018,19:00,10.907
09/28/2018,20:00,10.932
09/28/2018,21:00,10.932
09/28/2018,22:00,10.883
09/28/2018,23:00,10.81
09/29/2018,00:00,10.736
09/29/2018,01:00,10.614
09/29/2018,02:00,10.565
09/29/2018,03:00,10.467
09/29/2018,04:00,10.345
09/29/2018,05:00,10.198
09/29/2018,06:00,10.075
09/29/2018,07:00,9.928
09/29/2018,08:00,9.78
09/29/2018,09:00,9.706
09/29/2018,10:00,9.756
09/29/2018,11:00,9.903
09/29/2018,12:00,10.026
09/29/2018,13:00,10.149
09/29/2018,14:00,10.32
09/29/2018,15:00,10.663
09/29/2018,16:00,10.907
09/29/2018,17:00,11.321
09/29/2018,18:00,11.37
09/29/2018,19:00,11.37
09/29/2018,20:00,11.151
09/29/2018,21:00,11.029
09/29/2018,22:00,10.932
09/29/2018,23:00,10.858
09/30/2018,00:00,10.614
09/30/2018,01:00,10.418
09/30/2018,02:00,10.271
09/30/2018,03:00,10.149
09/30/2018,04:00,9.952
09/30/2018,05:00,9.854
09/30/2018,06:00,9.731
09/30/2018,07:00,9.558
09/30/2018,08:00,9.41
09/30/2018,09:00,9.386
09/30/2018,10:00,9.46
09/30/2018,11:00,9.657
09/30/2018,12:00,9.78
09/30/2018,13:00,9.903
09/30/2018,14:00,10.051
09/30/2018,15:00,10.32
09/30/2018,16:00,10.565
09/30/2018,17:00,10.761
09/30/2018,18:00,10.81
09/30/2018,19:00,10.834
09/30/2018,20:00,10.834
09/30/2018,21:00,10.761
09/30/2018,22:00,10.663
09/30/2018,23:00,10.467
10/01/2018,00:00,10.247
10/01/2018,01:00,10.001
10/01/2018,02:00,9.829
10/01/2018,03:00,9.706
10/01/2018,04:00,9.509
10/01/2018,05:00,9.336
10/01/2018,06:00,9.238
10/01/2018,07:00,9.163
10/01/2018,08:00,8.99
10/01/2018,09:00,8.941
10/01/2018,10:00,9.04
10/01/2018,11:00,9.213
10/01/2018,12:00,9.336
10/01/2018,13:00,9.509
10/01/2018,14:00,9.756
10/01/2018,15:00,9.977
10/01/2018,16:00,10.443
10/01/2018,17:00,10.858
10/01/2018,18:00,11.029
10/01/2018,19:00,10.956
10/01/2018,20:00,10.761
10/01/2018,21:00,10.541
10/01/2018,22:00,10.394
10/01/2018,23:00,10.222
10/02/2018,00:00,10.124
10/02/2018,01:00,9.977
10/02/2018,02:00,9.78
10/02/2018,03:00,9.583
10/02/2018,04:00,9.435
10/02/2018,05:00,9.262
10/02/2018,06:00,9.139
10/02/2018,07:00,8.99
10/02/2018,08:00,8.891
10/02/2018,09:00,8.841
10/02/2018,10:00,8.941
10/02/2018,11:00,9.089
10/02/2018,12:00,9.238
10/02/2018,13:00,9.361
10/02/2018,14:00,9.509
10/02/2018,15:00,9.657
10/02/2018,16:00,9.805
10/02/2018,17:00,9.903
10/02/2018,18:00,9.977
10/02/2018,19:00,10.124
10/02/2018,20:00,10.051
10/02/2018,21:00,9.879
10/02/2018,22:00,9.706
10/02/2018,23:00,9.534
10/03/2018,00:00,9.361
10/03/2018,01:00,9.238
10/03/2018,02:00,9.114
10/03/2018,03:00,9.04
10/03/2018,04:00,8.965
10/03/2018,05:00,8.99
10/03/2018,06:00,8.965
10/03/2018,07:00,8.916
10/03/2018,08:00,8.817
10/03/2018,09:00,8.767
10/03/2018,10:00,8.841
10/03/2018,11:00,8.916
10/03/2018,12:00,9.089
10/03/2018,13:00,9.213
10/03/2018,14:00,9.312
10/03/2018,15:00,9.46
10/03/2018,16:00,9.632
10/03/2018,17:00,9.756
10/03/2018,18:00,9.903
10/03/2018,19:00,9.928
10/03/2018,20:00,9.731
10/03/2018,21:00,9.608
10/03/2018,22:00,9.558
10/03/2018,23:00,9.534
10/04/2018,00:00,9.485
10/04/2018,01:00,9.46
10/04/2018,02:00,9.41
10/04/2018,03:00,9.336
10/04/2018,04:00,9.287
10/04/2018,05:00,9.163
10/04/2018,06:00,9.114
10/04/2018,07:00,9.114
10/04/2018,08:00,9.089
10/04/2018,09:00,9.04
10/04/2018,10:00,9.04
10/04/2018,11:00,9.064
10/04/2018,12:00,9.089
10/04/2018,13:00,9.163
10/04/2018,14:00,9.188
10/04/2018,15:00,9.238
10/04/2018,16:00,9.287
10/04/2018,17:00,9.287
10/04/2018,18:00,9.262
10/04/2018,19:00,9.238
10/04/2018,20:00,9.213
10/04/2018,21:00,9.163
10/04/2018,22:00,9.139
10/04/2018,23:00,9.114
10/05/2018,00:00,9.089
10/05/2018,01:00,9.064
10/05/2018,02:00,9.015
10/05/2018,03:00,8.99
10/05/2018,04:00,8.965
10/05/2018,05:00,8.941
10/05/2018,06:00,8.916
10/05/2018,07:00,8.916
10/05/2018,08:00,8.916
10/05/2018,09:00,8.941
10/05/2018,10:00,8.99
10/05/2018,11:00,9.064
10/05/2018,12:00,9.188
10/05/2018,13:00,9.262
10/05/2018,14:00,9.336
10/05/2018,15:00,9.386
10/05/2018,16:00,9.435
10/05/2018,17:00,9.485
10/05/2018,18:00,9.534
10/05/2018,19:00,9.534
10/05/2018,20:00,9.558
10/05/2018,21:00,9.583
10/05/2018,22:00,9.632
10/05/2018,23:00,9.657
10/06/2018,00:00,9.632
10/06/2018,01:00,9.632
10/06/2018,02:00,9.632
10/06/2018,03:00,9.608
10/06/2018,04:00,9.583
10/06/2018,05:00,9.558
10/06/2018,06:00,9.534
10/06/2018,07:00,9.509
10/06/2018,08:00,9.46
10/06/2018,09:00,9.46
10/06/2018,10:00,9.485
10/06/2018,11:00,9.534
10/06/2018,12:00,9.608
10/06/2018,13:00,9.657
10/06/2018,14:00,9.731
10/06/2018,15:00,9.78
10/06/2018,16:00,9.829
10/06/2018,17:00,9.879
10/06/2018,18:00,10.1
10/06/2018,19:00,10.173
10/06/2018,20:00,10.124
10/06/2018,21:00,10.051
10/06/2018,22:00,10.001
10/06/2018,23:00,9.952
10/07/2018,00:00,9.879
10/07/2018,01:00,9.829
10/07/2018,02:00,9.706
10/07/2018,03:00,9.608
10/07/2018,04:00,9.558
10/07/2018,05:00,9.485
10/07/2018,06:00,9.435
10/07/2018,07:00,9.386
10/07/2018,08:00,9.336
10/07/2018,09:00,9.312
10/07/2018,10:00,9.336
10/07/2018,11:00,9.435
10/07/2018,12:00,9.509
10/07/2018,13:00,9.608
10/07/2018,14:00,9.731
10/07/2018,15:00,9.829
10/07/2018,16:00,9.903
10/07/2018,17:00,10.026
10/07/2018,18:00,10.051
10/07/2018,19:00,10.075
10/07/2018,20:00,10.149
10/07/2018,21:00,10.247
10/07/2018,22:00,10.149
10/07/2018,23:00,10.1
10/08/2018,00:00,10.051
10/08/2018,01:00,10.026
10/08/2018,02:00,9.952
10/08/2018,03:00,9.879
10/08/2018,04:00,9.829
10/08/2018,05:00,9.756
10/08/2018,06:00,9.632
10/08/2018,07:00,9.534
10/08/2018,08:00,9.41
10/08/2018,09:00,9.312
10/08/2018,10:00,9.238
10/08/2018,11:00,9.312
10/08/2018,12:00,9.386
10/08/2018,13:00,9.435
10/08/2018,14:00,9.485
10/08/2018,15:00,9.608
10/08/2018,16:00,9.706
10/08/2018,17:00,9.829
10/08/2018,18:00,10.026
10/08/2018,19:00,10.026
10/08/2018,20:00,9.854
10/08/2018,21:00,9.706
10/08/2018,22:00,9.509
10/08/2018,23:00,9.312
10/09/2018,00:00,9.213
10/09/2018,01:00,9.114
10/09/2018,02:00,9.04
10/09/2018,03:00,8.965
10/09/2018,04:00,8.891
10/09/2018,05:00,8.841
10/09/2018,06:00,8.792
10/09/2018,07:00,8.742
10/09/2018,08:00,8.693
10/09/2018,09:00,8.643
10/09/2018,10:00,8.693
10/09/2018,11:00,8.817
10/09/2018,12:00,8.965
10/09/2018,13:00,9.089
10/09/2018,14:00,9.238
10/09/2018,15:00,9.336
10/09/2018,16:00,9.386
10/09/2018,17:00,9.435
10/09/2018,18:00,9.534
10/09/2018,19:00,9.485
10/09/2018,20:00,9.336
10/09/2018,21:00,9.213
10/09/2018,22:00,9.089
10/09/2018,23:00,8.941
10/10/2018,00:00,8.841
10/10/2018,01:00,8.792
10/10/2018,02:00,8.742
10/10/2018,03:00,8.742
10/10/2018,04:00,8.717
10/10/2018,05:00,8.693
10/10/2018,06:00,8.668
10/10/2018,07:00,8.643
10/10/2018,08:00,8.643
10/10/2018,09:00,8.643
10/10/2018,10:00,8.668
10/10/2018,11:00,8.668
10/10/2018,12:00,8.643
10/10/2018,13:00,8.643
10/10/2018,14:00,8.618
10/10/2018,15:00,8.618
10/10/2018,16:00,8.643
10/10/2018,17:00,8.668
10/10/2018,18:00,8.693
10/10/2018,19:00,8.693
10/10/2018,20:00,8.693
10/10/2018,21:00,8.693
10/10/2018,22:00,8.717
10/10/2018,23:00,8.717
10/11/2018,00:00,8.717
10/11/2018,01:00,8.693
10/11/2018,02:00,8.668
10/11/2018,03:00,8.643
10/11/2018,04:00,8.618
10/11/2018,05:00,8.494
10/11/2018,06:00,8.444
10/11/2018,07:00,8.319
10/11/2018,08:00,8.245
10/11/2018,09:00,8.195
10/11/2018,10:00,8.195
