"","date_time","avgTemp","stdTemp"
"1",2006-01-01,-11.36005859375,4.71691279516122
"2",2006-02-01,-8.42744140625,3.76043340621139
"3",2006-03-01,-9.179296875,3.89275155802659
"4",2006-04-01,-4.95869140625,2.64912350352546
"5",2006-05-01,-0.46396484375,1.26341177117281
"6",2006-06-01,2.34375,1.58008530065927
"7",2006-07-01,4.7001953125,2.32422841530437
"8",2006-08-01,5.49912109375,2.27747358472226
"9",2006-09-01,3.670703125,2.21394311234098
"10",2006-10-01,-1.31982421875,1.78973664710232
"11",2006-11-01,-8.60908203125,5.55089036770295
"12",2006-12-01,-11.49765625,4.10314652985342
"13",2007-01-01,-10.8427734375,2.5784105958317
"14",2007-02-01,-14.35927734375,4.85703075105478
"15",2007-03-01,-11.5990234375,2.5761101840736
"16",2007-04-01,-4.834375,1.22920099415233
"17",2007-05-01,-1.0216796875,0.8802435813332
"18",2007-06-01,1.832421875,1.45618820095683
"19",2007-07-01,4.03134765625,2.45392741627649
"20",2007-08-01,5.63056640625,2.80325663604929
"21",2007-09-01,2.88994140625,1.88342089885493
"22",2007-10-01,-3.6484375,3.22703540980671
"23",2007-11-01,-8.20703125,2.7764067466441
"24",2007-12-01,-12.53798828125,2.63173692858692
"25",2008-01-01,-12.043359375,6.06842290378965
"26",2008-02-01,-10.23720703125,3.48898791495253
"27",2008-03-01,-10.60234375,2.60901310099535
"28",2008-04-01,-7.4470703125,4.34505505369773
"29",2008-05-01,-1.37060546875,1.15375588884523
"30",2008-06-01,1.59912109375,1.2002590332553
"31",2008-07-01,4.51259765625,2.71299375736706
"32",2008-08-01,5.18818359375,2.72586485139046
"33",2008-09-01,2.2767578125,1.56043321696639
"34",2008-10-01,-2.92626953125,2.6162928227116
"35",2008-11-01,-7.23935546875,3.24376136583425
"36",2008-12-01,-9.05791015625,3.53353513975058
"37",2009-01-01,-15.0828125,5.91615765670015
"38",2009-02-01,-9.76865234375,4.05629438713303
"39",2009-03-01,-9.4138671875,2.74054753459742
"40",2009-04-01,-4.69677734375,2.04436051805742
"41",2009-05-01,-1.0326171875,1.13551681963436
"42",2009-06-01,2.00712890625,1.39212957133955
"43",2009-07-01,3.91240234375,1.86890908665931
"44",2009-08-01,4.510546875,2.28943297679538
"45",2009-09-01,3.1845703125,2.23093242172027
"46",2009-10-01,-2.9986328125,2.60929724094573
"47",2009-11-01,-6.768359375,4.18303640661919
"48",2009-12-01,-11.140625,2.53321843472308
"49",2010-01-01,-9.65078125,4.16754612097302
"50",2010-02-01,-9.03935546875,3.95877817030215
"51",2010-03-01,-8.744921875,4.02484954910838
"52",2010-04-01,-5.09326171875,2.06859303852495
"53",2010-05-01,-0.922265625,1.0058115676004
"54",2010-06-01,1.97080078125,1.20658242976622
"55",2010-07-01,4.08818359375,1.97117296374611
"56",2010-08-01,4.755859375,2.20642784969958
"57",2010-09-01,3.24296875,1.82490804547995
"58",2010-10-01,-1.687890625,2.35005108211902
"59",2010-11-01,-5.17568359375,4.852892869806
"60",2010-12-01,-7.99150390625,4.03822206221882
"61",2011-01-01,-9.1900390625,3.23939659831589
"62",2011-02-01,-9.5837890625,3.96681321778972
"63",2011-03-01,-10.7373046875,1.89037069776974
"64",2011-04-01,-4.98720703125,1.53812830285018
"65",2011-05-01,-0.615234375,1.56486095500055
"66",2011-06-01,2.13701171875,1.29611923890705
"67",2011-07-01,5.270703125,2.47515359695207
"68",2011-08-01,5.4625,2.9199871671444
"69",2011-09-01,3.2974609375,2.46168790056958
"70",2011-10-01,-2.0318359375,2.22614790776418
"71",2011-11-01,-9.1611328125,3.49002989383636
"72",2011-12-01,-9.26572265625,3.77665686355535
"73",2012-01-01,-12.398828125,3.71555622772604
"74",2012-02-01,-8.15205078125,1.49957206061146
"75",2012-03-01,-8.72431640625,3.83345200313486
"76",2012-04-01,-6.00390625,2.31781677678184
"77",2012-05-01,-0.70185546875,0.524075611657916
"78",2012-06-01,1.9759765625,1.18097883427785
"79",2012-07-01,4.2958984375,1.94230804546657
"80",2012-08-01,5.85166015625,2.87049222819671
"81",2012-09-01,2.63037109375,2.43749488112735
"82",2012-10-01,-1.98388671875,2.57623452897773
"83",2012-11-01,-5.31943359375,2.00513358104797
"84",2012-12-01,-10.33994140625,4.26340727113899
"85",2013-01-01,-7.3318359375,3.33118559628167
"86",2013-02-01,-11.08818359375,4.0184723519035
"87",2013-03-01,-8.98046875,2.47033447410273
"88",2013-04-01,-3.74560546875,1.4355068117579
"89",2013-05-01,-0.40439453125,0.832849292049782
"90",2013-06-01,2.022265625,1.37566966693989
"91",2013-07-01,4.2826171875,1.88115840448087
"92",2013-08-01,5.32314453125,2.63241464266973
"93",2013-09-01,3.02578125,2.08754285614834
"94",2013-10-01,-1.44501953125,2.34970620169778
"95",2013-11-01,-7.20498046875,2.77666273010695
"96",2013-12-01,-9.99716796875,3.37246591541814
"97",2014-01-01,-12.4447265625,3.94457703369042
"98",2014-02-01,-13.727734375,2.75893571774035
"99",2014-03-01,-9.85693359375,3.00547175847834
"100",2014-04-01,-6.08564453125,2.7767467850983
"101",2014-05-01,-0.738671875,0.991428109333755
"102",2014-06-01,2.5736328125,1.69843901729974
"103",2014-07-01,4.94892578125,2.67783698570075
"104",2014-08-01,6.4421875,2.46778886544748
"105",2014-09-01,3.65595703125,2.23426027989006
"106",2014-10-01,-1.494921875,1.75005084978129
"107",2014-11-01,-4.77890625,2.05810284681896
"108",2014-12-01,-7.9265625,2.73609149837618
"109",2015-01-01,-9.3240234375,2.72780444289065
"110",2015-02-01,-8.99541015625,4.80303052165245
"111",2015-03-01,-9.5376953125,2.70710735253827
"112",2015-04-01,-3.483984375,2.03023657403169
"113",2015-05-01,0.02021484375,1.37665997498174
"114",2015-06-01,2.36826171875,1.39578986788207
"115",2015-07-01,4.47216796875,2.00592557951997
"116",2015-08-01,5.6431640625,2.086980866572
"117",2015-09-01,3.4025390625,1.92947584493837
"118",2015-10-01,-1.3970703125,1.71169286859522
"119",2015-11-01,-6.5865234375,3.17364349756798
"120",2015-12-01,-9.09384765625,2.73687484353653
"121",2016-01-01,-8.7123046875,5.68350014241357
"122",2016-02-01,-8.3880859375,5.18733762923597
"123",2016-03-01,-8.803515625,5.5754361417783
"124",2016-04-01,-4.03056640625,2.27081518370115
"125",2016-05-01,0.4697265625,1.42945119622357
"126",2016-06-01,2.63115234375,1.63933901487268
"127",2016-07-01,5.79970703125,3.0047676367126
"128",2016-08-01,5.8521484375,2.69312422176663
"129",2016-09-01,2.86220703125,2.1035943817347
"130",2016-10-01,-1.82607421875,2.15530288461844
"131",2016-11-01,-7.7025390625,3.25311065875876
"132",2016-12-01,-10.12734375,3.97195431236344
"133",2017-01-01,-12.137890625,5.95350205325117
"134",2017-02-01,-12.6451171875,2.35009387214335
"135",2017-03-01,-9.66240234375,4.07903156751678
"136",2017-04-01,-5.56787109375,2.35559395477898
"137",2017-05-01,-0.6853515625,0.987859333830416
"138",2017-06-01,2.01826171875,1.05651677240772
"139",2017-07-01,4.455859375,1.86934775180671
"140",2017-08-01,5.38681640625,2.47961209994534
"141",2017-09-01,3.68603515625,1.62955912865395
"142",2017-10-01,-0.62060546875,2.08552874283967
"143",2017-11-01,-8.717578125,4.89602203654785
"144",2017-12-01,-6.47578125,1.86597251928368
"145",2018-01-01,-9.95390625,5.11756172759577
"146",2018-02-01,-12.066796875,5.05685627638197
"147",2018-03-01,-9.81181640625,3.54815546300991
"148",2018-04-01,-4.58515625,1.39826812191972
"149",2018-05-01,-0.73173828125,0.71878185109501
"150",2018-06-01,1.860546875,1.17831156968194
"151",2018-07-01,3.61396484375,1.85996782129179
"152",2018-08-01,4.9669921875,2.26398285382791
"153",2018-09-01,3.4685546875,2.63971717372713
"154",2018-10-01,-2.35390625,3.43507241582571
"155",2018-11-01,-6.5041015625,4.41581083918904
"156",2018-12-01,-10.7837890625,4.85862741338211
"157",2019-01-01,-11.3974609375,4.38931635023735
"158",2019-02-01,-13.17119140625,5.55514209363763
"159",2019-03-01,-12.53017578125,3.73315828259245
"160",2019-04-01,-5.7087890625,2.0630230378503
"161",2019-05-01,-0.65390625,1.14535079505763
"162",2019-06-01,1.8484375,1.34014438806499
"163",2019-07-01,4.36162109375,1.94607092300627
"164",2019-08-01,5.64814453125,2.79813228599129
"165",2019-09-01,3.81533203125,1.88379721597204
"166",2019-10-01,-2.7728515625,3.0598903341041
"167",2019-11-01,-7.6619140625,2.80987583892185
"168",2019-12-01,-8.91142578125,2.54420444762433
"169",2020-01-01,-10.51103515625,5.38756457056785
"170",2020-02-01,-9.5111328125,5.19661640220412
"171",2020-03-01,-6.38720703125,1.56881747292772
"172",2020-04-01,-4.59345703125,1.44165676826504
"173",2020-05-01,-0.0837890625,0.634426458533988
"174",2020-06-01,2.71669921875,1.61373350358748
"175",2020-07-01,5.771875,2.75388090081418
"176",2020-08-01,6.88251953125,2.91957575906706
"177",2020-09-01,3.65078125,2.11542879688331
"178",2020-10-01,-1.64814453125,2.20845569055697
"179",2020-11-01,-6.14375,2.51386121965312
"180",2020-12-01,-9.39189453125,3.41418699051619
"181",2021-01-01,-9.076171875,3.98179752531351
"182",2021-02-01,-8.089453125,4.57919173414585
"183",2021-03-01,-6.33359375,3.86286563726982
"184",2021-04-01,-4.47744140625,2.29412268377863
"185",2021-05-01,0.07724609375,0.791609972881327
"186",2021-06-01,2.3296875,1.07027479911298
"187",2021-07-01,4.90146484375,2.25465920614794
"188",2021-08-01,6.416796875,2.91649314000869
"189",2021-09-01,3.82998046875,1.83339601178387
"190",2021-10-01,-1.00634765625,1.71786002805391
"191",2021-11-01,-7.33037109375,2.65579235846857
"192",2021-12-01,-9.6724609375,2.42935660106628
"193",2022-01-01,-11.4798828125,3.83644799010041
"194",2022-02-01,-10.3638671875,2.73889175408011
"195",2022-03-01,-5.41298828125,2.77040125219461
"196",2022-04-01,-4.57294921875,2.22587071073058
"197",2022-05-01,0.22138671875,1.30504530050577
"198",2022-06-01,2.2673828125,1.17090733340669
"199",2022-07-01,4.2751953125,2.09441641202201
"200",2022-08-01,5.613671875,2.32027693356229
"201",2022-09-01,4.328515625,2.62818441849232
"202",2022-10-01,-1.0134765625,2.61964604381918
"203",2022-11-01,-9.293359375,3.16739375818685
"204",2022-12-01,-12.5998046875,5.90250544539391
"205",2023-01-01,-11.1798828125,4.63775732943622
"206",2023-02-01,-10.630078125,7.41664757601106
"207",2023-03-01,-7.86513671875,4.26563432666844
"208",2023-04-01,-4.5099609375,1.6343845617575
"209",2023-05-01,-0.4875,0.851347922880962
"210",2023-06-01,1.91337890625,1.21591117168729
"211",2023-07-01,4.919140625,2.26987321720851
"212",2023-08-01,5.82763671875,2.77418595365094
"213",2023-09-01,3.8017578125,2.41209584454145
"214",2023-10-01,-1.5443359375,1.98888344695888
"215",2023-11-01,-7.65615234375,2.33922615936877
"216",2023-12-01,-11.1658203125,3.16448396782475
"217",2024-01-01,-13.8892578125,3.0146082506466
"218",2024-02-01,-10.32119140625,5.77474539004224
"219",2024-03-01,-7.38818359375,3.08126594207471
"220",2024-04-01,-5.2462890625,1.42340369390865
"221",2024-05-01,-0.64150390625,1.01270859588115
"222",2024-06-01,2.6548828125,1.59740719521181
"223",2024-07-01,4.9736328125,2.33769907565451
"224",2024-08-01,6.0572265625,2.37575015886396
"225",2024-09-01,3.06201171875,2.65753542645505
"226",2024-10-01,-1.22099609375,1.39011559841981
"227",2024-11-01,-6.76591796875,3.02851592485311
"228",2024-12-01,-8.9353515625,2.59232090974675
"229",2025-01-01,-7.51435546875,4.39903774167219
"230",2025-02-01,-9.53388671875,6.58728523668378
"231",2025-03-01,-9.29970703125,3.63347600750088
"232",2025-04-01,-5.34931640625,1.78895825744513
"233",2025-05-01,0.20126953125,0.976425494946855
"234",2025-06-01,2.70966796875,1.3799834484453
"235",2025-07-01,5.3640625,2.49814086450918
"236",2025-08-01,6.71708984375,2.42409806798882
"237",2025-09-01,3.244140625,2.24627230759162
"238",2025-10-01,-0.8021484375,2.13430872513764
"239",2025-11-01,-7.0923828125,2.76757529937664
"240",2025-12-01,-9.1796875,7.56607174488157
"241",2026-01-01,-10.2923828125,5.49778059675027
"242",2026-02-01,-9.71396484375,2.68650406907865
"243",2026-03-01,-7.6181640625,2.91573863932963
"244",2026-04-01,-2.76171875,2.15216202765893
"245",2026-05-01,0.20146484375,1.21231912965856
"246",2026-06-01,2.4505859375,1.24038629250567
"247",2026-07-01,4.07548828125,1.8370609563392
"248",2026-08-01,5.65322265625,2.52736125234433
"249",2026-09-01,3.93642578125,2.10401414626893
"250",2026-10-01,-1.65517578125,1.74050857090632
"251",2026-11-01,-8.6412109375,2.34512841049091
"252",2026-12-01,-5.69814453125,3.58373883488721
"253",2027-01-01,-9.69599609375,6.09157128231101
"254",2027-02-01,-8.63564453125,6.34388847930714
"255",2027-03-01,-6.114453125,4.54206512289815
"256",2027-04-01,-3.32958984375,2.51336143702235
"257",2027-05-01,0.34775390625,1.4094549471709
"258",2027-06-01,2.8689453125,1.67785221268769
"259",2027-07-01,5.7033203125,3.07690628634053
"260",2027-08-01,6.41494140625,2.58776624643783
"261",2027-09-01,3.91171875,2.12058808333282
"262",2027-10-01,-1.1583984375,1.43147450943858
"263",2027-11-01,-4.77275390625,2.39466024455503
"264",2027-12-01,-8.97646484375,2.92451860464107
"265",2028-01-01,-8.50732421875,3.39242086593249
"266",2028-02-01,-8.2537109375,4.95876436043019
"267",2028-03-01,-8.1484375,1.59920987647147
"268",2028-04-01,-3.16748046875,1.3091378923148
"269",2028-05-01,-0.32880859375,0.966599465369167
"270",2028-06-01,2.47529296875,1.27369501569437
"271",2028-07-01,5.00048828125,2.29991843267828
"272",2028-08-01,6.02197265625,2.37985296956381
"273",2028-09-01,3.15576171875,2.03294780234332
"274",2028-10-01,-0.17822265625,1.75243258569254
"275",2028-11-01,-3.43896484375,2.52255468735415
"276",2028-12-01,-9.2037109375,3.93098231059384
"277",2029-01-01,-10.615625,7.22986354199039
"278",2029-02-01,-8.55791015625,5.03356732904544
"279",2029-03-01,-6.5923828125,3.43862206843568
"280",2029-04-01,-4.3009765625,2.27312541857363
"281",2029-05-01,-0.0989257812499999,1.0673545735168
"282",2029-06-01,2.8150390625,1.6025333561222
"283",2029-07-01,5.16533203125,2.51312717561929
"284",2029-08-01,6.6005859375,2.87843500861539
"285",2029-09-01,3.95458984375,2.19460893838031
"286",2029-10-01,-1.56328125,2.80156742910365
"287",2029-11-01,-6.6580078125,3.56190309636208
"288",2029-12-01,-8.44755859375,4.02263412734567
"289",2030-01-01,-8.05625,3.74012751538131
"290",2030-02-01,-10.46640625,7.57347494845896
"291",2030-03-01,-7.1037109375,2.41328973839657
"292",2030-04-01,-3.91787109375,2.24699561311612
"293",2030-05-01,0.07294921875,1.06086436016281
"294",2030-06-01,2.6345703125,1.44712275779322
"295",2030-07-01,5.5845703125,2.52877788205462
"296",2030-08-01,5.92177734375,2.06870835317723
"297",2030-09-01,4.2099609375,2.07654947136947
"298",2030-10-01,-0.40830078125,1.69698630901252
"299",2030-11-01,-8.28076171875,3.51707885068233
"300",2030-12-01,-10.96748046875,3.92744909686136
"301",2031-01-01,-8.78818359375,3.13127409891249
"302",2031-02-01,-8.34951171875,3.43131392912921
"303",2031-03-01,-9.42255859375,4.84411755442271
"304",2031-04-01,-4.13291015625,2.03230508382446
"305",2031-05-01,-0.11220703125,1.15210118846152
"306",2031-06-01,2.68232421875,1.5152809163236
"307",2031-07-01,5.79580078125,2.93951417123822
"308",2031-08-01,6.8203125,2.78676699060792
"309",2031-09-01,3.7322265625,3.20368752603074
"310",2031-10-01,-2.640625,2.15080657733453
"311",2031-11-01,-5.81875,3.39965253562919
"312",2031-12-01,-8.12509765625,2.27822524252683
"313",2032-01-01,-12.587890625,2.15901981664628
"314",2032-02-01,-9.86982421875,3.98142286451366
"315",2032-03-01,-9.3890625,2.73762313279407
"316",2032-04-01,-4.82265625,1.73343748122108
"317",2032-05-01,-0.3458984375,1.12433659337439
"318",2032-06-01,2.54501953125,1.62629507575906
"319",2032-07-01,5.6958984375,3.18372143282
"320",2032-08-01,6.26826171875,2.89631930694245
"321",2032-09-01,3.23916015625,2.16201314033313
"322",2032-10-01,-0.96533203125,1.85869529688662
"323",2032-11-01,-7.203125,3.81563857223064
"324",2032-12-01,-6.6806640625,1.76824864267701
"325",2033-01-01,-10.4681640625,3.07733079332349
"326",2033-02-01,-7.90048828125,3.19415457714197
"327",2033-03-01,-9.26005859375,3.46539963682307
"328",2033-04-01,-3.6689453125,1.69104924201718
"329",2033-05-01,-0.27646484375,1.2293619507226
"330",2033-06-01,2.51591796875,1.54258529168981
"331",2033-07-01,4.01279296875,1.69433643469313
"332",2033-08-01,5.4416015625,2.19932078848849
"333",2033-09-01,2.89482421875,1.54803526378248
"334",2033-10-01,-2.1162109375,2.56220212616235
"335",2033-11-01,-7.7533203125,2.03958123024821
"336",2033-12-01,-7.826171875,2.63208267354421
"337",2034-01-01,-7.66962890625,3.29208268542537
"338",2034-02-01,-6.79208984375,3.14499444113009
"339",2034-03-01,-11.73515625,3.83917490042009
"340",2034-04-01,-5.90673828125,1.77421535586991
"341",2034-05-01,-0.31357421875,0.698903683052833
"342",2034-06-01,2.51806640625,1.35230586998352
"343",2034-07-01,4.38203125,2.04763972756725
"344",2034-08-01,5.9173828125,3.17612551066245
"345",2034-09-01,3.5421875,2.21690470055621
"346",2034-10-01,-1.61474609375,1.87518706624793
"347",2034-11-01,-7.02138671875,3.71041444396049
"348",2034-12-01,-10.59990234375,3.59321922178856
"349",2035-01-01,-8.80439453125,7.43284770665075
"350",2035-02-01,-9.1052734375,5.27147494345056
"351",2035-03-01,-7.537109375,4.01528484587676
"352",2035-04-01,-3.21240234375,1.70565774006086
"353",2035-05-01,0.0376953125,1.37673418521412
"354",2035-06-01,2.5419921875,1.31595040971208
"355",2035-07-01,4.80751953125,2.17763357555473
"356",2035-08-01,6.251953125,2.66964396528211
"357",2035-09-01,4.05263671875,2.48089652310197
"358",2035-10-01,-0.9486328125,1.99188537035313
"359",2035-11-01,-6.04013671875,3.51878449156024
"360",2035-12-01,-7.998828125,2.3276185852501
"361",2036-01-01,-7.8265625,3.49470443957836
"362",2036-02-01,-11.2955078125,3.69602808333494
"363",2036-03-01,-8.04404296875,4.47872100387255
"364",2036-04-01,-4.8083984375,2.03806266062581
"365",2036-05-01,-0.2716796875,0.994144867207441
"366",2036-06-01,2.68125,1.51596538833209
"367",2036-07-01,6.02138671875,2.77624879103708
"368",2036-08-01,6.33671875,2.30093533759691
"369",2036-09-01,4.09287109375,2.49014052323487
"370",2036-10-01,-1.7859375,1.8217375395013
"371",2036-11-01,-5.64189453125,2.07765915572287
"372",2036-12-01,-7.2591796875,2.16407435934564
"373",2037-01-01,-9.81611328125,3.71328210980272
"374",2037-02-01,-6.2109375,3.41140475243188
"375",2037-03-01,-7.00908203125,2.76329303518806
"376",2037-04-01,-2.80888671875,1.7328887497675
"377",2037-05-01,0.5833984375,1.1509723625205
"378",2037-06-01,3.24697265625,1.79575853243626
"379",2037-07-01,6.307421875,3.25923945713129
"380",2037-08-01,7.7517578125,3.72965590466226
"381",2037-09-01,4.824609375,2.79281726109174
"382",2037-10-01,0.27548828125,1.70667263350338
"383",2037-11-01,-5.71640625,3.32075049449771
"384",2037-12-01,-6.6021484375,5.35640629535762
"385",2038-01-01,-10.00927734375,5.80502170509401
"386",2038-02-01,-11.10654296875,5.96979862697082
"387",2038-03-01,-7.4150390625,3.94889050553498
"388",2038-04-01,-3.4357421875,1.25862425415867
"389",2038-05-01,-0.40126953125,1.05257809024846
"390",2038-06-01,2.946484375,1.53076190392133
"391",2038-07-01,5.440234375,2.5794331960848
"392",2038-08-01,6.273046875,2.69406273706394
"393",2038-09-01,4.21064453125,2.60688359451432
"394",2038-10-01,-0.15478515625,1.40168970334797
"395",2038-11-01,-6.33564453125,2.84239322960985
"396",2038-12-01,-9.34130859375,2.75990938527786
"397",2039-01-01,-13.58876953125,5.83910091011975
"398",2039-02-01,-12.6583984375,4.8891129447188
"399",2039-03-01,-10.042578125,2.85044645117957
"400",2039-04-01,-4.90615234375,2.63408016648109
"401",2039-05-01,-0.1240234375,1.16668991792307
"402",2039-06-01,2.45048828125,1.40230242078843
"403",2039-07-01,5.18251953125,2.33661608923766
"404",2039-08-01,7.20869140625,2.42055930437676
"405",2039-09-01,5.115625,2.89997889777797
"406",2039-10-01,-1.7513671875,2.2805091525876
"407",2039-11-01,-7.26328125,3.22826877375173
"408",2039-12-01,-9.22490234375,2.56721703585955
"409",2040-01-01,-12.93017578125,5.36012831207755
"410",2040-02-01,-8.5578125,3.31776201573033
"411",2040-03-01,-7.35048828125,2.93411956603406
"412",2040-04-01,-4.8583984375,1.93887018135808
"413",2040-05-01,0.2818359375,0.962011845971107
"414",2040-06-01,3.0603515625,1.5302816291638
"415",2040-07-01,5.5130859375,2.58111330029063
"416",2040-08-01,6.974609375,3.27904275597848
"417",2040-09-01,4.65166015625,2.57360320204688
"418",2040-10-01,-1.46767578125,2.71266889344208
"419",2040-11-01,-6.08857421875,3.54087177556502
"420",2040-12-01,-6.74599609375,3.08000300349465
"421",2041-01-01,-8.43291015625,2.5771422103698
"422",2041-02-01,-7.56611328125,3.21383034405422
"423",2041-03-01,-9.221484375,2.74826221467352
"424",2041-04-01,-4.218359375,1.69607232836477
"425",2041-05-01,-0.02529296875,0.780498696093081
"426",2041-06-01,2.50732421875,1.75254589662238
"427",2041-07-01,4.10693359375,2.23358729659803
"428",2041-08-01,5.1693359375,2.71541413997048
"429",2041-09-01,3.62587890625,2.52717299463478
"430",2041-10-01,-1.5734375,1.93807929891502
"431",2041-11-01,-6.25732421875,2.67264071492268
"432",2041-12-01,-8.97958984375,5.13527388719182
"433",2042-01-01,-8.84052734375,2.4885760941911
"434",2042-02-01,-8.0958984375,5.31617954059463
"435",2042-03-01,-6.77666015625,3.01661176859886
"436",2042-04-01,-3.42861328125,1.93480308450754
"437",2042-05-01,-0.1794921875,1.4443284762527
"438",2042-06-01,2.59326171875,1.16664725242083
"439",2042-07-01,6.27900390625,3.14246887602997
"440",2042-08-01,6.969921875,2.78558700295579
"441",2042-09-01,4.4322265625,1.97077314245937
"442",2042-10-01,-2.5275390625,2.35753383137104
"443",2042-11-01,-8.7330078125,2.54408570953088
"444",2042-12-01,-10.33798828125,3.16922500899033
"445",2043-01-01,-10.35771484375,4.93341447080441
"446",2043-02-01,-13.4869140625,3.92134570112702
"447",2043-03-01,-11.40810546875,3.50817792009097
"448",2043-04-01,-6.23486328125,1.91539690555328
"449",2043-05-01,-0.75361328125,1.2318819776828
"450",2043-06-01,2.28251953125,1.14054947462245
"451",2043-07-01,6.03740234375,2.72153876693033
"452",2043-08-01,7.075390625,2.59572609995789
"453",2043-09-01,4.56865234375,1.93710334299789
"454",2043-10-01,0.2126953125,2.61138103072964
"455",2043-11-01,-6.2751953125,2.02217994734251
"456",2043-12-01,-8.20234375,3.53703291602243
"457",2044-01-01,-9.610546875,2.93601367042493
"458",2044-02-01,-7.482421875,2.64498655530929
"459",2044-03-01,-7.15693359375,1.99157519536142
"460",2044-04-01,-3.2576171875,1.50009676303294
"461",2044-05-01,0.3052734375,1.22820258829738
"462",2044-06-01,3.0322265625,1.71217961466198
"463",2044-07-01,4.8873046875,2.14381986800144
"464",2044-08-01,6.4794921875,3.16166908361932
"465",2044-09-01,4.74697265625,2.53796736406941
"466",2044-10-01,-0.33564453125,2.11920838075325
"467",2044-11-01,-7.07109375,3.14913099974177
"468",2044-12-01,-10.41240234375,3.83866235620076
"469",2045-01-01,-10.0529296875,4.23598467584307
"470",2045-02-01,-10.5076171875,2.72614009078455
"471",2045-03-01,-8.76845703125,4.08056498645385
"472",2045-04-01,-4.3708984375,1.43707739473662
"473",2045-05-01,-0.2052734375,1.10800672035306
"474",2045-06-01,2.95947265625,1.67352614268422
"475",2045-07-01,5.97626953125,2.42879817560382
"476",2045-08-01,7.70615234375,2.88314198831101
"477",2045-09-01,5.152734375,2.26664783058568
"478",2045-10-01,0.09326171875,2.28074969142852
"479",2045-11-01,-5.15771484375,2.86428610444543
"480",2045-12-01,-8.21630859375,5.85412035162401
"481",2046-01-01,-10.43701171875,7.60825162581169
"482",2046-02-01,-9.0478515625,4.98202313536868
"483",2046-03-01,-8.21572265625,5.11076514840029
"484",2046-04-01,-4.84677734375,1.7254628695336
"485",2046-05-01,0.72373046875,1.53540861489105
"486",2046-06-01,3.4326171875,1.8742655127888
"487",2046-07-01,6.61455078125,3.14177238124598
"488",2046-08-01,7.4625,3.01975566714917
"489",2046-09-01,4.2732421875,2.33136015521837
"490",2046-10-01,0.2962890625,1.57877431002912
"491",2046-11-01,-7.15341796875,3.81969098784686
"492",2046-12-01,-10.17822265625,5.54616620664758
"493",2047-01-01,-9.1044921875,2.50172229356823
"494",2047-02-01,-7.585546875,4.24811198365654
"495",2047-03-01,-7.02978515625,3.47434182554884
"496",2047-04-01,-3.06728515625,1.48850475823445
"497",2047-05-01,0.728125,1.07309523395839
"498",2047-06-01,3.32802734375,1.75328557530813
"499",2047-07-01,6.1361328125,3.09559849104628
"500",2047-08-01,7.0833984375,2.72935233612974
"501",2047-09-01,3.74921875,1.65991910070896
"502",2047-10-01,-2.28125,2.23884241430839
"503",2047-11-01,-6.15380859375,3.0002709460647
"504",2047-12-01,-7.196484375,3.2491232447443
"505",2048-01-01,-11.5189453125,4.94388045095862
"506",2048-02-01,-9.763671875,3.86180984492869
"507",2048-03-01,-7.50556640625,4.43741415475065
"508",2048-04-01,-2.970703125,1.58027131993011
"509",2048-05-01,0.5212890625,0.766920838171375
"510",2048-06-01,2.972265625,1.46440533080388
"511",2048-07-01,5.2734375,2.17114474844582
"512",2048-08-01,6.68896484375,2.44707584956093
"513",2048-09-01,4.37880859375,2.86634025378766
"514",2048-10-01,-0.77958984375,3.96443749762778
"515",2048-11-01,-4.25751953125,3.68631735621332
"516",2048-12-01,-8.05244140625,2.17428750295613
"517",2049-01-01,-6.79833984375,4.48535351742003
"518",2049-02-01,-6.2625,3.87580518116443
"519",2049-03-01,-7.98515625,5.50001201820987
"520",2049-04-01,-2.71630859375,2.57250999088734
"521",2049-05-01,0.52099609375,1.34668572657854
"522",2049-06-01,3.47724609375,1.9629970803818
"523",2049-07-01,5.78681640625,3.42578131340913
"524",2049-08-01,6.1541015625,3.40816176774692
"525",2049-09-01,3.6220703125,2.69111898261313
"526",2049-10-01,-0.85390625,3.21717551362288
"527",2049-11-01,-3.70791015625,2.42929310325102
"528",2049-12-01,-8.3861328125,4.93231487329133
"529",2050-01-01,-10.67001953125,2.75608358728999
"530",2050-02-01,-7.44609375,2.91910653651601
"531",2050-03-01,-7.69248046875,4.80292900069966
"532",2050-04-01,-4.2427734375,1.49840356149471
"533",2050-05-01,0.30380859375,0.9947900103011
"534",2050-06-01,3.4384765625,1.8388836968468
"535",2050-07-01,5.52939453125,3.19519269739893
"536",2050-08-01,6.81552734375,3.45141189144528
"537",2050-09-01,4.56103515625,2.4350168670655
"538",2050-10-01,0.61669921875,2.13862263754918
"539",2050-11-01,-7.43583984375,2.34758999167352
"540",2050-12-01,-6.0291015625,3.70620874700376
"541",2051-01-01,-5.3001953125,3.88092275302286
"542",2051-02-01,-5.85048828125,1.41079230365851
"543",2051-03-01,-5.7669921875,2.29705852256886
"544",2051-04-01,-2.7908203125,1.29838037917336
"545",2051-05-01,0.869140625,1.05218585934278
"546",2051-06-01,3.76826171875,1.54160982662959
"547",2051-07-01,7.5486328125,3.07684791265282
"548",2051-08-01,7.642578125,2.91141156481472
"549",2051-09-01,5.1833984375,2.79412417825382
"550",2051-10-01,-2.337109375,3.45858092130335
"551",2051-11-01,-3.48916015625,3.00157747297487
"552",2051-12-01,-7.979296875,2.17930082706867
"553",2052-01-01,-8.34111328125,7.22020866405416
"554",2052-02-01,-8.69775390625,2.71335829141434
"555",2052-03-01,-6.9392578125,2.85743310392626
"556",2052-04-01,-3.15576171875,1.55666671341781
"557",2052-05-01,0.52919921875,1.05795317002039
"558",2052-06-01,3.0015625,1.49161866748382
"559",2052-07-01,5.28046875,2.10805641939126
"560",2052-08-01,6.9322265625,2.64088169633424
"561",2052-09-01,4.8314453125,1.64087146017927
"562",2052-10-01,-0.24736328125,1.41155698086648
"563",2052-11-01,-6.27158203125,2.3431917308387
"564",2052-12-01,-7.32783203125,2.42107463122149
"565",2053-01-01,-6.9341796875,5.88507363909198
"566",2053-02-01,-8.44208984375,5.20502843245022
"567",2053-03-01,-6.22109375,2.88873490224748
"568",2053-04-01,-2.419921875,1.76656650283258
"569",2053-05-01,0.8734375,1.19976868695933
"570",2053-06-01,3.158203125,1.67226550333839
"571",2053-07-01,6.64423828125,2.56294598303768
"572",2053-08-01,7.26171875,2.58085349226475
"573",2053-09-01,5.35244140625,2.65434188424109
"574",2053-10-01,0.5884765625,3.05904524691488
"575",2053-11-01,-3.50859375,4.85767906062679
"576",2053-12-01,-8.7369140625,5.24161467817003
"577",2054-01-01,-10.37890625,4.56593778506187
"578",2054-02-01,-7.72353515625,3.6230965494896
"579",2054-03-01,-6.993359375,4.42225312382451
"580",2054-04-01,-3.72001953125,1.99037035276968
"581",2054-05-01,0.2306640625,0.822420226418439
"582",2054-06-01,2.6091796875,1.45428528397562
"583",2054-07-01,5.6994140625,2.76103016687566
"584",2054-08-01,7.07470703125,2.46599003945228
"585",2054-09-01,5.20078125,1.9215608776008
"586",2054-10-01,-0.38603515625,2.02630786340119
"587",2054-11-01,-3.62763671875,1.74782954754029
"588",2054-12-01,-7.92099609375,3.20462596265299
"589",2055-01-01,-10.79248046875,3.05661199879267
"590",2055-02-01,-9.12265625,2.01366009812067
"591",2055-03-01,-8.04189453125,1.74760499887696
"592",2055-04-01,-3.93173828125,0.944717480579882
"593",2055-05-01,-0.11171875,0.890350263729054
"594",2055-06-01,2.4412109375,1.26387896038995
"595",2055-07-01,5.06181640625,2.40998113110385
"596",2055-08-01,7.05361328125,3.32427266673995
"597",2055-09-01,5.6017578125,2.811904120723
"598",2055-10-01,1.0580078125,1.94648895436656
"599",2055-11-01,-5.828125,1.52356624222307
"600",2055-12-01,-8.81416015625,3.96692672459367
"601",2056-01-01,-7.87392578125,4.87886885991874
"602",2056-02-01,-7.4048828125,3.77145768927746
"603",2056-03-01,-6.86904296875,2.24466621538125
"604",2056-04-01,-3.93076171875,1.38166798691635
"605",2056-05-01,0.2693359375,0.943461339059081
"606",2056-06-01,3.19892578125,1.56747255970882
"607",2056-07-01,6.186328125,2.55842700003963
"608",2056-08-01,7.34892578125,2.4503361880025
"609",2056-09-01,4.834765625,2.41062368143068
"610",2056-10-01,-0.35947265625,2.86230842471218
"611",2056-11-01,-4.7806640625,3.03766072863604
"612",2056-12-01,-11.20625,2.24414788711534
"613",2057-01-01,-10.41181640625,3.65769496813815
"614",2057-02-01,-8.5720703125,4.13433720795753
"615",2057-03-01,-8.2328125,3.46826013231487
"616",2057-04-01,-4.32958984375,1.28451768547143
"617",2057-05-01,0.128515625,1.01974420901395
"618",2057-06-01,3.54072265625,2.06027739246663
"619",2057-07-01,6.38681640625,3.66348485308759
"620",2057-08-01,7.2171875,3.07604366879
"621",2057-09-01,4.96669921875,2.54835341279939
"622",2057-10-01,-1.1625,2.38360278867179
"623",2057-11-01,-4.28232421875,2.80352214757964
"624",2057-12-01,-6.57783203125,3.71684870623354
"625",2058-01-01,-7.8337890625,1.8057342649523
"626",2058-02-01,-6.9650390625,2.53330932070411
"627",2058-03-01,-9.73330078125,2.45697701533626
"628",2058-04-01,-4.24912109375,1.52553777957706
"629",2058-05-01,0.08935546875,1.29883051133474
"630",2058-06-01,2.7423828125,1.38450495423542
"631",2058-07-01,6.2396484375,2.93889652179896
"632",2058-08-01,7.58115234375,2.18618727517279
"633",2058-09-01,5.2291015625,2.1480202601476
"634",2058-10-01,-1.859375,2.61432848089772
"635",2058-11-01,-8.1021484375,3.53256399787968
"636",2058-12-01,-6.43115234375,2.59952936925902
"637",2059-01-01,-6.889453125,4.14785788223148
"638",2059-02-01,-6.73583984375,3.78109332444013
"639",2059-03-01,-7.3560546875,3.05101944887201
"640",2059-04-01,-2.8267578125,2.22439612338774
"641",2059-05-01,0.9556640625,1.75386082874324
"642",2059-06-01,3.2111328125,1.45308859721428
"643",2059-07-01,7.126953125,3.24060176692667
"644",2059-08-01,6.98662109375,2.00606169538199
"645",2059-09-01,4.890234375,2.22559201749907
"646",2059-10-01,0.81044921875,1.46417023361776
"647",2059-11-01,-4.8705078125,2.37822157777458
"648",2059-12-01,-8.653515625,2.90884122740333
"649",2060-01-01,-10.33056640625,4.21787615858513
"650",2060-02-01,-8.165234375,3.04676742320326
"651",2060-03-01,-4.667578125,1.76295695412185
"652",2060-04-01,-1.9236328125,1.21927597129551
"653",2060-05-01,0.9119140625,1.30962123128648
"654",2060-06-01,4.01044921875,1.71542227681672
"655",2060-07-01,7.04794921875,3.33624056398097
"656",2060-08-01,8.042578125,3.28447163015542
"657",2060-09-01,5.55869140625,2.14686487828805
"658",2060-10-01,0.5833984375,1.7964405776753
"659",2060-11-01,-5.8724609375,1.697678076084
"660",2060-12-01,-7.1,3.17559743685282
"661",2061-01-01,-6.60380859375,2.9763025080712
"662",2061-02-01,-8.9005859375,4.74166153391832
"663",2061-03-01,-7.7201171875,3.20833538765449
"664",2061-04-01,-5.42255859375,1.53813041092559
"665",2061-05-01,0.31259765625,1.00923097132069
"666",2061-06-01,2.914453125,1.50071453453894
"667",2061-07-01,6.1732421875,2.61629209165922
"668",2061-08-01,7.68583984375,2.35594996648156
"669",2061-09-01,4.764453125,3.13690254429882
"670",2061-10-01,0.10986328125,2.07358698653797
"671",2061-11-01,-6.05107421875,2.85843412001024
"672",2061-12-01,-8.446484375,6.38716551752442
"673",2062-01-01,-7.59384765625,3.94729951515437
"674",2062-02-01,-9.15966796875,7.10004618410304
"675",2062-03-01,-7.93984375,3.80175167222279
"676",2062-04-01,-4.43583984375,2.55676906655829
"677",2062-05-01,0.20068359375,1.1886024265656
"678",2062-06-01,3.64013671875,1.94008752188487
"679",2062-07-01,6.37177734375,2.53039800384003
"680",2062-08-01,8.5265625,3.19581055183364
"681",2062-09-01,4.91728515625,2.59437143217171
"682",2062-10-01,-0.76728515625,1.55687825000501
"683",2062-11-01,-5.03525390625,4.98684543891803
"684",2062-12-01,-6.98037109375,1.98678463658133
"685",2063-01-01,-8.51171875,5.16890633144335
"686",2063-02-01,-7.9841796875,4.80513160369208
"687",2063-03-01,-6.9908203125,1.88725650162674
"688",2063-04-01,-2.073046875,2.04710752090233
"689",2063-05-01,0.29033203125,1.15683903625487
"690",2063-06-01,3.18134765625,1.70880970399528
"691",2063-07-01,6.24794921875,3.17909917030662
"692",2063-08-01,6.95576171875,2.18125377607338
"693",2063-09-01,4.38408203125,1.74088389801515
"694",2063-10-01,-0.9189453125,1.39862608629577
"695",2063-11-01,-5.8390625,1.74819858416007
"696",2063-12-01,-7.65751953125,3.90722378405951
"697",2064-01-01,-8.6013671875,4.41998602453049
"698",2064-02-01,-7.1650390625,4.09839897426904
"699",2064-03-01,-6.09765625,2.24517667910129
"700",2064-04-01,-2.7267578125,1.40850113390096
"701",2064-05-01,0.952734375,1.3103356009326
"702",2064-06-01,3.33291015625,1.5942244112438
"703",2064-07-01,6.6951171875,3.77689479407115
"704",2064-08-01,7.5953125,3.12110984945568
"705",2064-09-01,4.9375,1.99793794081641
"706",2064-10-01,1.3056640625,2.0952045708406
"707",2064-11-01,-4.68154296875,3.52576335971286
"708",2064-12-01,-8.74150390625,5.56843088883797
"709",2065-01-01,-9.354296875,7.60401789271469
"710",2065-02-01,-7.87451171875,4.62308937564996
"711",2065-03-01,-7.4056640625,3.00181984275664
"712",2065-04-01,-2.59853515625,0.944188588834274
"713",2065-05-01,0.875390625,1.17147736309311
"714",2065-06-01,4.56923828125,2.494183383762
"715",2065-07-01,7.64404296875,3.35407098195326
"716",2065-08-01,9.16875,2.71914938067484
"717",2065-09-01,4.97744140625,1.84790756813972
"718",2065-10-01,-0.38017578125,1.97155244973149
"719",2065-11-01,-4.47890625,2.32895450251284
"720",2065-12-01,-6.78349609375,3.77867345679343
"721",2066-01-01,-6.1044921875,3.02014569754228
"722",2066-02-01,-6.02724609375,2.63980956519406
"723",2066-03-01,-6.08349609375,2.88461388943843
"724",2066-04-01,-4.22509765625,3.26616169049641
"725",2066-05-01,0.726171875,1.30555195548641
"726",2066-06-01,3.25302734375,1.66714486255604
"727",2066-07-01,6.20185546875,3.07558061206248
"728",2066-08-01,7.1658203125,2.84483500405388
"729",2066-09-01,5.11875,2.61551621045114
"730",2066-10-01,0.63681640625,1.95560809225016
"731",2066-11-01,-4.80712890625,2.35033373661098
"732",2066-12-01,-5.016796875,4.16759396216307
"733",2067-01-01,-7.0564453125,3.94722733866782
"734",2067-02-01,-7.8212890625,5.14950461448384
"735",2067-03-01,-6.04794921875,3.17626907503707
"736",2067-04-01,-2.13828125,1.0336403626465
"737",2067-05-01,0.684765625,0.90417849390876
"738",2067-06-01,3.858984375,2.1075604556337
"739",2067-07-01,6.01552734375,2.81100998769052
"740",2067-08-01,7.197265625,3.25893520380263
"741",2067-09-01,4.94951171875,2.49209668117908
"742",2067-10-01,-1.83251953125,3.53528292659058
"743",2067-11-01,-4.74677734375,2.6009936744704
"744",2067-12-01,-4.32119140625,3.06170181806608
"745",2068-01-01,-4.26865234375,2.73805464724353
"746",2068-02-01,-7.27880859375,3.31613954895264
"747",2068-03-01,-6.4009765625,2.81559463354763
"748",2068-04-01,-4.03212890625,2.21374354978962
"749",2068-05-01,0.99443359375,1.09773164718716
"750",2068-06-01,3.5541015625,1.4471662081379
"751",2068-07-01,7.0951171875,2.76414785359371
"752",2068-08-01,7.4681640625,1.76562879293779
"753",2068-09-01,5.68408203125,2.91880128948375
"754",2068-10-01,1.1400390625,2.212258081806
"755",2068-11-01,-4.5173828125,2.42802071867693
"756",2068-12-01,-5.651953125,2.69188811785802
"757",2069-01-01,-9.2408203125,6.25261340624534
"758",2069-02-01,-6.02314453125,4.91210855634416
"759",2069-03-01,-5.2765625,3.98682173989764
"760",2069-04-01,-2.7955078125,1.94630287490046
"761",2069-05-01,0.5451171875,1.10179841962447
"762",2069-06-01,3.58759765625,1.81811624083601
"763",2069-07-01,7.21591796875,3.66290889565159
"764",2069-08-01,8.0541015625,2.94013718709544
"765",2069-09-01,5.1205078125,2.110479683169
"766",2069-10-01,-0.73759765625,2.11255572594772
"767",2069-11-01,-7.9806640625,3.167595235304
"768",2069-12-01,-8.662109375,2.79910899472445
"769",2070-01-01,-7.85283203125,2.90830769677873
"770",2070-02-01,-6.10439453125,4.8138258446666
"771",2070-03-01,-4.1384765625,3.33671994786971
"772",2070-04-01,-2.70595703125,1.78150991287302
"773",2070-05-01,0.85595703125,1.49676427818822
"774",2070-06-01,4.04052734375,2.16654524096113
"775",2070-07-01,6.96728515625,1.87333499308792
"776",2070-08-01,8.1478515625,2.66032646183601
"777",2070-09-01,5.80537109375,2.13979767515369
"778",2070-10-01,-1.858203125,2.09246127573974
"779",2070-11-01,-7.1681640625,3.00713181669287
"780",2070-12-01,-8.88642578125,2.26970399778003
"781",2071-01-01,-5.21708984375,2.63334918641095
"782",2071-02-01,-11.64365234375,5.80872561417616
"783",2071-03-01,-8.3078125,2.82988667003944
"784",2071-04-01,-3.75234375,2.94421482110505
"785",2071-05-01,0.32587890625,0.960106141483373
"786",2071-06-01,2.9501953125,1.76659769367436
"787",2071-07-01,6.52666015625,3.53964367254332
"788",2071-08-01,7.6228515625,2.97604753873996
"789",2071-09-01,4.68212890625,2.30812411364309
"790",2071-10-01,-0.85341796875,1.36560675994152
"791",2071-11-01,-5.3654296875,1.51310737962008
"792",2071-12-01,-6.9322265625,3.80729782305775
"793",2072-01-01,-10.04599609375,3.80311258258811
"794",2072-02-01,-12.01396484375,5.09251225573177
"795",2072-03-01,-8.7947265625,3.01181588396287
"796",2072-04-01,-4.17734375,2.31481557391119
"797",2072-05-01,0.35732421875,1.43881463645188
"798",2072-06-01,3.02568359375,2.05673893066352
"799",2072-07-01,5.98349609375,2.67603402953978
"800",2072-08-01,8.69482421875,3.3874308614647
"801",2072-09-01,5.41123046875,2.57396794719642
"802",2072-10-01,-1.9533203125,2.07586321461744
"803",2072-11-01,-5.84697265625,2.48114981738657
"804",2072-12-01,-6.10458984375,4.25902321185977
"805",2073-01-01,-8.22900390625,4.71242321366707
"806",2073-02-01,-7.52734375,5.15268737814208
"807",2073-03-01,-9.2078125,4.02084993085582
"808",2073-04-01,-2.25732421875,0.90593649750794
"809",2073-05-01,0.7708984375,0.944509027803562
"810",2073-06-01,3.47431640625,1.99377033059847
"811",2073-07-01,6.38515625,2.90253451441921
"812",2073-08-01,7.1099609375,2.69846279356018
"813",2073-09-01,4.36943359375,1.71178008243917
"814",2073-10-01,0.2447265625,1.55661517943705
"815",2073-11-01,-5.37880859375,2.76585811343753
"816",2073-12-01,-11.503515625,4.88902909819562
"817",2074-01-01,-9.25380859375,4.99128643003593
"818",2074-02-01,-7.72265625,2.66729168719764
"819",2074-03-01,-8.65419921875,3.7516223774706
"820",2074-04-01,-3.1818359375,1.11120548059467
"821",2074-05-01,0.70234375,1.01931616738042
"822",2074-06-01,3.7962890625,1.82157637669904
"823",2074-07-01,6.20830078125,2.22367601233091
"824",2074-08-01,8.28447265625,1.78097490710969
"825",2074-09-01,5.1693359375,1.63263819168201
"826",2074-10-01,-0.2515625,2.48306887112391
"827",2074-11-01,-3.912890625,4.54605307882709
"828",2074-12-01,-7.50615234375,4.9939274480127
"829",2075-01-01,-8.83369140625,5.24675410307298
"830",2075-02-01,-10.2443359375,3.67432026130865
"831",2075-03-01,-7.0025390625,3.76164816348588
"832",2075-04-01,-3.02080078125,1.40835647488754
"833",2075-05-01,0.71669921875,1.20324948149907
"834",2075-06-01,4.46533203125,2.77084210043072
"835",2075-07-01,7.3765625,3.61945442659594
"836",2075-08-01,8.9013671875,3.67734233459153
"837",2075-09-01,6.430078125,2.77476624658461
"838",2075-10-01,0.70849609375,1.79555717463205
"839",2075-11-01,-3.59072265625,1.59901535479238
"840",2075-12-01,-7.619140625,3.76486351717088
"841",2076-01-01,-5.1763671875,2.58068565129233
"842",2076-02-01,-8.72294921875,4.23840633240964
"843",2076-03-01,-7.5123046875,2.1663959627503
"844",2076-04-01,-3.44892578125,1.76682621277434
"845",2076-05-01,1.1169921875,1.21855825453666
"846",2076-06-01,3.59404296875,1.85117936961146
"847",2076-07-01,5.92421875,2.66342698239334
"848",2076-08-01,8.02744140625,3.71354966914031
"849",2076-09-01,5.21064453125,2.1119300996511
"850",2076-10-01,-1.64833984375,4.01784295998951
"851",2076-11-01,-7.27724609375,3.99664601669301
"852",2076-12-01,-6.33544921875,5.4092214867053
"853",2077-01-01,-7.7759765625,5.44541098823186
"854",2077-02-01,-10.64267578125,8.68778975908416
"855",2077-03-01,-5.04541015625,3.9564213535349
"856",2077-04-01,-2.63583984375,2.58198838242448
"857",2077-05-01,0.913671875,1.44309257596092
"858",2077-06-01,3.95302734375,2.58148814312034
"859",2077-07-01,6.87421875,2.48315339087225
"860",2077-08-01,9.09375,3.24522205190621
"861",2077-09-01,5.3474609375,2.42301037280002
"862",2077-10-01,-0.930078125,2.34118191553697
"863",2077-11-01,-6.21875,3.48818765694827
"864",2077-12-01,-6.7833984375,3.63685594867411
"865",2078-01-01,-7.0654296875,4.9534647357432
"866",2078-02-01,-7.06484375,2.55811371497453
"867",2078-03-01,-5.3076171875,4.27523048875112
"868",2078-04-01,-3.33701171875,2.20972290705072
"869",2078-05-01,0.346875,1.14202236008601
"870",2078-06-01,4.41572265625,1.80534869875678
"871",2078-07-01,7.39453125,2.54501230972601
"872",2078-08-01,8.15654296875,2.31762407356859
"873",2078-09-01,5.462890625,2.46393404114915
"874",2078-10-01,0.64306640625,2.43124017307591
"875",2078-11-01,-6.75986328125,3.35712056218596
"876",2078-12-01,-8.2818359375,3.82306290986918
"877",2079-01-01,-5.38623046875,3.45167725959748
"878",2079-02-01,-7.59033203125,4.81808658798916
"879",2079-03-01,-9.39951171875,5.24882145828291
"880",2079-04-01,-4.32392578125,2.16056954000236
"881",2079-05-01,0.23251953125,1.41896390343383
"882",2079-06-01,3.2791015625,1.47033056612229
"883",2079-07-01,6.22197265625,2.67789962534421
"884",2079-08-01,8.34033203125,2.71539111820908
"885",2079-09-01,4.79375,2.91498083894603
"886",2079-10-01,0.0670898437499999,2.91545108895695
"887",2079-11-01,-3.76123046875,1.89649846911691
"888",2079-12-01,-8.65361328125,5.07340563559257
"889",2080-01-01,-7.75595703125,3.15159636352011
"890",2080-02-01,-5.679296875,2.40467305880336
"891",2080-03-02,-4.92685546875,2.18611495720367
"892",2080-04-02,-1.71865234375,1.36647531131186
"893",2080-05-02,1.05810546875,1.21838523427173
"894",2080-06-02,3.81484375,1.87262644543565
"895",2080-07-02,7.68359375,3.0445679714577
"896",2080-08-02,8.437890625,2.82292226718098
"897",2080-09-02,5.58662109375,2.05730923287019
"898",2080-10-02,0.9953125,2.03857466967102
"899",2080-11-02,-3.182421875,1.82355636562282
"900",2080-12-02,-6.17431640625,1.82104228702656
"901",2081-01-02,-7.890625,3.82630973560199
"902",2081-02-02,-9.10341796875,3.74527033760587
"903",2081-03-02,-5.17763671875,4.67271314209786
"904",2081-04-02,-2.71005859375,1.72048347679096
"905",2081-05-02,1.22421875,1.50450568072809
"906",2081-06-02,4.7462890625,2.60769856521944
"907",2081-07-02,7.24384765625,2.56388197645709
"908",2081-08-02,8.384765625,2.0616586426908
"909",2081-09-02,6.275,1.95285160846998
"910",2081-10-02,-0.0872070312499999,2.34925456071741
"911",2081-11-02,-7.4453125,2.75543138914753
"912",2081-12-02,-7.4443359375,3.70613635987723
"913",2082-01-02,-11.39921875,3.55497896035918
"914",2082-02-02,-7.691015625,3.02233215331559
"915",2082-03-02,-10.3599609375,3.21458144386683
"916",2082-04-02,-4.09345703125,1.66517089162772
"917",2082-05-02,0.25732421875,1.06815327623228
"918",2082-06-02,3.044140625,1.6237515471003
"919",2082-07-02,7.34716796875,3.10652147279878
"920",2082-08-02,8.38251953125,2.91908414835325
"921",2082-09-02,5.97314453125,2.74436605725933
"922",2082-10-02,1.2001953125,1.48870446658742
"923",2082-11-02,-5.48828125,2.25625978175961
"924",2082-12-02,-5.678125,2.62060826178641
"925",2083-01-02,-7.2736328125,3.31332226670155
"926",2083-02-02,-7.97294921875,3.44727982769983
"927",2083-03-02,-6.23681640625,3.46223925432345
"928",2083-04-02,-3.44482421875,1.46084300668883
"929",2083-05-02,0.55849609375,1.15843104492379
"930",2083-06-02,3.159375,1.61718637299511
"931",2083-07-02,6.62587890625,2.72628641707351
"932",2083-08-02,9.05302734375,2.65691743531108
"933",2083-09-02,5.74248046875,2.10368437574703
"934",2083-10-02,-0.144921875,1.7801483614429
"935",2083-11-02,-5.80234375,1.99836522153006
"936",2083-12-02,-8.40546875,2.85256812259937
"937",2084-01-02,-9.73935546875,4.79434134869897
"938",2084-02-02,-7.20341796875,4.77793894959199
"939",2084-03-02,-4.84736328125,2.07986986529575
"940",2084-04-02,-2.86005859375,1.6473742036287
"941",2084-05-02,0.8796875,1.06830827434666
"942",2084-06-02,3.67158203125,2.31595580403235
"943",2084-07-02,7.196484375,4.04655016786405
"944",2084-08-02,8.3451171875,4.51734895983909
"945",2084-09-02,5.6650390625,3.10062723821465
"946",2084-10-02,-0.2134765625,4.05338356580895
"947",2084-11-02,-6.00341796875,3.4504483965102
"948",2084-12-02,-9.11767578125,2.45494377168523
"949",2085-01-02,-8.37421875,4.5254921483346
"950",2085-02-02,-6.72822265625,4.87490164394004
"951",2085-03-02,-6.68310546875,4.11350931563978
"952",2085-04-02,-3.4732421875,2.53441269283798
"953",2085-05-02,0.81640625,1.42548423704319
"954",2085-06-02,3.868359375,1.75504802873613
"955",2085-07-02,6.4283203125,2.69264793500424
"956",2085-08-02,7.7591796875,3.4501598302703
"957",2085-09-02,6.45244140625,2.61764711813665
"958",2085-10-02,0.4310546875,1.73813666153111
"959",2085-11-02,-4.9791015625,1.39133614823953
"960",2085-12-02,-6.33056640625,2.95851934322799
"961",2086-01-02,-5.9771484375,3.77107008160963
"962",2086-02-02,-6.78173828125,6.10984394585943
"963",2086-03-02,-8.6060546875,3.33346182893406
"964",2086-04-02,-2.6888671875,1.24343838518074
"965",2086-05-02,1.1611328125,1.44721298133469
"966",2086-06-02,3.66748046875,1.77259871802929
"967",2086-07-02,7.7326171875,3.14553268376991
"968",2086-08-02,8.0876953125,2.53159763371814
"969",2086-09-02,4.2951171875,1.75093978594527
"970",2086-10-02,0.24033203125,2.2173567120919
"971",2086-11-02,-3.792578125,2.47795995414149
"972",2086-12-02,-7.2283203125,4.38777508720092
"973",2087-01-02,-10.2203125,5.47176260569807
"974",2087-02-02,-8.49140625,6.42598549376203
"975",2087-03-02,-8.333203125,3.57520003392716
"976",2087-04-02,-2.4048828125,1.25228420514482
"977",2087-05-02,0.31162109375,0.884267436668956
"978",2087-06-02,3.298046875,1.77485474184648
"979",2087-07-02,6.44658203125,2.87623094568891
"980",2087-08-02,7.94140625,2.47396227384555
"981",2087-09-02,4.89619140625,1.94251447567755
"982",2087-10-02,-0.63662109375,2.34100046919414
"983",2087-11-02,-6.47734375,2.45381140045387
"984",2087-12-02,-5.7837890625,3.28830187115294
"985",2088-01-02,-6.63759765625,2.91770780055586
"986",2088-02-02,-6.241015625,4.46822912682556
"987",2088-03-02,-6.90654296875,4.19419492789219
"988",2088-04-02,-2.234765625,1.56388340721879
"989",2088-05-02,1.14921875,1.23955450799162
"990",2088-06-02,3.95205078125,2.18695490024855
"991",2088-07-02,6.8060546875,3.27670888408526
"992",2088-08-02,8.0169921875,3.6055002615486
"993",2088-09-02,6.34208984375,2.99740760727997
"994",2088-10-02,0.9564453125,3.37515751977363
"995",2088-11-02,-4.8166015625,2.33498173570626
"996",2088-12-02,-7.06708984375,2.19916628106275
"997",2089-01-02,-6.06943359375,4.04290344742492
"998",2089-02-02,-7.619140625,4.48498131717763
"999",2089-03-02,-4.9798828125,4.95521124844442
"1000",2089-04-02,-2.393359375,2.37698873498273
"1001",2089-05-02,0.84130859375,1.26895112696916
"1002",2089-06-02,3.78046875,1.85536828127117
"1003",2089-07-02,6.86455078125,3.23140391465489
"1004",2089-08-02,7.89833984375,3.38551574405551
"1005",2089-09-02,5.11767578125,1.75144561217245
"1006",2089-10-02,0.0295898437499999,1.41996799716497
"1007",2089-11-02,-4.20400390625,2.99496728177633
"1008",2089-12-02,-9.50849609375,2.55982115990096
"1009",2090-01-02,-10.675,2.65386679655619
"1010",2090-02-02,-7.49033203125,4.000225337622
"1011",2090-03-02,-6.8892578125,3.22708726443106
"1012",2090-04-02,-2.8671875,1.07530869184413
"1013",2090-05-02,0.41611328125,0.847094959505115
"1014",2090-06-02,3.24599609375,1.84836550669392
"1015",2090-07-02,6.22236328125,3.0155601006938
"1016",2090-08-02,7.040234375,2.98968260419714
"1017",2090-09-02,4.6298828125,1.9130135150828
"1018",2090-10-02,0.645703125,2.25778367413896
"1019",2090-11-02,-3.1302734375,1.17026629309325
"1020",2090-12-02,-6.3728515625,3.91254399619859
"1021",2091-01-02,-8.445703125,5.62001917593306
"1022",2091-02-02,-8.29697265625,6.9231450707006
"1023",2091-03-02,-6.660546875,2.20051511263433
"1024",2091-04-02,-2.50390625,1.1916534778781
"1025",2091-05-02,0.82421875,1.34304996363517
"1026",2091-06-02,3.669921875,1.79170451752654
"1027",2091-07-02,6.58837890625,3.26625084241585
"1028",2091-08-02,8.25107421875,3.1462897317013
"1029",2091-09-02,5.16591796875,2.70255255153337
"1030",2091-10-02,-0.6302734375,1.6817550637963
"1031",2091-11-02,-5.7158203125,1.37967403794592
"1032",2091-12-02,-8.523828125,3.79909696166532
"1033",2092-01-02,-10.4140625,3.730752703571
"1034",2092-02-02,-10.0884765625,2.7276650760501
"1035",2092-03-02,-8.17060546875,2.85262199425537
"1036",2092-04-02,-3.57392578125,1.68435816334724
"1037",2092-05-02,-0.058984375,1.4671761812607
"1038",2092-06-02,2.98515625,1.5524109906303
"1039",2092-07-02,6.45283203125,2.69477003059603
"1040",2092-08-02,7.93359375,2.49798290683452
"1041",2092-09-02,4.18544921875,1.84331100323875
"1042",2092-10-02,-0.2107421875,1.80959187907825
"1043",2092-11-02,-4.27265625,3.37650770254418
"1044",2092-12-02,-6.93251953125,3.66552428887425
"1045",2093-01-02,-10.72548828125,4.23440916979001
"1046",2093-02-02,-9.75419921875,6.20753337391433
"1047",2093-03-02,-6.59033203125,5.07462987881201
"1048",2093-04-02,-2.80166015625,3.50429297214661
"1049",2093-05-02,1.2115234375,1.34729106679108
"1050",2093-06-02,4.4771484375,2.74335421152927
"1051",2093-07-02,8.2201171875,3.46162671990106
"1052",2093-08-02,8.50224609375,2.6196969795685
"1053",2093-09-02,5.62822265625,2.21661475032347
"1054",2093-10-02,0.33486328125,1.85080213426278
"1055",2093-11-02,-3.71767578125,1.71019962062747
"1056",2093-12-02,-7.6884765625,3.22775920425589
"1057",2094-01-02,-6.886328125,4.1945927260394
"1058",2094-02-02,-8.22236328125,4.29155486742092
"1059",2094-03-02,-6.57197265625,4.83505428960934
"1060",2094-04-02,-2.12734375,2.63578113151651
"1061",2094-05-02,1.171875,1.25293218239608
"1062",2094-06-02,4.1595703125,2.50176385326889
"1063",2094-07-02,7.27080078125,2.44652649059533
"1064",2094-08-02,8.5005859375,3.20723478327319
"1065",2094-09-02,4.6845703125,2.75102083929407
"1066",2094-10-02,-0.88427734375,3.42409849190448
"1067",2094-11-02,-4.38564453125,2.1801751165993
"1068",2094-12-02,-6.536328125,2.70593271918657
"1069",2095-01-02,-9.69951171875,4.43158285746782
"1070",2095-02-02,-8.0267578125,3.42000008462233
"1071",2095-03-02,-7.2703125,2.61019686752595
"1072",2095-04-02,-3.34765625,1.67362521611026
"1073",2095-05-02,0.9673828125,0.835100994893162
"1074",2095-06-02,3.972265625,1.82816320888371
"1075",2095-07-02,8.04248046875,2.67431617346624
"1076",2095-08-02,8.3419921875,2.04722113687644
"1077",2095-09-02,6.10634765625,1.69982506157338
"1078",2095-10-02,-0.531640625,2.66633926607008
"1079",2095-11-02,-4.89716796875,3.7498886388562
"1080",2095-12-02,-7.17080078125,3.27632119543342
"1081",2096-01-02,-6.940234375,2.76746547304888
"1082",2096-02-02,-9.830859375,3.21194059694054
"1083",2096-03-02,-8.8990234375,3.60772565228022
"1084",2096-04-02,-3.66728515625,1.93580564566956
"1085",2096-05-02,0.07373046875,1.20058714048431
"1086",2096-06-02,3.0158203125,1.35334046811383
"1087",2096-07-02,6.33876953125,2.24084727734906
"1088",2096-08-02,7.3228515625,2.66605172219407
"1089",2096-09-02,4.5791015625,1.69698634335581
"1090",2096-10-02,0.8787109375,2.05979211468166
"1091",2096-11-02,-4.702734375,3.52592383769615
"1092",2096-12-02,-6.9681640625,2.58483400954353
"1093",2097-01-02,-9.291796875,3.40835163636955
"1094",2097-02-02,-8.2201171875,2.86476329631202
"1095",2097-03-02,-6.0765625,3.07330548084186
"1096",2097-04-02,-2.86240234375,2.14958926129126
"1097",2097-05-02,0.40078125,1.21945493476853
"1098",2097-06-02,3.2607421875,1.87017942922061
"1099",2097-07-02,6.6755859375,2.84096720897682
"1100",2097-08-02,7.359765625,3.35031612037106
"1101",2097-09-02,4.3892578125,2.82655155631269
"1102",2097-10-02,-0.23857421875,2.76257301606144
"1103",2097-11-02,-7.08046875,2.11827710380929
"1104",2097-12-02,-11.117578125,4.06902940620569
"1105",2098-01-02,-11.4380859375,4.56101480636084
"1106",2098-02-02,-11.7109375,2.85219856960091
"1107",2098-03-02,-7.57705078125,3.55895681435568
"1108",2098-04-02,-3.0171875,2.15228271151666
"1109",2098-05-02,0.462890625,0.911505067626273
"1110",2098-06-02,3.1330078125,1.77556339211791
"1111",2098-07-02,7.1240234375,3.10576917686623
"1112",2098-08-02,7.59853515625,2.80368863698548
"1113",2098-09-02,5.62333984375,2.97236365361093
"1114",2098-10-02,-0.37685546875,2.98783557413508
"1115",2098-11-02,-6.16396484375,3.05513899323778
"1116",2098-12-02,-8.2916015625,3.10122514668219
"1117",2099-01-02,-6.8125,5.9079817846223
"1118",2099-02-02,-7.6130859375,8.38597119379498
"1119",2099-03-02,-5.758984375,4.47804245672695
"1120",2099-04-02,-3.47294921875,1.64457880486489
"1121",2099-05-02,1.1373046875,1.33818492365821
"1122",2099-06-02,3.2763671875,1.67922615595872
"1123",2099-07-02,6.4951171875,3.0154439622544
"1124",2099-08-02,8.462890625,3.97261066508555
"1125",2099-09-02,5.5310546875,3.70357087031332
"1126",2099-10-02,-0.43759765625,3.16525954889934
"1127",2099-11-02,-4.10751953125,1.84672409677546
"1128",2099-12-02,-5.9779296875,2.76341567171055
"1129",2100-01-02,-10.05712890625,2.91026389017526
"1130",2100-02-02,-5.39833984375,3.30433411047657
"1131",2100-03-01,-5.48603515625,4.30852036331498
"1132",2100-04-01,-1.376171875,1.23237929689612
"1133",2100-05-01,1.69375,1.77132903696921
"1134",2100-06-01,5.63740234375,3.38984211107961
"1135",2100-07-01,7.935546875,3.38751199680283
"1136",2100-08-01,9.13037109375,2.98398462819233
"1137",2100-09-01,6.1099609375,2.61386103284719
"1138",2100-10-01,0.1599609375,1.89445869437955
"1139",2100-11-01,-3.62919921875,3.28498542292106
"1140",2100-12-01,-4.73828125,1.94242893695061
