Plot Title: 10144206,,
Date,"Time, GMT-08:00","Temp, Â°C (LGR S/N: 10144206, SEN S/N: 10144206)"
06/02/2014,15:00,11.431
06/02/2014,16:00,11.139
06/02/2014,17:00,10.846
06/02/2014,18:00,11.139
06/02/2014,19:00,9.669
06/02/2014,20:00,9.571
06/02/2014,21:00,9.373
06/02/2014,22:00,8.879
06/02/2014,23:00,8.581
06/03/2014,00:00,8.182
06/03/2014,01:00,7.882
06/03/2014,02:00,7.481
06/03/2014,03:00,6.166
06/03/2014,04:00,5.347
06/03/2014,05:00,5.141
06/03/2014,06:00,5.141
06/03/2014,07:00,6.166
06/03/2014,08:00,7.28
06/03/2014,09:00,7.983
06/03/2014,10:00,8.382
06/03/2014,11:00,8.68
06/03/2014,12:00,8.879
06/03/2014,13:00,9.571
06/03/2014,14:00,10.259
06/03/2014,15:00,11.625
06/03/2014,16:00,11.431
06/03/2014,17:00,11.916
06/03/2014,18:00,11.722
06/03/2014,19:00,11.431
06/03/2014,20:00,10.846
06/03/2014,21:00,10.651
06/03/2014,22:00,9.866
06/03/2014,23:00,8.779
06/04/2014,00:00,7.381
06/04/2014,01:00,5.655
06/04/2014,02:00,4.934
06/04/2014,03:00,4.207
06/04/2014,04:00,3.367
06/04/2014,05:00,3.155
06/04/2014,06:00,4.727
06/04/2014,07:00,7.079
06/04/2014,08:00,8.382
06/04/2014,09:00,11.041
06/04/2014,10:00,12.11
06/04/2014,11:00,12.207
06/04/2014,12:00,12.11
06/04/2014,13:00,12.207
06/04/2014,14:00,12.787
06/04/2014,15:00,12.401
06/04/2014,16:00,12.497
06/04/2014,17:00,12.497
06/04/2014,18:00,12.594
06/04/2014,19:00,12.207
06/04/2014,20:00,12.594
06/04/2014,21:00,12.207
06/04/2014,22:00,11.236
06/04/2014,23:00,9.373
06/05/2014,00:00,8.182
06/05/2014,01:00,7.882
06/05/2014,02:00,7.381
06/05/2014,03:00,7.079
06/05/2014,04:00,7.582
06/05/2014,05:00,7.782
06/05/2014,06:00,8.581
06/05/2014,07:00,9.077
06/05/2014,08:00,10.161
06/05/2014,09:00,10.553
06/05/2014,10:00,11.722
06/05/2014,11:00,11.236
06/05/2014,12:00,11.819
06/05/2014,13:00,11.041
06/05/2014,14:00,11.334
06/05/2014,15:00,11.334
06/05/2014,16:00,12.497
06/05/2014,17:00,12.11
06/05/2014,18:00,11.916
06/05/2014,19:00,11.916
06/05/2014,20:00,11.041
06/05/2014,21:00,10.455
06/05/2014,22:00,10.259
06/05/2014,23:00,8.879
06/06/2014,00:00,8.182
06/06/2014,01:00,6.877
06/06/2014,02:00,5.552
06/06/2014,03:00,4.727
06/06/2014,04:00,4.519
06/06/2014,05:00,4.415
06/06/2014,06:00,3.998
06/06/2014,07:00,6.064
06/06/2014,08:00,8.978
06/06/2014,09:00,11.528
06/06/2014,10:00,13.269
06/06/2014,11:00,14.996
06/06/2014,12:00,15.569
06/06/2014,13:00,13.654
06/06/2014,14:00,13.269
06/06/2014,15:00,14.134
06/06/2014,16:00,14.996
06/06/2014,17:00,15.855
06/06/2014,18:00,15.473
06/06/2014,19:00,15.378
06/06/2014,20:00,14.517
06/06/2014,21:00,13.365
06/06/2014,22:00,12.787
06/06/2014,23:00,12.11
06/07/2014,00:00,11.431
06/07/2014,01:00,10.651
06/07/2014,02:00,10.846
06/07/2014,03:00,10.455
06/07/2014,04:00,9.768
06/07/2014,05:00,9.373
06/07/2014,06:00,9.176
06/07/2014,07:00,9.275
06/07/2014,08:00,9.373
06/07/2014,09:00,9.768
06/07/2014,10:00,9.768
06/07/2014,11:00,9.965
06/07/2014,12:00,10.357
06/07/2014,13:00,10.553
06/07/2014,14:00,10.944
06/07/2014,15:00,10.846
06/07/2014,16:00,11.139
06/07/2014,17:00,11.139
06/07/2014,18:00,11.139
06/07/2014,19:00,10.944
06/07/2014,20:00,10.553
06/07/2014,21:00,10.063
06/07/2014,22:00,9.571
06/07/2014,23:00,9.275
06/08/2014,00:00,8.978
06/08/2014,01:00,9.077
06/08/2014,02:00,8.779
06/08/2014,03:00,8.581
06/08/2014,04:00,8.182
06/08/2014,05:00,8.182
06/08/2014,06:00,8.68
06/08/2014,07:00,8.779
06/08/2014,08:00,9.275
06/08/2014,09:00,9.275
06/08/2014,10:00,10.357
06/08/2014,11:00,10.259
06/08/2014,12:00,10.651
06/08/2014,13:00,10.553
06/08/2014,14:00,10.161
06/08/2014,15:00,10.063
06/08/2014,16:00,10.553
06/08/2014,17:00,10.748
06/08/2014,18:00,10.651
06/08/2014,19:00,9.669
06/08/2014,20:00,10.063
06/08/2014,21:00,9.571
06/08/2014,22:00,9.077
06/08/2014,23:00,8.779
06/09/2014,00:00,8.282
06/09/2014,01:00,7.782
06/09/2014,02:00,7.582
06/09/2014,03:00,7.782
06/09/2014,04:00,7.882
06/09/2014,05:00,7.983
06/09/2014,06:00,8.282
06/09/2014,07:00,8.879
06/09/2014,08:00,9.472
06/09/2014,09:00,10.553
06/09/2014,10:00,10.651
06/09/2014,11:00,11.916
06/09/2014,12:00,12.883
06/09/2014,13:00,13.75
06/09/2014,14:00,11.722
06/09/2014,15:00,12.207
06/09/2014,16:00,11.722
06/09/2014,17:00,11.139
06/09/2014,18:00,10.748
06/09/2014,19:00,10.455
06/09/2014,20:00,10.455
06/09/2014,21:00,10.259
06/09/2014,22:00,10.063
06/09/2014,23:00,9.275
06/10/2014,00:00,8.581
06/10/2014,01:00,8.182
06/10/2014,02:00,8.182
06/10/2014,03:00,8.282
06/10/2014,04:00,8.382
06/10/2014,05:00,8.182
06/10/2014,06:00,8.082
06/10/2014,07:00,9.472
06/10/2014,08:00,9.965
06/10/2014,09:00,11.041
06/10/2014,10:00,11.722
06/10/2014,11:00,10.846
06/10/2014,12:00,10.455
06/10/2014,13:00,11.334
06/10/2014,14:00,11.916
06/10/2014,15:00,12.497
06/10/2014,16:00,11.334
06/10/2014,17:00,11.916
06/10/2014,18:00,11.334
06/10/2014,19:00,11.431
06/10/2014,20:00,11.528
06/10/2014,21:00,11.334
06/10/2014,22:00,10.553
06/10/2014,23:00,10.259
06/11/2014,00:00,9.571
06/11/2014,01:00,9.275
06/11/2014,02:00,8.978
06/11/2014,03:00,8.879
06/11/2014,04:00,8.68
06/11/2014,05:00,8.581
06/11/2014,06:00,8.978
06/11/2014,07:00,9.472
06/11/2014,08:00,10.063
06/11/2014,09:00,11.431
06/11/2014,10:00,11.625
06/11/2014,11:00,12.013
06/11/2014,12:00,12.207
06/11/2014,13:00,13.076
06/11/2014,14:00,12.883
06/11/2014,15:00,13.558
06/11/2014,16:00,13.269
06/11/2014,17:00,12.401
06/11/2014,18:00,12.207
06/11/2014,19:00,12.11
06/11/2014,20:00,11.625
06/11/2014,21:00,10.748
06/11/2014,22:00,10.259
06/11/2014,23:00,9.768
06/12/2014,00:00,8.382
06/12/2014,01:00,7.782
06/12/2014,02:00,7.983
06/12/2014,03:00,9.077
06/12/2014,04:00,8.978
06/12/2014,05:00,8.082
06/12/2014,06:00,9.472
06/12/2014,07:00,9.472
06/12/2014,08:00,9.571
06/12/2014,09:00,9.866
06/12/2014,10:00,10.161
06/12/2014,11:00,10.651
06/12/2014,12:00,10.846
06/12/2014,13:00,11.528
06/12/2014,14:00,11.819
06/12/2014,15:00,11.916
06/12/2014,16:00,12.594
06/12/2014,17:00,12.594
06/12/2014,18:00,12.207
06/12/2014,19:00,11.625
06/12/2014,20:00,11.139
06/12/2014,21:00,10.846
06/12/2014,22:00,10.259
06/12/2014,23:00,8.68
06/13/2014,00:00,7.782
06/13/2014,01:00,6.877
06/13/2014,02:00,6.573
06/13/2014,03:00,6.268
06/13/2014,04:00,6.471
06/13/2014,05:00,6.471
06/13/2014,06:00,7.381
06/13/2014,07:00,8.382
06/13/2014,08:00,9.373
06/13/2014,09:00,9.866
06/13/2014,10:00,9.965
06/13/2014,11:00,10.161
06/13/2014,12:00,9.275
06/13/2014,13:00,9.176
06/13/2014,14:00,9.176
06/13/2014,15:00,9.275
06/13/2014,16:00,9.176
06/13/2014,17:00,8.282
06/13/2014,18:00,8.082
06/13/2014,19:00,7.782
06/13/2014,20:00,7.782
06/13/2014,21:00,7.582
06/13/2014,22:00,8.082
06/13/2014,23:00,7.682
06/14/2014,00:00,7.582
06/14/2014,01:00,7.582
06/14/2014,02:00,7.481
06/14/2014,03:00,7.079
06/14/2014,04:00,7.079
06/14/2014,05:00,7.28
06/14/2014,06:00,7.481
06/14/2014,07:00,8.082
06/14/2014,08:00,9.275
06/14/2014,09:00,10.553
06/14/2014,10:00,10.944
06/14/2014,11:00,12.11
06/14/2014,12:00,13.846
06/14/2014,13:00,14.804
06/14/2014,14:00,13.173
06/14/2014,15:00,10.553
06/14/2014,16:00,12.013
06/14/2014,17:00,12.207
06/14/2014,18:00,12.497
06/14/2014,19:00,12.207
06/14/2014,20:00,11.528
06/14/2014,21:00,10.259
06/14/2014,22:00,10.455
06/14/2014,23:00,10.161
06/15/2014,00:00,9.669
06/15/2014,01:00,9.472
06/15/2014,02:00,9.176
06/15/2014,03:00,8.978
06/15/2014,04:00,8.779
06/15/2014,05:00,8.978
06/15/2014,06:00,9.472
06/15/2014,07:00,10.161
06/15/2014,08:00,10.944
06/15/2014,09:00,11.041
06/15/2014,10:00,11.139
06/15/2014,11:00,11.528
06/15/2014,12:00,12.207
06/15/2014,13:00,12.883
06/15/2014,14:00,13.076
06/15/2014,15:00,13.076
06/15/2014,16:00,13.365
06/15/2014,17:00,13.269
06/15/2014,18:00,13.076
06/15/2014,19:00,13.269
06/15/2014,20:00,12.98
06/15/2014,21:00,12.207
06/15/2014,22:00,11.236
06/15/2014,23:00,9.965
06/16/2014,00:00,8.779
06/16/2014,01:00,8.282
06/16/2014,02:00,7.179
06/16/2014,03:00,7.079
06/16/2014,04:00,6.573
06/16/2014,05:00,6.877
06/16/2014,06:00,7.983
06/16/2014,07:00,9.077
06/16/2014,08:00,10.357
06/16/2014,09:00,11.819
06/16/2014,10:00,13.461
06/16/2014,11:00,12.883
06/16/2014,12:00,12.69
06/16/2014,13:00,12.304
06/16/2014,14:00,12.497
06/16/2014,15:00,12.69
06/16/2014,16:00,13.365
06/16/2014,17:00,13.365
06/16/2014,18:00,14.517
06/16/2014,19:00,13.461
06/16/2014,20:00,12.98
06/16/2014,21:00,12.304
06/16/2014,22:00,10.944
06/16/2014,23:00,9.965
06/17/2014,00:00,9.472
06/17/2014,01:00,8.978
06/17/2014,02:00,8.68
06/17/2014,03:00,8.082
06/17/2014,04:00,7.882
06/17/2014,05:00,7.782
06/17/2014,06:00,7.882
06/17/2014,07:00,7.682
06/17/2014,08:00,7.682
06/17/2014,09:00,7.782
06/17/2014,10:00,8.382
06/17/2014,11:00,8.779
06/17/2014,12:00,8.978
06/17/2014,13:00,9.077
06/17/2014,14:00,9.768
06/17/2014,15:00,10.161
06/17/2014,16:00,9.571
06/17/2014,17:00,8.68
06/17/2014,18:00,8.978
06/17/2014,19:00,9.669
06/17/2014,20:00,8.282
06/17/2014,21:00,7.682
06/17/2014,22:00,7.983
06/17/2014,23:00,7.381
06/18/2014,00:00,7.481
06/18/2014,01:00,7.481
06/18/2014,02:00,7.079
06/18/2014,03:00,6.775
06/18/2014,04:00,6.573
06/18/2014,05:00,6.37
06/18/2014,06:00,6.471
06/18/2014,07:00,6.978
06/18/2014,08:00,7.381
06/18/2014,09:00,7.481
06/18/2014,10:00,8.082
06/18/2014,11:00,7.882
06/18/2014,12:00,8.68
06/18/2014,13:00,8.382
06/18/2014,14:00,8.382
06/18/2014,15:00,8.282
06/18/2014,16:00,8.978
06/18/2014,17:00,9.077
06/18/2014,18:00,9.077
06/18/2014,19:00,8.879
06/18/2014,20:00,8.68
06/18/2014,21:00,8.282
06/18/2014,22:00,7.983
06/18/2014,23:00,7.582
06/19/2014,00:00,7.28
06/19/2014,01:00,7.179
06/19/2014,02:00,6.978
06/19/2014,03:00,6.674
06/19/2014,04:00,6.268
06/19/2014,05:00,6.064
06/19/2014,06:00,5.962
06/19/2014,07:00,6.471
06/19/2014,08:00,8.182
06/19/2014,09:00,9.768
06/19/2014,10:00,9.965
06/19/2014,11:00,10.651
06/19/2014,12:00,10.455
06/19/2014,13:00,11.528
06/19/2014,14:00,12.013
06/19/2014,15:00,12.304
06/19/2014,16:00,12.497
06/19/2014,17:00,12.69
06/19/2014,18:00,12.69
06/19/2014,19:00,12.69
06/19/2014,20:00,12.11
06/19/2014,21:00,11.819
06/19/2014,22:00,11.431
06/19/2014,23:00,10.455
06/20/2014,00:00,10.259
06/20/2014,01:00,9.077
06/20/2014,02:00,9.176
06/20/2014,03:00,9.275
06/20/2014,04:00,7.782
06/20/2014,05:00,7.381
06/20/2014,06:00,7.682
06/20/2014,07:00,8.282
06/20/2014,08:00,8.879
06/20/2014,09:00,9.768
06/20/2014,10:00,10.455
06/20/2014,11:00,10.553
06/20/2014,12:00,10.553
06/20/2014,13:00,10.553
06/20/2014,14:00,10.259
06/20/2014,15:00,9.866
06/20/2014,16:00,9.571
06/20/2014,17:00,9.077
06/20/2014,18:00,9.275
06/20/2014,19:00,9.176
06/20/2014,20:00,8.879
06/20/2014,21:00,8.581
06/20/2014,22:00,8.282
06/20/2014,23:00,8.082
06/21/2014,00:00,7.782
06/21/2014,01:00,7.28
06/21/2014,02:00,6.573
06/21/2014,03:00,6.064
06/21/2014,04:00,5.757
06/21/2014,05:00,5.347
06/21/2014,06:00,4.519
06/21/2014,07:00,5.86
06/21/2014,08:00,8.68
06/21/2014,09:00,10.161
06/21/2014,10:00,12.013
06/21/2014,11:00,13.173
06/21/2014,12:00,15.855
06/21/2014,13:00,15.378
06/21/2014,14:00,14.038
06/21/2014,15:00,13.75
06/21/2014,16:00,14.517
06/21/2014,17:00,14.709
06/21/2014,18:00,13.942
06/21/2014,19:00,14.038
06/21/2014,20:00,14.134
06/21/2014,21:00,13.558
06/21/2014,22:00,12.013
06/21/2014,23:00,10.944
06/22/2014,00:00,9.965
06/22/2014,01:00,8.581
06/22/2014,02:00,8.382
06/22/2014,03:00,8.082
06/22/2014,04:00,7.381
06/22/2014,05:00,7.481
06/22/2014,06:00,7.983
06/22/2014,07:00,9.077
06/22/2014,08:00,10.357
06/22/2014,09:00,10.455
06/22/2014,10:00,10.259
06/22/2014,11:00,10.651
06/22/2014,12:00,12.013
06/22/2014,13:00,13.269
06/22/2014,14:00,12.883
06/22/2014,15:00,11.916
06/22/2014,16:00,11.916
06/22/2014,17:00,12.013
06/22/2014,18:00,12.11
06/22/2014,19:00,11.722
06/22/2014,20:00,11.625
06/22/2014,21:00,11.722
06/22/2014,22:00,11.334
06/22/2014,23:00,11.041
06/23/2014,00:00,10.846
06/23/2014,01:00,10.553
06/23/2014,02:00,10.259
06/23/2014,03:00,9.866
06/23/2014,04:00,9.768
06/23/2014,05:00,9.768
06/23/2014,06:00,10.161
06/23/2014,07:00,10.259
06/23/2014,08:00,11.041
06/23/2014,09:00,11.625
06/23/2014,10:00,12.013
06/23/2014,11:00,12.013
06/23/2014,12:00,12.11
06/23/2014,13:00,11.722
06/23/2014,14:00,12.11
06/23/2014,15:00,12.11
06/23/2014,16:00,12.11
06/23/2014,17:00,11.916
06/23/2014,18:00,11.625
06/23/2014,19:00,11.041
06/23/2014,20:00,10.357
06/23/2014,21:00,10.553
06/23/2014,22:00,10.748
06/23/2014,23:00,10.259
06/24/2014,00:00,10.161
06/24/2014,01:00,10.357
06/24/2014,02:00,10.455
06/24/2014,03:00,10.455
06/24/2014,04:00,10.357
06/24/2014,05:00,10.455
06/24/2014,06:00,10.259
06/24/2014,07:00,10.553
06/24/2014,08:00,10.748
06/24/2014,09:00,10.357
06/24/2014,10:00,10.455
06/24/2014,11:00,10.846
06/24/2014,12:00,11.139
06/24/2014,13:00,11.916
06/24/2014,14:00,11.528
06/24/2014,15:00,11.236
06/24/2014,16:00,11.236
06/24/2014,17:00,11.236
06/24/2014,18:00,11.139
06/24/2014,19:00,11.041
06/24/2014,20:00,10.651
06/24/2014,21:00,10.553
06/24/2014,22:00,9.965
06/24/2014,23:00,9.866
06/25/2014,00:00,9.669
06/25/2014,01:00,9.472
06/25/2014,02:00,9.275
06/25/2014,03:00,9.275
06/25/2014,04:00,9.275
06/25/2014,05:00,9.077
06/25/2014,06:00,9.275
06/25/2014,07:00,9.373
06/25/2014,08:00,9.275
06/25/2014,09:00,9.571
06/25/2014,10:00,9.866
06/25/2014,11:00,9.373
06/25/2014,12:00,9.176
06/25/2014,13:00,9.866
06/25/2014,14:00,9.373
06/25/2014,15:00,9.669
06/25/2014,16:00,9.965
06/25/2014,17:00,9.965
06/25/2014,18:00,9.866
06/25/2014,19:00,9.571
06/25/2014,20:00,9.176
06/25/2014,21:00,8.879
06/25/2014,22:00,8.382
06/25/2014,23:00,7.983
06/26/2014,00:00,7.882
06/26/2014,01:00,7.983
06/26/2014,02:00,7.782
06/26/2014,03:00,7.682
06/26/2014,04:00,7.582
06/26/2014,05:00,7.381
06/26/2014,06:00,7.582
06/26/2014,07:00,8.68
06/26/2014,08:00,9.866
06/26/2014,09:00,10.944
06/26/2014,10:00,10.161
06/26/2014,11:00,9.965
06/26/2014,12:00,12.69
06/26/2014,13:00,12.401
06/26/2014,14:00,11.431
06/26/2014,15:00,11.334
06/26/2014,16:00,11.528
06/26/2014,17:00,11.528
06/26/2014,18:00,12.207
06/26/2014,19:00,12.11
06/26/2014,20:00,11.041
06/26/2014,21:00,10.553
06/26/2014,22:00,10.553
06/26/2014,23:00,9.965
06/27/2014,00:00,9.176
06/27/2014,01:00,8.68
06/27/2014,02:00,8.879
06/27/2014,03:00,8.082
06/27/2014,04:00,6.978
06/27/2014,05:00,6.573
06/27/2014,06:00,6.877
06/27/2014,07:00,9.571
06/27/2014,08:00,10.846
06/27/2014,09:00,15.76
06/27/2014,10:00,16.332
06/27/2014,11:00,17.475
06/27/2014,12:00,19.092
06/27/2014,13:00,18.806
06/27/2014,14:00,17.475
06/27/2014,15:00,17.855
06/27/2014,16:00,18.521
06/27/2014,17:00,18.996
06/27/2014,18:00,18.901
06/27/2014,19:00,18.616
06/27/2014,20:00,17.379
06/27/2014,21:00,16.141
06/27/2014,22:00,14.709
06/27/2014,23:00,13.654
06/28/2014,00:00,12.594
06/28/2014,01:00,12.11
06/28/2014,02:00,11.625
06/28/2014,03:00,11.431
06/28/2014,04:00,10.944
06/28/2014,05:00,10.455
06/28/2014,06:00,10.651
06/28/2014,07:00,11.236
06/28/2014,08:00,13.75
06/28/2014,09:00,15.951
06/28/2014,10:00,17.95
06/28/2014,11:00,19.567
06/28/2014,12:00,20.043
06/28/2014,13:00,20.805
06/28/2014,14:00,17.379
06/28/2014,15:00,17.855
06/28/2014,16:00,17.855
06/28/2014,17:00,16.523
06/28/2014,18:00,16.046
06/28/2014,19:00,16.427
06/28/2014,20:00,16.237
06/28/2014,21:00,15.569
06/28/2014,22:00,14.709
06/28/2014,23:00,13.75
06/29/2014,00:00,13.173
06/29/2014,01:00,12.594
06/29/2014,02:00,12.11
06/29/2014,03:00,11.819
06/29/2014,04:00,11.431
06/29/2014,05:00,11.139
06/29/2014,06:00,11.334
06/29/2014,07:00,11.625
06/29/2014,08:00,12.207
06/29/2014,09:00,12.304
06/29/2014,10:00,12.98
06/29/2014,11:00,14.23
06/29/2014,12:00,14.613
06/29/2014,13:00,15.473
06/29/2014,14:00,15.282
06/29/2014,15:00,14.613
06/29/2014,16:00,15.091
06/29/2014,17:00,15.187
06/29/2014,18:00,14.996
06/29/2014,19:00,14.996
06/29/2014,20:00,14.517
06/29/2014,21:00,13.942
06/29/2014,22:00,13.654
06/29/2014,23:00,13.076
06/30/2014,00:00,12.69
06/30/2014,01:00,12.401
06/30/2014,02:00,12.11
06/30/2014,03:00,11.916
06/30/2014,04:00,11.916
06/30/2014,05:00,11.916
06/30/2014,06:00,11.819
06/30/2014,07:00,12.013
06/30/2014,08:00,12.401
06/30/2014,09:00,12.594
06/30/2014,10:00,12.69
06/30/2014,11:00,13.365
06/30/2014,12:00,13.654
06/30/2014,13:00,13.076
06/30/2014,14:00,13.269
06/30/2014,15:00,13.365
06/30/2014,16:00,13.269
06/30/2014,17:00,13.654
06/30/2014,18:00,13.461
06/30/2014,19:00,12.69
06/30/2014,20:00,12.401
06/30/2014,21:00,12.013
06/30/2014,22:00,11.722
06/30/2014,23:00,11.625
07/01/2014,00:00,11.528
07/01/2014,01:00,11.431
07/01/2014,02:00,11.236
07/01/2014,03:00,10.651
07/01/2014,04:00,10.651
07/01/2014,05:00,10.944
07/01/2014,06:00,11.041
07/01/2014,07:00,11.625
07/01/2014,08:00,12.013
07/01/2014,09:00,12.98
07/01/2014,10:00,12.98
07/01/2014,11:00,13.558
07/01/2014,12:00,13.942
07/01/2014,13:00,14.804
07/01/2014,14:00,14.804
07/01/2014,15:00,15.091
07/01/2014,16:00,15.282
07/01/2014,17:00,15.569
07/01/2014,18:00,15.091
07/01/2014,19:00,14.134
07/01/2014,20:00,14.613
07/01/2014,21:00,14.134
07/01/2014,22:00,13.558
07/01/2014,23:00,13.076
07/02/2014,00:00,12.304
07/02/2014,01:00,11.819
07/02/2014,02:00,11.916
07/02/2014,03:00,12.11
07/02/2014,04:00,11.722
07/02/2014,05:00,10.651
07/02/2014,06:00,11.041
07/02/2014,07:00,11.625
07/02/2014,08:00,13.365
07/02/2014,09:00,15.76
07/02/2014,10:00,16.999
07/02/2014,11:00,16.903
07/02/2014,12:00,17.95
07/02/2014,13:00,19.377
07/02/2014,14:00,17.189
07/02/2014,15:00,16.046
07/02/2014,16:00,16.237
07/02/2014,17:00,16.523
07/02/2014,18:00,16.141
07/02/2014,19:00,14.9
07/02/2014,20:00,15.76
07/02/2014,21:00,15.664
07/02/2014,22:00,15.187
07/02/2014,23:00,14.421
07/03/2014,00:00,13.942
07/03/2014,01:00,13.461
07/03/2014,02:00,13.076
07/03/2014,03:00,12.594
07/03/2014,04:00,12.013
07/03/2014,05:00,11.625
07/03/2014,06:00,11.819
07/03/2014,07:00,13.173
07/03/2014,08:00,14.325
07/03/2014,09:00,15.473
07/03/2014,10:00,16.237
07/03/2014,11:00,16.999
07/03/2014,12:00,16.713
07/03/2014,13:00,16.523
07/03/2014,14:00,15.855
07/03/2014,15:00,15.76
07/03/2014,16:00,15.187
07/03/2014,17:00,15.664
07/03/2014,18:00,16.427
07/03/2014,19:00,16.141
07/03/2014,20:00,15.282
07/03/2014,21:00,14.517
07/03/2014,22:00,13.846
07/03/2014,23:00,13.558
07/04/2014,00:00,13.076
07/04/2014,01:00,12.883
07/04/2014,02:00,12.883
07/04/2014,03:00,12.594
07/04/2014,04:00,12.304
07/04/2014,05:00,12.013
07/04/2014,06:00,11.916
07/04/2014,07:00,12.013
07/04/2014,08:00,12.401
07/04/2014,09:00,12.497
07/04/2014,10:00,13.269
07/04/2014,11:00,14.613
07/04/2014,12:00,14.804
07/04/2014,13:00,14.038
07/04/2014,14:00,14.9
07/04/2014,15:00,14.9
07/04/2014,16:00,14.421
07/04/2014,17:00,14.134
07/04/2014,18:00,13.846
07/04/2014,19:00,13.654
07/04/2014,20:00,13.461
07/04/2014,21:00,12.883
07/04/2014,22:00,12.594
07/04/2014,23:00,12.207
07/05/2014,00:00,11.625
07/05/2014,01:00,11.528
07/05/2014,02:00,11.431
07/05/2014,03:00,11.334
07/05/2014,04:00,11.236
07/05/2014,05:00,11.139
07/05/2014,06:00,11.139
07/05/2014,07:00,11.334
07/05/2014,08:00,11.528
07/05/2014,09:00,11.819
07/05/2014,10:00,12.013
07/05/2014,11:00,12.69
07/05/2014,12:00,13.942
07/05/2014,13:00,14.613
07/05/2014,14:00,14.804
07/05/2014,15:00,14.996
07/05/2014,16:00,15.855
07/05/2014,17:00,15.664
07/05/2014,18:00,15.569
07/05/2014,19:00,14.996
07/05/2014,20:00,14.613
07/05/2014,21:00,14.23
07/05/2014,22:00,13.75
07/05/2014,23:00,13.365
07/06/2014,00:00,13.076
07/06/2014,01:00,12.883
07/06/2014,02:00,12.594
07/06/2014,03:00,11.625
07/06/2014,04:00,11.431
07/06/2014,05:00,10.259
07/06/2014,06:00,10.944
07/06/2014,07:00,11.722
07/06/2014,08:00,12.69
07/06/2014,09:00,13.942
07/06/2014,10:00,14.709
07/06/2014,11:00,14.804
07/06/2014,12:00,14.23
07/06/2014,13:00,14.23
07/06/2014,14:00,14.804
07/06/2014,15:00,15.091
07/06/2014,16:00,14.804
07/06/2014,17:00,15.664
07/06/2014,18:00,15.76
07/06/2014,19:00,15.76
07/06/2014,20:00,15.282
07/06/2014,21:00,14.9
07/06/2014,22:00,13.846
07/06/2014,23:00,12.883
07/07/2014,00:00,11.722
07/07/2014,01:00,10.553
07/07/2014,02:00,9.866
07/07/2014,03:00,9.768
07/07/2014,04:00,9.965
07/07/2014,05:00,10.259
07/07/2014,06:00,10.651
07/07/2014,07:00,10.944
07/07/2014,08:00,11.236
07/07/2014,09:00,12.401
07/07/2014,10:00,13.365
07/07/2014,11:00,13.846
07/07/2014,12:00,13.654
07/07/2014,13:00,14.23
07/07/2014,14:00,14.517
07/07/2014,15:00,14.23
07/07/2014,16:00,13.461
07/07/2014,17:00,13.461
07/07/2014,18:00,12.98
07/07/2014,19:00,13.173
07/07/2014,20:00,13.461
07/07/2014,21:00,13.076
07/07/2014,22:00,12.883
07/07/2014,23:00,12.497
07/08/2014,00:00,12.304
07/08/2014,01:00,12.207
07/08/2014,02:00,12.013
07/08/2014,03:00,12.013
07/08/2014,04:00,11.916
07/08/2014,05:00,11.819
07/08/2014,06:00,11.819
07/08/2014,07:00,12.11
07/08/2014,08:00,12.304
07/08/2014,09:00,12.594
07/08/2014,10:00,12.497
07/08/2014,11:00,13.173
07/08/2014,12:00,13.654
07/08/2014,13:00,13.461
07/08/2014,14:00,13.846
07/08/2014,15:00,14.421
07/08/2014,16:00,14.134
07/08/2014,17:00,14.134
07/08/2014,18:00,13.558
07/08/2014,19:00,13.654
07/08/2014,20:00,13.461
07/08/2014,21:00,13.365
07/08/2014,22:00,12.883
07/08/2014,23:00,12.497
07/09/2014,00:00,12.013
07/09/2014,01:00,11.916
07/09/2014,02:00,11.722
07/09/2014,03:00,11.722
07/09/2014,04:00,11.625
07/09/2014,05:00,11.625
07/09/2014,06:00,11.819
07/09/2014,07:00,12.11
07/09/2014,08:00,12.69
07/09/2014,09:00,12.98
07/09/2014,10:00,13.173
07/09/2014,11:00,13.942
07/09/2014,12:00,13.558
07/09/2014,13:00,13.558
07/09/2014,14:00,14.23
07/09/2014,15:00,14.134
07/09/2014,16:00,15.091
07/09/2014,17:00,15.855
07/09/2014,18:00,15.473
07/09/2014,19:00,14.613
07/09/2014,20:00,14.325
07/09/2014,21:00,13.942
07/09/2014,22:00,13.654
07/09/2014,23:00,13.076
07/10/2014,00:00,12.594
07/10/2014,01:00,12.11
07/10/2014,02:00,11.334
07/10/2014,03:00,11.139
07/10/2014,04:00,11.334
07/10/2014,05:00,10.944
07/10/2014,06:00,11.625
07/10/2014,07:00,12.207
07/10/2014,08:00,13.076
07/10/2014,09:00,13.173
07/10/2014,10:00,13.558
07/10/2014,11:00,12.98
07/10/2014,12:00,13.173
07/10/2014,13:00,13.173
07/10/2014,14:00,13.558
07/10/2014,15:00,13.173
07/10/2014,16:00,14.134
07/10/2014,17:00,13.654
07/10/2014,18:00,13.846
07/10/2014,19:00,13.461
07/10/2014,20:00,13.558
07/10/2014,21:00,12.98
07/10/2014,22:00,12.594
07/10/2014,23:00,12.304
07/11/2014,00:00,11.916
07/11/2014,01:00,11.916
07/11/2014,02:00,11.722
07/11/2014,03:00,11.625
07/11/2014,04:00,11.139
07/11/2014,05:00,10.944
07/11/2014,06:00,10.944
07/11/2014,07:00,11.139
07/11/2014,08:00,11.528
07/11/2014,09:00,12.013
07/11/2014,10:00,12.594
07/11/2014,11:00,12.69
07/11/2014,12:00,13.076
07/11/2014,13:00,13.269
07/11/2014,14:00,13.173
07/11/2014,15:00,13.846
07/11/2014,16:00,13.558
07/11/2014,17:00,13.654
07/11/2014,18:00,13.654
07/11/2014,19:00,13.365
07/11/2014,20:00,13.173
07/11/2014,21:00,13.076
07/11/2014,22:00,12.98
07/11/2014,23:00,12.69
07/12/2014,00:00,12.594
07/12/2014,01:00,12.497
07/12/2014,02:00,12.497
07/12/2014,03:00,12.497
07/12/2014,04:00,12.497
07/12/2014,05:00,12.497
07/12/2014,06:00,12.497
07/12/2014,07:00,12.98
07/12/2014,08:00,13.461
07/12/2014,09:00,13.461
07/12/2014,10:00,13.654
07/12/2014,11:00,13.846
07/12/2014,12:00,14.038
07/12/2014,13:00,14.134
07/12/2014,14:00,14.134
07/12/2014,15:00,14.9
07/12/2014,16:00,14.038
07/12/2014,17:00,14.134
07/12/2014,18:00,14.23
07/12/2014,19:00,14.134
07/12/2014,20:00,14.134
07/12/2014,21:00,14.038
07/12/2014,22:00,13.75
07/12/2014,23:00,13.365
07/13/2014,00:00,13.076
07/13/2014,01:00,12.98
07/13/2014,02:00,12.883
07/13/2014,03:00,12.594
07/13/2014,04:00,12.401
07/13/2014,05:00,12.304
07/13/2014,06:00,12.304
07/13/2014,07:00,12.401
07/13/2014,08:00,12.787
07/13/2014,09:00,13.269
07/13/2014,10:00,13.076
07/13/2014,11:00,12.787
07/13/2014,12:00,12.69
07/13/2014,13:00,13.558
07/13/2014,14:00,13.75
07/13/2014,15:00,14.038
07/13/2014,16:00,13.654
07/13/2014,17:00,13.846
07/13/2014,18:00,13.365
07/13/2014,19:00,13.269
07/13/2014,20:00,12.98
07/13/2014,21:00,12.98
07/13/2014,22:00,12.594
07/13/2014,23:00,12.497
07/14/2014,00:00,12.401
07/14/2014,01:00,12.304
07/14/2014,02:00,12.207
07/14/2014,03:00,12.013
07/14/2014,04:00,11.334
07/14/2014,05:00,11.625
07/14/2014,06:00,11.819
07/14/2014,07:00,12.11
07/14/2014,08:00,12.207
07/14/2014,09:00,12.594
07/14/2014,10:00,13.461
07/14/2014,11:00,13.558
07/14/2014,12:00,14.709
07/14/2014,13:00,14.709
07/14/2014,14:00,15.187
07/14/2014,15:00,14.613
07/14/2014,16:00,14.996
07/14/2014,17:00,14.709
07/14/2014,18:00,14.9
07/14/2014,19:00,14.9
07/14/2014,20:00,14.613
07/14/2014,21:00,13.75
07/14/2014,22:00,12.69
07/14/2014,23:00,11.625
07/15/2014,00:00,11.139
07/15/2014,01:00,11.431
07/15/2014,02:00,11.431
07/15/2014,03:00,11.722
07/15/2014,04:00,11.819
07/15/2014,05:00,11.722
07/15/2014,06:00,11.625
07/15/2014,07:00,11.722
07/15/2014,08:00,11.041
07/15/2014,09:00,11.139
07/15/2014,10:00,12.304
07/15/2014,11:00,12.69
07/15/2014,12:00,12.98
07/15/2014,13:00,12.594
07/15/2014,14:00,13.75
07/15/2014,15:00,13.846
07/15/2014,16:00,14.325
07/15/2014,17:00,13.846
07/15/2014,18:00,14.421
07/15/2014,19:00,14.038
07/15/2014,20:00,13.942
07/15/2014,21:00,13.173
07/15/2014,22:00,12.207
07/15/2014,23:00,11.916
07/16/2014,00:00,11.431
07/16/2014,01:00,10.846
07/16/2014,02:00,10.259
07/16/2014,03:00,8.581
07/16/2014,04:00,8.282
07/16/2014,05:00,8.978
07/16/2014,06:00,9.472
07/16/2014,07:00,10.357
07/16/2014,08:00,10.944
07/16/2014,09:00,11.916
07/16/2014,10:00,12.98
07/16/2014,11:00,14.613
07/16/2014,12:00,13.846
07/16/2014,13:00,15.187
07/16/2014,14:00,14.613
07/16/2014,15:00,14.517
07/16/2014,16:00,14.23
07/16/2014,17:00,13.846
07/16/2014,18:00,13.654
07/16/2014,19:00,13.461
07/16/2014,20:00,13.173
07/16/2014,21:00,12.883
07/16/2014,22:00,12.69
07/16/2014,23:00,11.625
07/17/2014,00:00,10.651
07/17/2014,01:00,10.553
07/17/2014,02:00,10.455
07/17/2014,03:00,10.455
07/17/2014,04:00,10.357
07/17/2014,05:00,10.357
07/17/2014,06:00,10.553
07/17/2014,07:00,10.944
07/17/2014,08:00,11.625
07/17/2014,09:00,12.69
07/17/2014,10:00,13.365
07/17/2014,11:00,14.23
07/17/2014,12:00,15.187
07/17/2014,13:00,14.421
07/17/2014,14:00,13.461
07/17/2014,15:00,13.654
07/17/2014,16:00,13.846
07/17/2014,17:00,14.134
07/17/2014,18:00,13.269
07/17/2014,19:00,13.173
07/17/2014,20:00,12.594
07/17/2014,21:00,12.207
07/17/2014,22:00,11.916
07/17/2014,23:00,11.625
07/18/2014,00:00,11.236
07/18/2014,01:00,11.139
07/18/2014,02:00,10.846
07/18/2014,03:00,10.455
07/18/2014,04:00,8.879
07/18/2014,05:00,7.882
07/18/2014,06:00,8.082
07/18/2014,07:00,9.077
07/18/2014,08:00,11.528
07/18/2014,09:00,12.207
07/18/2014,10:00,13.365
07/18/2014,11:00,14.23
07/18/2014,12:00,14.325
07/18/2014,13:00,14.709
07/18/2014,14:00,14.9
07/18/2014,15:00,14.996
07/18/2014,16:00,15.473
07/18/2014,17:00,15.187
07/18/2014,18:00,15.091
07/18/2014,19:00,14.804
07/18/2014,20:00,14.134
07/18/2014,21:00,13.654
07/18/2014,22:00,12.98
07/18/2014,23:00,12.497
07/19/2014,00:00,11.722
07/19/2014,01:00,10.161
07/19/2014,02:00,9.866
07/19/2014,03:00,9.571
07/19/2014,04:00,8.978
07/19/2014,05:00,9.472
07/19/2014,06:00,10.161
07/19/2014,07:00,10.846
07/19/2014,08:00,11.722
07/19/2014,09:00,12.401
07/19/2014,10:00,12.69
07/19/2014,11:00,12.98
07/19/2014,12:00,13.558
07/19/2014,13:00,13.846
07/19/2014,14:00,14.23
07/19/2014,15:00,14.517
07/19/2014,16:00,14.134
07/19/2014,17:00,14.709
07/19/2014,18:00,14.613
07/19/2014,19:00,14.325
07/19/2014,20:00,14.325
07/19/2014,21:00,14.134
07/19/2014,22:00,13.654
07/19/2014,23:00,13.173
07/20/2014,00:00,12.787
07/20/2014,01:00,12.594
07/20/2014,02:00,12.497
07/20/2014,03:00,12.401
07/20/2014,04:00,12.207
07/20/2014,05:00,12.013
07/20/2014,06:00,12.013
07/20/2014,07:00,12.11
07/20/2014,08:00,12.11
07/20/2014,09:00,12.11
07/20/2014,10:00,12.304
07/20/2014,11:00,12.69
07/20/2014,12:00,12.497
07/20/2014,13:00,12.69
07/20/2014,14:00,12.304
07/20/2014,15:00,12.11
07/20/2014,16:00,12.594
07/20/2014,17:00,12.98
07/20/2014,18:00,13.654
07/20/2014,19:00,13.269
07/20/2014,20:00,12.883
07/20/2014,21:00,12.11
07/20/2014,22:00,11.625
07/20/2014,23:00,11.236
07/21/2014,00:00,9.768
07/21/2014,01:00,9.077
07/21/2014,02:00,7.983
07/21/2014,03:00,7.582
07/21/2014,04:00,7.682
07/21/2014,05:00,7.882
07/21/2014,06:00,7.682
07/21/2014,07:00,9.866
07/21/2014,08:00,10.651
07/21/2014,09:00,12.497
07/21/2014,10:00,13.654
07/21/2014,11:00,14.613
07/21/2014,12:00,15.091
07/21/2014,13:00,15.091
07/21/2014,14:00,16.237
07/21/2014,15:00,16.903
07/21/2014,16:00,16.713
07/21/2014,17:00,16.427
07/21/2014,18:00,15.855
07/21/2014,19:00,16.046
07/21/2014,20:00,16.046
07/21/2014,21:00,14.709
07/21/2014,22:00,13.558
07/21/2014,23:00,12.207
07/22/2014,00:00,11.236
07/22/2014,01:00,10.259
07/22/2014,02:00,10.063
07/22/2014,03:00,9.077
07/22/2014,04:00,8.382
07/22/2014,05:00,7.782
07/22/2014,06:00,7.682
07/22/2014,07:00,8.581
07/22/2014,08:00,11.431
07/22/2014,09:00,14.9
07/22/2014,10:00,16.618
07/22/2014,11:00,16.427
07/22/2014,12:00,16.332
07/22/2014,13:00,16.618
07/22/2014,14:00,16.523
07/22/2014,15:00,16.808
07/22/2014,16:00,16.808
07/22/2014,17:00,16.713
07/22/2014,18:00,16.141
07/22/2014,19:00,15.473
07/22/2014,20:00,14.804
07/22/2014,21:00,13.942
07/22/2014,22:00,13.654
07/22/2014,23:00,13.461
07/23/2014,00:00,13.076
07/23/2014,01:00,12.98
07/23/2014,02:00,12.594
07/23/2014,03:00,12.013
07/23/2014,04:00,11.431
07/23/2014,05:00,11.041
07/23/2014,06:00,11.431
07/23/2014,07:00,12.11
07/23/2014,08:00,12.787
07/23/2014,09:00,12.883
07/23/2014,10:00,12.98
07/23/2014,11:00,12.98
07/23/2014,12:00,13.654
07/23/2014,13:00,13.558
07/23/2014,14:00,13.269
07/23/2014,15:00,12.497
07/23/2014,16:00,12.497
07/23/2014,17:00,12.401
07/23/2014,18:00,12.013
07/23/2014,19:00,11.916
07/23/2014,20:00,11.722
07/23/2014,21:00,11.625
07/23/2014,22:00,11.431
07/23/2014,23:00,11.334
07/24/2014,00:00,11.334
07/24/2014,01:00,11.041
07/24/2014,02:00,11.431
07/24/2014,03:00,11.236
07/24/2014,04:00,11.139
07/24/2014,05:00,11.139
07/24/2014,06:00,11.236
07/24/2014,07:00,11.431
07/24/2014,08:00,11.916
07/24/2014,09:00,12.11
07/24/2014,10:00,12.401
07/24/2014,11:00,13.173
07/24/2014,12:00,13.942
07/24/2014,13:00,14.613
07/24/2014,14:00,14.038
07/24/2014,15:00,13.942
07/24/2014,16:00,13.75
07/24/2014,17:00,14.517
07/24/2014,18:00,13.846
07/24/2014,19:00,13.654
07/24/2014,20:00,13.461
07/24/2014,21:00,12.787
07/24/2014,22:00,12.11
07/24/2014,23:00,11.528
07/25/2014,00:00,11.431
07/25/2014,01:00,11.431
07/25/2014,02:00,11.431
07/25/2014,03:00,11.334
07/25/2014,04:00,11.236
07/25/2014,05:00,10.944
07/25/2014,06:00,10.748
07/25/2014,07:00,11.528
07/25/2014,08:00,12.013
07/25/2014,09:00,12.98
07/25/2014,10:00,14.038
07/25/2014,11:00,12.401
07/25/2014,12:00,13.558
07/25/2014,13:00,14.325
07/25/2014,14:00,15.664
07/25/2014,15:00,15.569
07/25/2014,16:00,15.091
07/25/2014,17:00,14.709
07/25/2014,18:00,15.187
07/25/2014,19:00,14.613
07/25/2014,20:00,13.942
07/25/2014,21:00,13.942
07/25/2014,22:00,13.076
07/25/2014,23:00,12.497
07/26/2014,00:00,12.401
07/26/2014,01:00,12.401
07/26/2014,02:00,11.916
07/26/2014,03:00,11.139
07/26/2014,04:00,10.944
07/26/2014,05:00,10.748
07/26/2014,06:00,11.139
07/26/2014,07:00,11.819
07/26/2014,08:00,11.722
07/26/2014,09:00,12.013
07/26/2014,10:00,12.594
07/26/2014,11:00,13.365
07/26/2014,12:00,14.709
07/26/2014,13:00,14.613
07/26/2014,14:00,14.613
07/26/2014,15:00,14.996
07/26/2014,16:00,15.473
07/26/2014,17:00,14.325
07/26/2014,18:00,14.517
07/26/2014,19:00,13.846
07/26/2014,20:00,13.75
07/26/2014,21:00,13.269
07/26/2014,22:00,12.883
07/26/2014,23:00,12.69
07/27/2014,00:00,12.11
07/27/2014,01:00,11.819
07/27/2014,02:00,11.722
07/27/2014,03:00,11.625
07/27/2014,04:00,11.625
07/27/2014,05:00,11.334
07/27/2014,06:00,11.431
07/27/2014,07:00,11.625
07/27/2014,08:00,12.11
07/27/2014,09:00,12.883
07/27/2014,10:00,13.173
07/27/2014,11:00,12.883
07/27/2014,12:00,13.654
07/27/2014,13:00,13.654
07/27/2014,14:00,13.942
07/27/2014,15:00,14.421
07/27/2014,16:00,14.325
07/27/2014,17:00,13.846
07/27/2014,18:00,13.846
07/27/2014,19:00,13.365
07/27/2014,20:00,13.269
07/27/2014,21:00,12.787
07/27/2014,22:00,12.304
07/27/2014,23:00,11.431
07/28/2014,00:00,10.846
07/28/2014,01:00,10.455
07/28/2014,02:00,10.357
07/28/2014,03:00,9.866
07/28/2014,04:00,9.866
07/28/2014,05:00,9.472
07/28/2014,06:00,9.275
07/28/2014,07:00,9.768
07/28/2014,08:00,11.139
07/28/2014,09:00,12.69
07/28/2014,10:00,14.038
07/28/2014,11:00,14.517
07/28/2014,12:00,14.804
07/28/2014,13:00,16.046
07/28/2014,14:00,17.094
07/28/2014,15:00,16.618
07/28/2014,16:00,16.237
07/28/2014,17:00,16.999
07/28/2014,18:00,16.713
07/28/2014,19:00,16.427
07/28/2014,20:00,15.569
07/28/2014,21:00,14.996
07/28/2014,22:00,14.421
07/28/2014,23:00,13.846
07/29/2014,00:00,13.173
07/29/2014,01:00,12.594
07/29/2014,02:00,12.304
07/29/2014,03:00,11.819
07/29/2014,04:00,11.722
07/29/2014,05:00,11.139
07/29/2014,06:00,11.236
07/29/2014,07:00,11.625
07/29/2014,08:00,12.11
07/29/2014,09:00,12.883
07/29/2014,10:00,13.365
07/29/2014,11:00,13.846
07/29/2014,12:00,14.709
07/29/2014,13:00,15.091
07/29/2014,14:00,15.187
07/29/2014,15:00,14.996
07/29/2014,16:00,14.038
07/29/2014,17:00,14.134
07/29/2014,18:00,13.173
07/29/2014,19:00,12.98
07/29/2014,20:00,12.98
07/29/2014,21:00,12.594
07/29/2014,22:00,11.916
07/29/2014,23:00,11.625
07/30/2014,00:00,11.528
07/30/2014,01:00,11.431
07/30/2014,02:00,11.334
07/30/2014,03:00,11.334
07/30/2014,04:00,11.236
07/30/2014,05:00,10.846
07/30/2014,06:00,10.748
07/30/2014,07:00,10.944
07/30/2014,08:00,11.819
07/30/2014,09:00,12.883
07/30/2014,10:00,12.497
07/30/2014,11:00,12.304
07/30/2014,12:00,12.304
07/30/2014,13:00,13.461
07/30/2014,14:00,14.134
07/30/2014,15:00,14.517
07/30/2014,16:00,13.75
07/30/2014,17:00,13.75
07/30/2014,18:00,13.942
07/30/2014,19:00,14.325
07/30/2014,20:00,14.996
07/30/2014,21:00,14.134
07/30/2014,22:00,12.98
07/30/2014,23:00,11.916
07/31/2014,00:00,10.553
07/31/2014,01:00,9.768
07/31/2014,02:00,8.978
07/31/2014,03:00,8.182
07/31/2014,04:00,7.582
07/31/2014,05:00,6.978
07/31/2014,06:00,7.079
07/31/2014,07:00,7.179
07/31/2014,08:00,9.176
07/31/2014,09:00,12.013
07/31/2014,10:00,14.134
07/31/2014,11:00,14.709
07/31/2014,12:00,15.091
07/31/2014,13:00,15.187
07/31/2014,14:00,15.855
07/31/2014,15:00,16.141
07/31/2014,16:00,15.855
07/31/2014,17:00,15.951
07/31/2014,18:00,15.569
07/31/2014,19:00,14.996
07/31/2014,20:00,14.9
07/31/2014,21:00,14.038
07/31/2014,22:00,13.365
07/31/2014,23:00,11.916
08/01/2014,00:00,10.846
08/01/2014,01:00,9.866
08/01/2014,02:00,9.373
08/01/2014,03:00,9.176
08/01/2014,04:00,9.176
08/01/2014,05:00,9.176
08/01/2014,06:00,9.472
08/01/2014,07:00,9.965
08/01/2014,08:00,10.651
08/01/2014,09:00,11.528
08/01/2014,10:00,12.401
08/01/2014,11:00,14.134
08/01/2014,12:00,13.846
08/01/2014,13:00,14.613
08/01/2014,14:00,15.187
08/01/2014,15:00,15.091
08/01/2014,16:00,15.091
08/01/2014,17:00,14.804
08/01/2014,18:00,14.709
08/01/2014,19:00,14.325
08/01/2014,20:00,13.942
08/01/2014,21:00,13.654
08/01/2014,22:00,13.173
08/01/2014,23:00,12.98
08/02/2014,00:00,12.787
08/02/2014,01:00,12.594
08/02/2014,02:00,12.401
08/02/2014,03:00,12.11
08/02/2014,04:00,11.916
08/02/2014,05:00,11.528
08/02/2014,06:00,11.431
08/02/2014,07:00,11.431
08/02/2014,08:00,11.819
08/02/2014,09:00,12.013
08/02/2014,10:00,12.497
08/02/2014,11:00,13.654
08/02/2014,12:00,14.709
08/02/2014,13:00,15.091
08/02/2014,14:00,14.613
08/02/2014,15:00,15.664
08/02/2014,16:00,16.427
08/02/2014,17:00,16.523
08/02/2014,18:00,16.141
08/02/2014,19:00,16.141
08/02/2014,20:00,15.855
08/02/2014,21:00,14.709
08/02/2014,22:00,14.038
08/02/2014,23:00,13.076
08/03/2014,00:00,12.69
08/03/2014,01:00,12.69
08/03/2014,02:00,12.594
08/03/2014,03:00,12.401
08/03/2014,04:00,12.11
08/03/2014,05:00,12.013
08/03/2014,06:00,12.013
08/03/2014,07:00,12.013
08/03/2014,08:00,11.916
08/03/2014,09:00,12.401
08/03/2014,10:00,13.365
08/03/2014,11:00,14.038
08/03/2014,12:00,14.9
08/03/2014,13:00,14.421
08/03/2014,14:00,14.421
08/03/2014,15:00,15.664
08/03/2014,16:00,16.237
08/03/2014,17:00,17.189
08/03/2014,18:00,15.951
08/03/2014,19:00,15.473
08/03/2014,20:00,15.091
08/03/2014,21:00,14.517
08/03/2014,22:00,14.038
08/03/2014,23:00,13.654
08/04/2014,00:00,13.558
08/04/2014,01:00,13.942
08/04/2014,02:00,13.269
08/04/2014,03:00,13.173
08/04/2014,04:00,12.594
08/04/2014,05:00,12.594
08/04/2014,06:00,13.654
08/04/2014,07:00,12.594
08/04/2014,08:00,13.173
08/04/2014,09:00,13.846
08/04/2014,10:00,14.613
08/04/2014,11:00,15.091
08/04/2014,12:00,15.282
08/04/2014,13:00,15.76
08/04/2014,14:00,15.473
08/04/2014,15:00,15.569
08/04/2014,16:00,14.996
08/04/2014,17:00,14.9
08/04/2014,18:00,14.804
08/04/2014,19:00,14.613
08/04/2014,20:00,14.134
08/04/2014,21:00,13.558
08/04/2014,22:00,12.883
08/04/2014,23:00,12.11
08/05/2014,00:00,11.916
08/05/2014,01:00,11.819
08/05/2014,02:00,11.528
08/05/2014,03:00,11.334
08/05/2014,04:00,11.431
08/05/2014,05:00,11.431
08/05/2014,06:00,11.431
08/05/2014,07:00,11.334
08/05/2014,08:00,11.625
08/05/2014,09:00,12.401
08/05/2014,10:00,12.401
08/05/2014,11:00,13.942
08/05/2014,12:00,15.282
08/05/2014,13:00,14.517
08/05/2014,14:00,13.846
08/05/2014,15:00,13.654
08/05/2014,16:00,14.613
08/05/2014,17:00,15.187
08/05/2014,18:00,14.709
08/05/2014,19:00,14.325
08/05/2014,20:00,13.654
08/05/2014,21:00,12.883
08/05/2014,22:00,12.401
08/05/2014,23:00,12.11
08/06/2014,00:00,11.528
08/06/2014,01:00,11.431
08/06/2014,02:00,11.431
08/06/2014,03:00,11.334
08/06/2014,04:00,11.334
08/06/2014,05:00,11.236
08/06/2014,06:00,11.041
08/06/2014,07:00,11.139
08/06/2014,08:00,11.334
08/06/2014,09:00,12.207
08/06/2014,10:00,12.69
08/06/2014,11:00,13.461
08/06/2014,12:00,13.173
08/06/2014,13:00,13.365
08/06/2014,14:00,14.134
08/06/2014,15:00,12.883
08/06/2014,16:00,13.269
08/06/2014,17:00,13.558
08/06/2014,18:00,13.173
08/06/2014,19:00,12.69
08/06/2014,20:00,12.304
08/06/2014,21:00,12.11
08/06/2014,22:00,11.722
08/06/2014,23:00,11.625
08/07/2014,00:00,11.431
08/07/2014,01:00,11.431
08/07/2014,02:00,11.334
08/07/2014,03:00,11.041
08/07/2014,04:00,11.041
08/07/2014,05:00,10.944
08/07/2014,06:00,11.041
08/07/2014,07:00,11.139
08/07/2014,08:00,11.722
08/07/2014,09:00,12.401
08/07/2014,10:00,13.269
08/07/2014,11:00,14.325
08/07/2014,12:00,14.613
08/07/2014,13:00,15.473
08/07/2014,14:00,13.269
08/07/2014,15:00,13.269
08/07/2014,16:00,14.23
08/07/2014,17:00,12.883
08/07/2014,18:00,13.654
08/07/2014,19:00,13.75
08/07/2014,20:00,13.076
08/07/2014,21:00,12.401
08/07/2014,22:00,11.819
08/07/2014,23:00,11.625
08/08/2014,00:00,11.528
08/08/2014,01:00,11.334
08/08/2014,02:00,11.139
08/08/2014,03:00,10.944
08/08/2014,04:00,10.846
08/08/2014,05:00,10.748
08/08/2014,06:00,10.748
08/08/2014,07:00,11.041
08/08/2014,08:00,11.625
08/08/2014,09:00,12.98
08/08/2014,10:00,13.846
08/08/2014,11:00,13.269
08/08/2014,12:00,14.038
08/08/2014,13:00,14.325
08/08/2014,14:00,14.709
08/08/2014,15:00,15.378
08/08/2014,16:00,14.421
08/08/2014,17:00,13.173
08/08/2014,18:00,12.594
08/08/2014,19:00,12.401
08/08/2014,20:00,12.207
08/08/2014,21:00,11.819
08/08/2014,22:00,11.722
08/08/2014,23:00,11.528
08/09/2014,00:00,11.431
08/09/2014,01:00,11.528
08/09/2014,02:00,11.431
08/09/2014,03:00,11.334
08/09/2014,04:00,11.431
08/09/2014,05:00,11.431
08/09/2014,06:00,11.431
08/09/2014,07:00,11.528
08/09/2014,08:00,11.916
08/09/2014,09:00,12.401
08/09/2014,10:00,12.98
08/09/2014,11:00,13.654
08/09/2014,12:00,14.038
08/09/2014,13:00,14.517
08/09/2014,14:00,14.709
08/09/2014,15:00,14.9
08/09/2014,16:00,14.804
08/09/2014,17:00,15.187
08/09/2014,18:00,14.996
08/09/2014,19:00,14.613
08/09/2014,20:00,13.558
08/09/2014,21:00,12.883
08/09/2014,22:00,12.883
08/09/2014,23:00,12.883
08/10/2014,00:00,12.883
08/10/2014,01:00,12.98
08/10/2014,02:00,13.076
08/10/2014,03:00,12.787
08/10/2014,04:00,12.594
08/10/2014,05:00,12.497
08/10/2014,06:00,12.304
08/10/2014,07:00,12.11
08/10/2014,08:00,12.304
08/10/2014,09:00,12.98
08/10/2014,10:00,13.558
08/10/2014,11:00,13.654
08/10/2014,12:00,14.421
08/10/2014,13:00,14.325
08/10/2014,14:00,14.996
08/10/2014,15:00,14.804
08/10/2014,16:00,14.709
08/10/2014,17:00,14.613
08/10/2014,18:00,14.325
08/10/2014,19:00,14.709
08/10/2014,20:00,14.421
08/10/2014,21:00,14.325
08/10/2014,22:00,14.038
08/10/2014,23:00,13.846
08/11/2014,00:00,13.654
08/11/2014,01:00,13.365
08/11/2014,02:00,13.365
08/11/2014,03:00,13.269
08/11/2014,04:00,13.269
08/11/2014,05:00,13.269
08/11/2014,06:00,13.365
08/11/2014,07:00,13.365
08/11/2014,08:00,13.654
08/11/2014,09:00,14.23
08/11/2014,10:00,14.996
08/11/2014,11:00,15.855
08/11/2014,12:00,15.855
08/11/2014,13:00,16.237
08/11/2014,14:00,15.855
08/11/2014,15:00,15.855
08/11/2014,16:00,15.855
08/11/2014,17:00,14.613
08/11/2014,18:00,13.942
08/11/2014,19:00,13.461
08/11/2014,20:00,13.269
08/11/2014,21:00,12.98
08/11/2014,22:00,13.076
08/11/2014,23:00,12.787
08/12/2014,00:00,12.69
08/12/2014,01:00,12.497
08/12/2014,02:00,12.497
08/12/2014,03:00,12.401
08/12/2014,04:00,12.013
08/12/2014,05:00,11.916
08/12/2014,06:00,11.819
08/12/2014,07:00,11.722
08/12/2014,08:00,12.013
08/12/2014,09:00,12.401
08/12/2014,10:00,13.654
08/12/2014,11:00,14.517
08/12/2014,12:00,16.141
08/12/2014,13:00,15.282
08/12/2014,14:00,15.473
08/12/2014,15:00,14.996
08/12/2014,16:00,15.282
08/12/2014,17:00,15.569
08/12/2014,18:00,15.378
08/12/2014,19:00,14.613
08/12/2014,20:00,14.038
08/12/2014,21:00,13.461
08/12/2014,22:00,13.076
08/12/2014,23:00,12.883
08/13/2014,00:00,12.594
08/13/2014,01:00,12.304
08/13/2014,02:00,12.207
08/13/2014,03:00,12.11
08/13/2014,04:00,11.916
08/13/2014,05:00,11.625
08/13/2014,06:00,11.236
08/13/2014,07:00,11.236
08/13/2014,08:00,11.236
08/13/2014,09:00,11.722
08/13/2014,10:00,12.11
08/13/2014,11:00,12.207
08/13/2014,12:00,12.497
08/13/2014,13:00,12.594
08/13/2014,14:00,12.883
08/13/2014,15:00,13.173
08/13/2014,16:00,13.269
08/13/2014,17:00,13.173
08/13/2014,18:00,13.173
08/13/2014,19:00,13.076
08/13/2014,20:00,12.883
08/13/2014,21:00,12.787
08/13/2014,22:00,12.787
08/13/2014,23:00,12.787
08/14/2014,00:00,12.883
08/14/2014,01:00,12.69
08/14/2014,02:00,12.787
08/14/2014,03:00,12.69
08/14/2014,04:00,12.69
08/14/2014,05:00,12.69
08/14/2014,06:00,12.69
08/14/2014,07:00,12.98
08/14/2014,08:00,12.787
08/14/2014,09:00,12.98
08/14/2014,10:00,13.461
08/14/2014,11:00,13.461
08/14/2014,12:00,13.654
08/14/2014,13:00,13.654
08/14/2014,14:00,13.654
08/14/2014,15:00,13.942
08/14/2014,16:00,13.846
08/14/2014,17:00,13.558
08/14/2014,18:00,13.654
08/14/2014,19:00,13.558
08/14/2014,20:00,13.173
08/14/2014,21:00,13.076
08/14/2014,22:00,13.076
08/14/2014,23:00,13.173
08/15/2014,00:00,12.98
08/15/2014,01:00,13.173
08/15/2014,02:00,13.173
08/15/2014,03:00,13.076
08/15/2014,04:00,12.98
08/15/2014,05:00,12.883
08/15/2014,06:00,12.787
08/15/2014,07:00,12.98
08/15/2014,08:00,12.69
08/15/2014,09:00,12.883
08/15/2014,10:00,12.98
08/15/2014,11:00,13.076
08/15/2014,12:00,13.076
08/15/2014,13:00,13.173
08/15/2014,14:00,13.461
08/15/2014,15:00,13.654
08/15/2014,16:00,14.23
08/15/2014,17:00,13.173
08/15/2014,18:00,13.654
08/15/2014,19:00,14.038
08/15/2014,20:00,13.75
08/15/2014,21:00,13.365
08/15/2014,22:00,13.365
08/15/2014,23:00,11.916
08/16/2014,00:00,11.625
08/16/2014,01:00,11.528
08/16/2014,02:00,11.334
08/16/2014,03:00,11.139
08/16/2014,04:00,10.846
08/16/2014,05:00,10.846
08/16/2014,06:00,10.553
08/16/2014,07:00,11.041
08/16/2014,08:00,11.528
08/16/2014,09:00,11.722
08/16/2014,10:00,12.11
08/16/2014,11:00,12.401
08/16/2014,12:00,12.594
08/16/2014,13:00,12.304
08/16/2014,14:00,12.304
08/16/2014,15:00,12.401
08/16/2014,16:00,12.497
08/16/2014,17:00,12.401
08/16/2014,18:00,12.11
08/16/2014,19:00,11.722
08/16/2014,20:00,11.334
08/16/2014,21:00,10.944
08/16/2014,22:00,10.944
08/16/2014,23:00,11.236
08/17/2014,00:00,11.139
08/17/2014,01:00,11.431
08/17/2014,02:00,11.236
08/17/2014,03:00,11.334
08/17/2014,04:00,11.431
08/17/2014,05:00,11.528
08/17/2014,06:00,11.722
08/17/2014,07:00,12.013
08/17/2014,08:00,12.304
08/17/2014,09:00,12.304
08/17/2014,10:00,12.497
08/17/2014,11:00,13.173
08/17/2014,12:00,13.558
08/17/2014,13:00,13.654
08/17/2014,14:00,13.942
08/17/2014,15:00,14.517
08/17/2014,16:00,14.421
08/17/2014,17:00,14.134
08/17/2014,18:00,13.942
08/17/2014,19:00,13.75
08/17/2014,20:00,13.558
08/17/2014,21:00,13.461
08/17/2014,22:00,13.365
08/17/2014,23:00,13.269
08/18/2014,00:00,13.173
08/18/2014,01:00,12.98
08/18/2014,02:00,12.787
08/18/2014,03:00,12.883
08/18/2014,04:00,12.594
08/18/2014,05:00,12.497
08/18/2014,06:00,12.594
08/18/2014,07:00,12.594
08/18/2014,08:00,12.594
08/18/2014,09:00,12.401
08/18/2014,10:00,12.11
08/18/2014,11:00,12.11
08/18/2014,12:00,12.883
08/18/2014,13:00,13.173
08/18/2014,14:00,13.461
08/18/2014,15:00,13.75
08/18/2014,16:00,13.942
08/18/2014,17:00,14.134
08/18/2014,18:00,14.325
08/18/2014,19:00,13.942
08/18/2014,20:00,13.461
08/18/2014,21:00,13.173
08/18/2014,22:00,12.787
08/18/2014,23:00,12.69
08/19/2014,00:00,12.401
08/19/2014,01:00,12.207
08/19/2014,02:00,12.207
08/19/2014,03:00,12.013
08/19/2014,04:00,11.916
08/19/2014,05:00,11.916
08/19/2014,06:00,11.722
08/19/2014,07:00,11.819
08/19/2014,08:00,12.304
08/19/2014,09:00,12.787
08/19/2014,10:00,13.076
08/19/2014,11:00,13.173
08/19/2014,12:00,13.558
08/19/2014,13:00,14.134
08/19/2014,14:00,14.421
08/19/2014,15:00,14.9
08/19/2014,16:00,14.709
08/19/2014,17:00,14.038
08/19/2014,18:00,13.846
08/19/2014,19:00,13.558
08/19/2014,20:00,13.365
08/19/2014,21:00,13.173
08/19/2014,22:00,12.69
08/19/2014,23:00,12.304
08/20/2014,00:00,12.11
08/20/2014,01:00,12.013
08/20/2014,02:00,11.916
08/20/2014,03:00,10.944
08/20/2014,04:00,10.357
08/20/2014,05:00,10.455
08/20/2014,06:00,10.063
08/20/2014,07:00,9.866
08/20/2014,08:00,9.965
08/20/2014,09:00,11.041
08/20/2014,10:00,11.819
08/20/2014,11:00,13.076
08/20/2014,12:00,14.325
08/20/2014,13:00,13.942
08/20/2014,14:00,14.517
08/20/2014,15:00,14.9
08/20/2014,16:00,14.996
08/20/2014,17:00,14.804
08/20/2014,18:00,14.421
08/20/2014,19:00,14.134
08/20/2014,20:00,13.846
08/20/2014,21:00,12.69
08/20/2014,22:00,11.431
08/20/2014,23:00,10.553
08/21/2014,00:00,9.965
08/21/2014,01:00,9.472
08/21/2014,02:00,9.275
08/21/2014,03:00,8.879
08/21/2014,04:00,8.382
08/21/2014,05:00,7.782
08/21/2014,06:00,7.481
08/21/2014,07:00,7.179
08/21/2014,08:00,8.082
08/21/2014,09:00,10.651
08/21/2014,10:00,13.173
08/21/2014,11:00,15.282
08/21/2014,12:00,15.855
08/21/2014,13:00,14.9
08/21/2014,14:00,16.427
08/21/2014,15:00,16.141
08/21/2014,16:00,14.9
08/21/2014,17:00,13.654
08/21/2014,18:00,14.038
08/21/2014,19:00,14.134
08/21/2014,20:00,13.461
08/21/2014,21:00,12.304
08/21/2014,22:00,11.041
08/21/2014,23:00,10.651
08/22/2014,00:00,10.161
08/22/2014,01:00,10.063
08/22/2014,02:00,9.669
08/22/2014,03:00,9.669
08/22/2014,04:00,9.571
08/22/2014,05:00,9.669
08/22/2014,06:00,9.077
08/22/2014,07:00,8.978
08/22/2014,08:00,9.472
08/22/2014,09:00,10.161
08/22/2014,10:00,11.722
08/22/2014,11:00,13.558
08/22/2014,12:00,15.569
08/22/2014,13:00,15.473
08/22/2014,14:00,14.996
08/22/2014,15:00,14.134
08/22/2014,16:00,14.517
08/22/2014,17:00,14.613
08/22/2014,18:00,14.134
08/22/2014,19:00,13.846
08/22/2014,20:00,13.654
08/22/2014,21:00,13.173
08/22/2014,22:00,12.787
08/22/2014,23:00,12.69
08/23/2014,00:00,12.013
08/23/2014,01:00,10.748
08/23/2014,02:00,9.866
08/23/2014,03:00,9.472
08/23/2014,04:00,9.077
08/23/2014,05:00,8.282
08/23/2014,06:00,7.582
08/23/2014,07:00,7.381
08/23/2014,08:00,8.182
08/23/2014,09:00,11.722
08/23/2014,10:00,12.98
08/23/2014,11:00,13.75
08/23/2014,12:00,13.654
08/23/2014,13:00,14.517
08/23/2014,14:00,15.569
08/23/2014,15:00,15.855
08/23/2014,16:00,15.951
08/23/2014,17:00,14.804
08/23/2014,18:00,14.325
08/23/2014,19:00,13.846
08/23/2014,20:00,13.173
08/23/2014,21:00,12.401
08/23/2014,22:00,11.528
08/23/2014,23:00,10.846
08/24/2014,00:00,10.455
08/24/2014,01:00,10.748
08/24/2014,02:00,10.748
08/24/2014,03:00,10.553
08/24/2014,04:00,10.063
08/24/2014,05:00,9.965
08/24/2014,06:00,10.063
08/24/2014,07:00,10.259
08/24/2014,08:00,10.553
08/24/2014,09:00,10.846
08/24/2014,10:00,11.819
08/24/2014,11:00,12.11
08/24/2014,12:00,12.207
08/24/2014,13:00,12.497
08/24/2014,14:00,12.594
08/24/2014,15:00,12.787
08/24/2014,16:00,12.69
08/24/2014,17:00,12.69
08/24/2014,18:00,12.69
08/24/2014,19:00,12.207
08/24/2014,20:00,11.916
08/24/2014,21:00,12.013
08/24/2014,22:00,12.11
08/24/2014,23:00,12.304
08/25/2014,00:00,12.304
08/25/2014,01:00,12.207
08/25/2014,02:00,12.11
08/25/2014,03:00,12.207
08/25/2014,04:00,12.401
08/25/2014,05:00,12.304
08/25/2014,06:00,12.401
08/25/2014,07:00,12.207
08/25/2014,08:00,12.594
08/25/2014,09:00,12.883
08/25/2014,10:00,13.558
08/25/2014,11:00,13.558
08/25/2014,12:00,14.325
08/25/2014,13:00,14.421
08/25/2014,14:00,14.804
08/25/2014,15:00,15.282
08/25/2014,16:00,15.187
08/25/2014,17:00,13.654
08/25/2014,18:00,13.558
08/25/2014,19:00,13.461
08/25/2014,20:00,13.076
08/25/2014,21:00,12.594
08/25/2014,22:00,12.401
08/25/2014,23:00,12.304
08/26/2014,00:00,11.819
08/26/2014,01:00,11.625
08/26/2014,02:00,11.722
08/26/2014,03:00,11.625
08/26/2014,04:00,11.431
08/26/2014,05:00,11.041
08/26/2014,06:00,10.259
08/26/2014,07:00,10.259
08/26/2014,08:00,10.357
08/26/2014,09:00,10.748
08/26/2014,10:00,11.334
08/26/2014,11:00,11.722
08/26/2014,12:00,13.076
08/26/2014,13:00,13.173
08/26/2014,14:00,13.558
08/26/2014,15:00,13.846
08/26/2014,16:00,14.134
08/26/2014,17:00,13.558
08/26/2014,18:00,13.558
08/26/2014,19:00,13.461
08/26/2014,20:00,12.98
08/26/2014,21:00,12.304
08/26/2014,22:00,11.722
08/26/2014,23:00,11.625
08/27/2014,00:00,11.431
08/27/2014,01:00,10.944
08/27/2014,02:00,10.553
08/27/2014,03:00,10.455
08/27/2014,04:00,10.161
08/27/2014,05:00,9.866
08/27/2014,06:00,9.768
08/27/2014,07:00,9.866
08/27/2014,08:00,10.259
08/27/2014,09:00,11.139
08/27/2014,10:00,12.401
08/27/2014,11:00,14.038
08/27/2014,12:00,14.134
08/27/2014,13:00,13.942
08/27/2014,14:00,13.076
08/27/2014,15:00,12.883
08/27/2014,16:00,13.461
08/27/2014,17:00,12.883
08/27/2014,18:00,12.98
08/27/2014,19:00,12.497
08/27/2014,20:00,12.304
08/27/2014,21:00,11.528
08/27/2014,22:00,11.041
08/27/2014,23:00,11.041
08/28/2014,00:00,11.041
08/28/2014,01:00,10.846
08/28/2014,02:00,10.846
08/28/2014,03:00,10.748
08/28/2014,04:00,10.651
08/28/2014,05:00,10.651
08/28/2014,06:00,10.553
08/28/2014,07:00,10.455
08/28/2014,08:00,10.651
08/28/2014,09:00,10.748
08/28/2014,10:00,11.334
08/28/2014,11:00,12.304
08/28/2014,12:00,12.497
08/28/2014,13:00,12.787
08/28/2014,14:00,12.497
08/28/2014,15:00,12.013
08/28/2014,16:00,12.013
08/28/2014,17:00,11.916
08/28/2014,18:00,11.722
08/28/2014,19:00,11.431
08/28/2014,20:00,11.334
08/28/2014,21:00,11.041
08/28/2014,22:00,11.041
08/28/2014,23:00,10.748
08/29/2014,00:00,10.553
08/29/2014,01:00,10.063
08/29/2014,02:00,10.357
08/29/2014,03:00,10.357
08/29/2014,04:00,9.866
08/29/2014,05:00,9.373
08/29/2014,06:00,9.077
08/29/2014,07:00,9.176
08/29/2014,08:00,9.965
08/29/2014,09:00,11.431
08/29/2014,10:00,12.207
08/29/2014,11:00,12.883
08/29/2014,12:00,13.558
08/29/2014,13:00,14.325
08/29/2014,14:00,14.134
08/29/2014,15:00,14.325
08/29/2014,16:00,14.613
08/29/2014,17:00,14.23
08/29/2014,18:00,13.75
08/29/2014,19:00,13.654
08/29/2014,20:00,12.787
08/29/2014,21:00,11.528
08/29/2014,22:00,10.553
08/29/2014,23:00,9.768
08/30/2014,00:00,9.571
08/30/2014,01:00,9.768
08/30/2014,02:00,9.472
08/30/2014,03:00,9.571
08/30/2014,04:00,9.571
08/30/2014,05:00,9.472
08/30/2014,06:00,9.077
08/30/2014,07:00,9.373
08/30/2014,08:00,10.063
08/30/2014,09:00,11.528
08/30/2014,10:00,12.497
08/30/2014,11:00,12.207
08/30/2014,12:00,11.722
08/30/2014,13:00,12.11
08/30/2014,14:00,12.69
08/30/2014,15:00,12.207
08/30/2014,16:00,12.207
08/30/2014,17:00,12.304
08/30/2014,18:00,11.819
08/30/2014,19:00,11.625
08/30/2014,20:00,11.334
08/30/2014,21:00,11.334
08/30/2014,22:00,10.651
08/30/2014,23:00,10.553
08/31/2014,00:00,10.063
08/31/2014,01:00,10.063
08/31/2014,02:00,10.259
08/31/2014,03:00,10.357
08/31/2014,04:00,10.063
08/31/2014,05:00,9.472
08/31/2014,06:00,9.472
08/31/2014,07:00,9.472
08/31/2014,08:00,10.063
08/31/2014,09:00,10.259
08/31/2014,10:00,10.748
08/31/2014,11:00,11.625
08/31/2014,12:00,11.722
08/31/2014,13:00,11.722
08/31/2014,14:00,11.722
08/31/2014,15:00,11.625
08/31/2014,16:00,11.528
08/31/2014,17:00,11.139
08/31/2014,18:00,11.431
08/31/2014,19:00,11.236
08/31/2014,20:00,11.236
08/31/2014,21:00,10.944
08/31/2014,22:00,10.846
08/31/2014,23:00,10.553
09/01/2014,00:00,10.455
09/01/2014,01:00,10.357
09/01/2014,02:00,9.866
09/01/2014,03:00,9.768
09/01/2014,04:00,9.669
09/01/2014,05:00,9.669
09/01/2014,06:00,9.571
09/01/2014,07:00,9.571
09/01/2014,08:00,9.965
09/01/2014,09:00,10.846
09/01/2014,10:00,11.236
09/01/2014,11:00,12.207
09/01/2014,12:00,13.076
09/01/2014,13:00,14.038
09/01/2014,14:00,14.23
09/01/2014,15:00,14.134
09/01/2014,16:00,14.134
09/01/2014,17:00,13.461
09/01/2014,18:00,13.076
09/01/2014,19:00,12.883
09/01/2014,20:00,12.013
09/01/2014,21:00,10.455
09/01/2014,22:00,9.373
09/01/2014,23:00,8.581
09/02/2014,00:00,7.782
09/02/2014,01:00,7.582
09/02/2014,02:00,6.471
09/02/2014,03:00,6.268
09/02/2014,04:00,5.962
09/02/2014,05:00,6.064
09/02/2014,06:00,5.86
09/02/2014,07:00,6.064
09/02/2014,08:00,6.268
09/02/2014,09:00,9.176
09/02/2014,10:00,10.748
09/02/2014,11:00,14.996
09/02/2014,12:00,14.709
09/02/2014,13:00,13.942
09/02/2014,14:00,14.23
09/02/2014,15:00,14.038
09/02/2014,16:00,13.365
09/02/2014,17:00,14.134
09/02/2014,18:00,13.654
09/02/2014,19:00,12.98
09/02/2014,20:00,11.819
09/02/2014,21:00,11.431
09/02/2014,22:00,11.431
09/02/2014,23:00,11.334
09/03/2014,00:00,11.236
09/03/2014,01:00,11.236
09/03/2014,02:00,11.236
09/03/2014,03:00,11.041
09/03/2014,04:00,10.944
09/03/2014,05:00,10.846
09/03/2014,06:00,10.748
09/03/2014,07:00,10.846
09/03/2014,08:00,10.846
09/03/2014,09:00,11.236
09/03/2014,10:00,11.528
09/03/2014,11:00,11.916
09/03/2014,12:00,12.497
09/03/2014,13:00,12.98
09/03/2014,14:00,13.654
09/03/2014,15:00,13.654
09/03/2014,16:00,13.461
09/03/2014,17:00,13.558
09/03/2014,18:00,13.558
09/03/2014,19:00,13.173
09/03/2014,20:00,12.883
09/03/2014,21:00,12.69
09/03/2014,22:00,12.401
09/03/2014,23:00,12.207
09/04/2014,00:00,12.11
09/04/2014,01:00,12.013
09/04/2014,02:00,11.625
09/04/2014,03:00,11.528
09/04/2014,04:00,11.334
09/04/2014,05:00,11.334
09/04/2014,06:00,11.334
09/04/2014,07:00,11.334
09/04/2014,08:00,11.431
09/04/2014,09:00,11.819
09/04/2014,10:00,12.401
09/04/2014,11:00,12.497
09/04/2014,12:00,12.787
09/04/2014,13:00,12.883
09/04/2014,14:00,12.883
09/04/2014,15:00,13.173
09/04/2014,16:00,13.173
09/04/2014,17:00,12.69
09/04/2014,18:00,12.207
09/04/2014,19:00,11.916
09/04/2014,20:00,11.431
09/04/2014,21:00,11.431
09/04/2014,22:00,11.139
09/04/2014,23:00,11.236
09/05/2014,00:00,11.334
09/05/2014,01:00,11.431
09/05/2014,02:00,11.625
09/05/2014,03:00,11.819
09/05/2014,04:00,11.722
09/05/2014,05:00,11.722
09/05/2014,06:00,11.916
09/05/2014,07:00,12.207
09/05/2014,08:00,12.401
09/05/2014,09:00,12.594
09/05/2014,10:00,12.98
09/05/2014,11:00,13.461
09/05/2014,12:00,14.325
09/05/2014,13:00,14.325
09/05/2014,14:00,14.325
09/05/2014,15:00,14.421
09/05/2014,16:00,14.517
09/05/2014,17:00,14.613
09/05/2014,18:00,14.517
09/05/2014,19:00,14.517
09/05/2014,20:00,14.325
09/05/2014,21:00,14.23
09/05/2014,22:00,13.846
09/05/2014,23:00,14.038
09/06/2014,00:00,13.558
09/06/2014,01:00,13.365
09/06/2014,02:00,13.365
09/06/2014,03:00,13.654
09/06/2014,04:00,13.173
09/06/2014,05:00,12.883
09/06/2014,06:00,12.594
09/06/2014,07:00,12.594
09/06/2014,08:00,12.787
09/06/2014,09:00,13.558
09/06/2014,10:00,14.134
09/06/2014,11:00,14.613
09/06/2014,12:00,14.804
09/06/2014,13:00,14.038
09/06/2014,14:00,14.038
09/06/2014,15:00,14.134
09/06/2014,16:00,13.942
09/06/2014,17:00,13.75
09/06/2014,18:00,13.461
09/06/2014,19:00,13.173
09/06/2014,20:00,12.787
09/06/2014,21:00,12.594
09/06/2014,22:00,12.401
09/06/2014,23:00,12.304
09/07/2014,00:00,12.69
09/07/2014,01:00,12.401
09/07/2014,02:00,12.013
09/07/2014,03:00,11.819
09/07/2014,04:00,11.722
09/07/2014,05:00,11.722
09/07/2014,06:00,11.334
09/07/2014,07:00,11.528
09/07/2014,08:00,11.722
09/07/2014,09:00,11.625
09/07/2014,10:00,12.11
09/07/2014,11:00,13.654
09/07/2014,12:00,14.325
09/07/2014,13:00,13.558
09/07/2014,14:00,14.134
09/07/2014,15:00,14.517
09/07/2014,16:00,14.804
09/07/2014,17:00,14.709
09/07/2014,18:00,14.517
09/07/2014,19:00,14.134
09/07/2014,20:00,12.69
09/07/2014,21:00,11.819
09/07/2014,22:00,11.528
09/07/2014,23:00,10.357
09/08/2014,00:00,9.571
09/08/2014,01:00,9.077
09/08/2014,02:00,8.581
09/08/2014,03:00,8.082
09/08/2014,04:00,8.082
09/08/2014,05:00,7.582
09/08/2014,06:00,6.877
09/08/2014,07:00,6.37
09/08/2014,08:00,6.775
09/08/2014,09:00,8.879
09/08/2014,10:00,10.944
09/08/2014,11:00,12.11
09/08/2014,12:00,14.804
09/08/2014,13:00,16.237
09/08/2014,14:00,16.999
09/08/2014,15:00,15.091
09/08/2014,16:00,14.517
09/08/2014,17:00,14.517
09/08/2014,18:00,14.421
09/08/2014,19:00,13.558
09/08/2014,20:00,12.787
09/08/2014,21:00,12.207
09/08/2014,22:00,11.916
09/08/2014,23:00,11.041
09/09/2014,00:00,10.063
09/09/2014,01:00,9.373
09/09/2014,02:00,8.879
09/09/2014,03:00,8.481
09/09/2014,04:00,8.182
09/09/2014,05:00,7.582
09/09/2014,06:00,7.179
09/09/2014,07:00,6.674
09/09/2014,08:00,7.481
09/09/2014,09:00,9.275
09/09/2014,10:00,11.625
09/09/2014,11:00,15.091
09/09/2014,12:00,16.523
09/09/2014,13:00,16.332
09/09/2014,14:00,16.237
09/09/2014,15:00,15.569
09/09/2014,16:00,15.664
09/09/2014,17:00,14.9
09/09/2014,18:00,14.23
09/09/2014,19:00,13.846
09/09/2014,20:00,12.883
09/09/2014,21:00,12.013
09/09/2014,22:00,11.528
09/09/2014,23:00,11.236
09/10/2014,00:00,11.139
09/10/2014,01:00,10.748
09/10/2014,02:00,10.553
09/10/2014,03:00,10.846
09/10/2014,04:00,10.357
09/10/2014,05:00,10.357
09/10/2014,06:00,10.455
09/10/2014,07:00,10.357
09/10/2014,08:00,10.553
09/10/2014,09:00,11.625
09/10/2014,10:00,12.594
09/10/2014,11:00,13.846
09/10/2014,12:00,14.613
09/10/2014,13:00,14.996
09/10/2014,14:00,16.999
09/10/2014,15:00,15.091
09/10/2014,16:00,13.558
09/10/2014,17:00,11.916
09/10/2014,18:00,11.528
09/10/2014,19:00,11.236
09/10/2014,20:00,11.041
09/10/2014,21:00,10.553
09/10/2014,22:00,10.161
09/10/2014,23:00,9.965
09/11/2014,00:00,9.768
09/11/2014,01:00,9.965
09/11/2014,02:00,10.063
09/11/2014,03:00,10.357
09/11/2014,04:00,10.651
09/11/2014,05:00,10.553
09/11/2014,06:00,10.553
09/11/2014,07:00,10.651
09/11/2014,08:00,11.139
09/11/2014,09:00,11.431
09/11/2014,10:00,11.819
09/11/2014,11:00,12.401
09/11/2014,12:00,13.076
09/11/2014,13:00,13.076
