"date","avg_temperature","std_temperature","precision","corrected_temp"
NA,-5.88,3.52803061211209,0.0803406443319676,NA
NA,-4.18,3.28283414140891,0.092790201354737,NA
NA,-1.46,3.76935007660472,0.0703828828828829,NA
NA,3.66,1.53720525630119,0.423190859077444,NA
NA,6.7,0.987420882906575,1.02564102564103,NA
NA,10.32,1.96519719112358,0.258933195235629,NA
NA,13.8,2.08686367547092,0.229621125143513,NA
NA,12.38,1.35166563912826,0.547345374931582,NA
NA,9.12,0.69065186599328,2.09643605870021,NA
NA,4.3,0.632455532033676,2.5,NA
NA,-1.32,1.9110206696946,0.27382256297919,NA
NA,-3.64,0.665582451691749,2.25733634311512,NA
NA,-4.38,2.74718037267304,0.13250298131708,NA
NA,-4.12,4.58224835642941,0.0476258513120922,NA
NA,-0.38,2.32099116758337,0.185632077222944,NA
NA,3.84,1.02615788258922,0.949667616334283,NA
NA,7.1,1.06066017177982,0.888888888888889,NA
NA,10.06,1.1216059914248,0.794912559618442,NA
NA,12.8,0.927361849549571,1.16279069767442,NA
NA,12.46,0.893308457365092,1.2531328320802,NA
NA,9.48,1.37731623093609,0.527148128624144,NA
NA,3.94,1.99323857076869,0.251698968034231,NA
NA,-1.94,3.61427724448471,0.0765520936997627,NA
NA,-3.78,2.7994642344563,0.127599846880184,NA
NA,-3.6,3.13687742827162,0.101626016260163,NA
NA,-4.32,2.34350165350912,0.182083029861617,NA
NA,-1.72,2.69851811185324,0.137324910738808,NA
NA,3.84,1.60093722550261,0.390167772142021,NA
NA,7.12,0.216794833886788,21.2765957446809,NA
NA,10.94,1.7343586710943,0.332446808510638,NA
NA,13.78,1.764086165696,0.32133676092545,NA
NA,12.38,1.49899966644426,0.445037828215398,NA
NA,8.92,0.52630789467763,3.6101083032491,NA
NA,4.22,1.86333035181634,0.288018433179724,NA
NA,-1.18,2.40873410736843,0.172354360565322,NA
NA,-2.98,1.66042163320043,0.362713093942691,NA
NA,-5.02,2.66870755235563,0.1404099971918,NA
NA,-1.94,3.36050591429326,0.0885504294695829,NA
NA,0.38,1.09635760589326,0.831946755407654,NA
NA,5.02,1.80471604414656,0.307031010132023,NA
NA,7.98,0.454972526643093,4.83091787439613,NA
NA,11.94,1.53231850475024,0.425894378194208,NA
NA,14.22,1.20291313069565,0.691085003455425,NA
NA,12.72,0.739594483484024,1.82815356489945,NA
NA,8.9,1.6015617378047,0.389863547758284,NA
NA,5.16,1.91911437908218,0.271517784414879,NA
NA,-0.08,1.92145777991607,0.270855904658722,NA
NA,-5.58,3.70364685141551,0.0729022380987096,NA
NA,-3.34,3.60319302841244,0.0770238003543095,NA
NA,-3.2,1.65529453572468,0.364963503649635,NA
NA,-0.22,3.50385501983173,0.0814531237272949,NA
NA,4.52,1.06630202100531,0.879507475813545,NA
NA,8.16,1.51261363209512,0.437062937062937,NA
NA,12.84,2.14429475585797,0.217485863418878,NA
NA,15.2,1.06301458127346,0.88495575221239,NA
NA,14.24,1.37222447143315,0.531067445565587,NA
NA,9.6,1.19582607431014,0.6993006993007,NA
NA,4.74,0.598331012066064,2.79329608938547,NA
NA,-0.4,0.982344135219425,1.03626943005181,NA
NA,-3.78,1.06160256216722,0.887311446317657,NA
NA,-3.52,2.27310360520589,0.193535900909619,NA
NA,-0.34,3.08025972930855,0.10539629005059,NA
NA,1.5,2.12014150471142,0.222469410456062,NA
NA,4.92,1.28335497817245,0.607164541590771,NA
NA,8.92,1.37003649586425,0.532765050612679,NA
NA,12.68,1.06395488626163,0.88339222614841,NA
NA,14.64,1.26015872016187,0.629722921914358,NA
NA,12.88,1.06160256216722,0.887311446317658,NA
NA,10.34,1.14149025401008,0.76745970836531,NA
NA,4.86,0.502991053598372,3.95256916996047,NA
NA,-1.02,2.24655291502337,0.198137507430157,NA
NA,-3.98,4.56146906160724,0.0480607487864661,NA
NA,-2.62,0.729383301152419,1.8796992481203,NA
NA,-0.02,2.73349593012318,0.133832976445396,NA
NA,0.16,2.07677634809336,0.231857175979597,NA
NA,3.4,3.24345494804537,0.0950570342205323,NA
NA,8,1.65981926726978,0.362976406533575,NA
NA,11.84,2.29303292606103,0.190186382655002,NA
NA,14.3,1.80138835346518,0.308166409861325,NA
NA,13.12,0.898331787259028,1.23915737298637,NA
NA,9.74,0.861974477580398,1.34589502018842,NA
NA,4.98,0.719027120489902,1.93423597678917,NA
NA,0.48,0.746324326281812,1.79533213644524,NA
NA,-2.12,2.48435102189687,0.16202203499676,NA
NA,-2.94,3.85784914168504,0.0671907545521736,NA
NA,-1.6,2.62392835268039,0.145243282498184,NA
NA,1.88,1.56428897586092,0.408663669799755,NA
NA,5.28,1.52381101190404,0.430663221360896,NA
NA,8.46,0.694982014155762,2.0703933747412,NA
NA,13.42,1.75698605572156,0.323939099449303,NA
NA,14.5,1.06301458127347,0.884955752212389,NA
NA,13.76,1.32966161108757,0.565610859728507,NA
NA,10.32,1.03537432844358,0.932835820895522,NA
NA,4.56,2.31365511690917,0.186811133943583,NA
NA,-3.62,4.66979656944497,0.045856834961251,NA
NA,-4.56,3.05663213357447,0.107032002568768,NA
NA,-3.32,1.82263545449988,0.301023479831427,NA
NA,-3.34,2.33944437847964,0.182715147085693,NA
NA,0.42,1.57384878562078,0.40371417036738,NA
NA,3.72,2.32422029936923,0.185116623472788,NA
NA,7.6,1.37658998979362,0.527704485488127,NA
NA,12.14,1.26806939873179,0.621890547263682,NA
NA,14.54,1.94370779696949,0.264690312334568,NA
NA,14.14,1.49432258900145,0.447828034034931,NA
NA,10.06,0.658027355054484,2.3094688221709,NA
NA,5.02,0.637965516309463,2.45700245700246,NA
NA,1.78,1.47207336773681,0.461467466543609,NA
NA,-2.6,2.61438329248027,0.146305779078274,NA
NA,-5.46,3.74205825716276,0.0714132685853032,NA
NA,-3.12,3.05892137852544,0.106871860639094,NA
NA,-0.8,2.00124960961895,0.249687890137328,NA
NA,3.38,1.20291313069565,0.691085003455425,NA
NA,7.12,0.460434577328854,4.71698113207547,NA
NA,10.72,1.37731623093609,0.527148128624143,NA
NA,13.52,1.41138230115019,0.502008032128514,NA
NA,12.54,0.963327566303384,1.07758620689655,NA
NA,9,0.827647267862342,1.45985401459854,NA
NA,4.06,0.726636084983398,1.89393939393939,NA
NA,-2.76,1.40996453856117,0.503018108651911,NA
NA,-3.46,3.61150937974692,0.0766694778808556,NA
NA,-2.66,1.68315180539368,0.352982703847511,NA
NA,-1.46,2.82010638097218,0.125738714950333,NA
NA,1.54,1.3630847369111,0.538213132400431,NA
NA,5.22,1.01833196944808,0.964320154291225,NA
NA,8.56,0.541294744108974,3.41296928327645,NA
NA,12.26,0.934344690143846,1.1454753722795,NA
NA,14.36,1.2934450123604,0.597728631201434,NA
NA,12.84,0.397492138287036,6.32911392405063,NA
NA,8.72,1.29112354172635,0.599880023995201,NA
NA,4.74,3.71456592349631,0.0724742716335701,NA
NA,0.28,4.09292071753168,0.059694364851958,NA
NA,-1.7,2.46475150877325,0.164609053497942,NA
NA,-3.18,1.19874934827928,0.69589422407794,NA
NA,1.18,0.998498873309329,1.00300902708124,NA
NA,1.68,1.50565600320923,0.441111601235113,NA
NA,4.72,1.81438694880668,0.303766707168894,NA
NA,8.24,0.568330889535313,3.09597523219814,NA
NA,12.24,1.22188379152847,0.669792364367046,NA
NA,14.34,1.36491757992928,0.536768652710681,NA
NA,13.3,0.863133825081603,1.34228187919463,NA
NA,11.12,1.32928552237659,0.565930956423316,NA
NA,6.56,2.01940585321525,0.245218244237371,NA
NA,0.28,2.72066168422316,0.135098621994056,NA
NA,-2.66,1.5009996668887,0.443852640923213,NA
NA,-4.26,1.69499262535269,0.348068221371389,NA
NA,-2.44,1.03101891350256,0.940733772342427,NA
NA,0.82,2.97775082906545,0.112777715123492,NA
NA,4.82,1.51558569536665,0.43535045711798,NA
NA,8.16,0.642650760522385,2.42130750605327,NA
NA,11.46,0.403732584763727,6.13496932515336,NA
NA,14.08,1.34981480211176,0.548847420417123,NA
NA,13.12,1.17132403714771,0.728862973760933,NA
NA,10.3,0.951314879522022,1.10497237569061,NA
NA,4.36,0.585662018573853,2.91545189504373,NA
NA,-3.14,2.0452383724153,0.23906287353574,NA
NA,-3.72,1.26372465355393,0.626174076393237,NA
NA,-2.34,4.00786726327108,0.0622548714436905,NA
NA,-1.32,3.2476145091436,0.0948136910969944,NA
NA,0.68,2.43864716595083,0.168152009416512,NA
NA,3.92,2.01047258126044,0.24740227610094,NA
NA,8.4,1.07238052947636,0.869565217391305,NA
NA,12.74,2.17784296954579,0.210837022981235,NA
NA,13.42,0.432434966208793,5.3475935828877,NA
NA,13.08,1.13004424692133,0.783085356303836,NA
NA,9.8,1.07935165724614,0.858369098712447,NA
NA,3.7,2.06760731281353,0.233918128654971,NA
NA,-1.72,1.73982757766395,0.330360092500826,NA
NA,-2.8,3.34888040992807,0.0891662951404369,NA
NA,-4.8,2.07002415444845,0.233372228704784,NA
NA,-1.46,1.30690474021636,0.585480093676815,NA
NA,2.38,1.91363528395564,0.273074822501365,NA
NA,6.22,2.35095725184445,0.180929980097702,NA
NA,8.72,1.84580605698432,0.293513354857646,NA
NA,12.18,1.71668284782018,0.339328130302002,NA
NA,14.82,0.861394218694321,1.34770889487871,NA
NA,13.44,1.29151074327704,0.599520383693046,NA
NA,10.74,1.41527382509534,0.499251123315028,NA
NA,5.46,1.75157072366491,0.325945241199478,NA
NA,0.0199999999999999,2.71514272184723,0.135648399348888,NA
NA,-2.44,3.27077972355217,0.093475415965601,NA
NA,-2.78,2.34989361461322,0.181093806591815,NA
NA,-1.72,3.57309389745078,0.0783269366335083,NA
NA,0.78,2.78424136884718,0.128998968008256,NA
NA,5.56,1.74728360605827,0.327546675401245,NA
NA,8.54,1.5009996668887,0.443852640923213,NA
NA,13.66,0.642650760522385,2.42130750605327,NA
NA,16.08,1.74269905606218,0.329272308198881,NA
NA,14.7,1.15758369027902,0.746268656716418,NA
NA,10.78,1.26767503722366,0.622277535780959,NA
NA,5.88,1.90184121314057,0.276472214542439,NA
NA,-0.44,4.0679233031118,0.0604302634759488,NA
NA,-5.84,4.39010250449804,0.0518860582161573,NA
NA,-2,1.40890028036054,0.503778337531486,NA
NA,-2.42,1.17983049630021,0.718390804597701,NA
NA,-1.02,1.98544705293292,0.253678335870117,NA
NA,3.76,0.853229160308062,1.37362637362637,NA
NA,8.6,0.781024967590666,1.63934426229508,NA
NA,12.14,1.32211951048307,0.5720823798627,NA
NA,14.04,0.746993975879323,1.7921146953405,NA
NA,14.32,1.17345643293648,0.726216412490923,NA
NA,10.7,0.894427190999916,1.25,NA
NA,6.14,1.01636607578175,0.968054211035818,NA
NA,-0.4,3.53977400408557,0.0798084596967278,NA
NA,-4.48,3.51098276839975,0.0811227387036586,NA
NA,-4.74,3.41364907393833,0.0858148116364884,NA
NA,-1.62,3.22598822068525,0.0960891707504564,NA
NA,0.72,3.11961536090589,0.10275380189067,NA
NA,4.9,1.6140012391569,0.383877159309021,NA
NA,9.06,1.65015150819554,0.367242012486228,NA
NA,12.44,0.939680796866681,1.13250283125708,NA
NA,13.8,1.30575648572006,0.586510263929619,NA
NA,13.78,1.48054044186574,0.456204379562044,NA
NA,10.54,1.97813043048228,0.255558395093279,NA
NA,5.12,1.46013697987552,0.469043151969981,NA
NA,0.42,1.93313217344288,0.267594327000268,NA
NA,-4.14,3.31556933270894,0.0909669789866279,NA
NA,-1.24,0.96591925128346,1.07181136120043,NA
NA,-0.02,2.17761337247915,0.210881484605652,NA
NA,2.06,3.58998607239638,0.0775915580384854,NA
NA,5.34,1.28763348822559,0.60313630880579,NA
NA,9.3,1.47478812037526,0.459770114942529,NA
NA,13.32,2.18105479069188,0.210216523018709,NA
NA,14.52,1.49566038925954,0.447027268663389,NA
NA,13.24,1.77566888805318,0.317158261972724,NA
NA,10.16,1.59154013458662,0.394788787998421,NA
NA,4.48,2.36156727619604,0.179307871615564,NA
NA,-0.8,1.51492574075431,0.435729847494553,NA
NA,-2.18,3.20499609984162,0.0973520249221184,NA
NA,-5.34,4.56103058529539,0.0480699899053021,NA
NA,-4.48,3.70567132919259,0.0728226041363239,NA
NA,-0.26,2.22441003414389,0.202101859337106,NA
NA,4.74,1.2280065146407,0.663129973474801,NA
NA,7.72,0.521536192416212,3.6764705882353,NA
NA,11.66,0.779743547584717,1.64473684210526,NA
NA,14.08,1.24378454725889,0.646412411118293,NA
NA,12.82,0.554075807087803,3.25732899022801,NA
NA,10.18,1.07563934476199,0.864304235090752,NA
NA,4.38,1.74556581084759,0.328191663931736,NA
NA,-1.1,3.45108678534748,0.0839630562552477,NA
NA,-4.66,2.89188519827465,0.119574315437044,NA
NA,-4.8,1.65680415257809,0.364298724954463,NA
NA,-1.64,2.30716275975493,0.187863986473793,NA
NA,1.16,2.23450218169506,0.200280392549569,NA
NA,5.04,1.88759105740624,0.280662363177098,NA
NA,8.74,1.53231850475024,0.425894378194208,NA
NA,12.64,1.0968135666557,0.83125519534497,NA
NA,14.68,1.01094015648801,0.978473581213308,NA
NA,13.88,1.35351394525509,0.54585152838428,NA
NA,11.02,1.73695135222608,0.331455087835598,NA
NA,5.86,2.8492104169401,0.123183050012318,NA
NA,-1.66,1.77426040929735,0.317662007623888,NA
NA,-2.02,2.57235300843411,0.151125887864591,NA
NA,-1.54,3.58510808763139,0.0778028475842216,NA
NA,1.74,2.83425475213503,0.124486493215486,NA
NA,0.54,1.15887876846545,0.744601638123604,NA
NA,5.12,1.37549990912395,0.528541226215645,NA
NA,8.2,0.744983221287567,1.8018018018018,NA
NA,13.3,2.58069758011279,0.15015015015015,NA
NA,15,1.7277152543171,0.33500837520938,NA
NA,14.48,1.2214745187682,0.670241286863271,NA
NA,10.76,1.2381437719425,0.652315720808871,NA
NA,4.54,3.01546016388876,0.109974705817662,NA
NA,-0.86,2.03911745615597,0.240500240500241,NA
NA,-3.82,3.53723055510946,0.079923273657289,NA
NA,-2.88,1.43073407731835,0.488519785051295,NA
NA,-0.28,3.73054955737087,0.071854566357692,NA
NA,-2.4,0.95655632348545,1.09289617486339,NA
NA,4.3,1.29807549857472,0.593471810089021,NA
NA,8.16,0.74027022093287,1.82481751824817,NA
NA,13.18,2.11589224678385,0.223363859727496,NA
NA,14.38,0.769415362466853,1.68918918918919,NA
NA,14.12,1.92924855837707,0.268672756582482,NA
NA,10.3,1.06301458127346,0.88495575221239,NA
NA,4.62,1.26767503722366,0.622277535780958,NA
NA,-0.9,3.35931540644816,0.0886132033673017,NA
NA,-1.62,2.89344085821708,0.119445771619685,NA
NA,-5.1,2.18860686282393,0.208768267223382,NA
NA,-1.76,3.68957992188813,0.0734591934180563,NA
NA,1.06,1.35757136092362,0.542593597395551,NA
NA,4.3,0.809320702811932,1.52671755725191,NA
NA,8.84,1.32966161108757,0.565610859728507,NA
NA,13.18,2.11589224678385,0.223363859727496,NA
NA,14.2,1.44741148261301,0.477326968973747,NA
NA,13.68,1.24979998399744,0.640204865556978,NA
NA,10.9,1.11130553854464,0.809716599190284,NA
NA,6.48,0.878635305459552,1.29533678756477,NA
NA,-0.32,0.725947656515261,1.89753320683112,NA
NA,-1.56,1.94756257922563,0.263643553915107,NA
NA,-5.06,2.6801119379608,0.139217597104274,NA
NA,-3.88,3.58496861910952,0.0778089013383131,NA
NA,0.64,2.29303292606103,0.190186382655002,NA
NA,4.56,1.45705181788432,0.471031559114461,NA
NA,8.46,1.10589330407594,0.817661488143909,NA
NA,12.26,1.18869676536954,0.707714083510262,NA
NA,14.86,1.87696563633967,0.283848992336077,NA
NA,14.36,1.75442298206561,0.32488628979857,NA
NA,10.92,1.51558569536665,0.43535045711798,NA
NA,5.9,1.33977610069743,0.557103064066852,NA
NA,-0.34,3.85266141777343,0.067371825102742,NA
NA,-1.16,2.29738982325595,0.189465706707086,NA
NA,-2.04,2.35010638057089,0.181061017562919,NA
NA,1.18,2.40145789053233,0.173400381480839,NA
NA,1.82,2.34989361461322,0.181093806591815,NA
NA,5.12,1.55145093380358,0.415454923140839,NA
NA,9.32,1.36638208419168,0.535618639528655,NA
NA,12.72,2.01171568567728,0.247096614776377,NA
NA,15.48,1.33678719323608,0.559597090095131,NA
NA,15.26,2.39018827710287,0.175039383861369,NA
NA,10.86,2.02311640792121,0.244319569997557,NA
NA,5.66,1.60093722550261,0.390167772142021,NA
NA,-1.88,3.6670151349565,0.0743660295976798,NA
NA,-4.3,3.68646171823335,0.0735835172921266,NA
NA,-2.3,2.20567450001128,0.205549845837616,NA
NA,-2.78,1.93571692145313,0.266880170803309,NA
NA,0.98,3.63551922013899,0.0756601346750397,NA
NA,5.3,1.85472369909914,0.290697674418605,NA
NA,9.42,1.62234398325386,0.379939209726444,NA
NA,12.86,1.63340135912763,0.374812593703148,NA
NA,16.1,2.32163735324878,0.185528756957328,NA
NA,14.18,0.725947656515261,1.89753320683112,NA
NA,11.38,1.42723508925474,0.490918016691213,NA
NA,5.46,1.81190507477627,0.304599451720987,NA
NA,0.44,1.69646691685986,0.347463516330785,NA
NA,-0.84,2.69313943196412,0.137873983179374,NA
NA,-5.26,2.13962613556668,0.218435998252512,NA
NA,-4,4.03732584763727,0.0613496932515338,NA
NA,1.42,2.02163300329214,0.244678248103744,NA
NA,4.28,1.38816425541072,0.518941359626362,NA
NA,8.66,1.0285912696499,0.945179584120983,NA
NA,12.56,1.48256534425974,0.454959053685168,NA
NA,15.04,1.88095720312824,0.282645562464669,NA
NA,14.16,1.32400906341309,0.570450656018255,NA
NA,10.4,0.99498743710662,1.01010101010101,NA
NA,4.18,1.76974574445032,0.319284802043423,NA
NA,-0.72,1.75982953719956,0.322893122376493,NA
NA,-2.58,1.35535973084639,0.544365813826892,NA
NA,-4.92,4.29499708963813,0.0542093565349379,NA
NA,-1.84,3.25622480796397,0.0943129303027445,NA
NA,0.76,2.523489647294,0.157035175879397,NA
NA,3.36,0.7162401831788,1.94931773879142,NA
NA,8.22,0.960208310732624,1.08459869848156,NA
NA,13,1.55080624192708,0.415800415800416,NA
NA,15.08,1.29112354172635,0.599880023995201,NA
NA,13.94,0.634822809924155,2.48138957816377,NA
NA,10.82,0.872926113711808,1.31233595800525,NA
NA,5.88,2.3983327542274,0.173852573018081,NA
NA,-0.2,4.29825546006749,0.054127198917456,NA
NA,-1.48,2.25986725273853,0.195809672997846,NA
NA,-1.06,0.976217188949262,1.04931794333683,NA
NA,-0.94,3.00133303716865,0.11101243339254,NA
NA,0.44,3.31255188638608,0.0911327804611319,NA
NA,3.86,1.6607227342335,0.362581580855693,NA
NA,9.1,1.70880074906351,0.342465753424658,NA
NA,14.06,2.13611797427015,0.219154065307911,NA
NA,15.46,0.991463564635635,1.01729399796541,NA
NA,13.58,0.785493475466219,1.62074554294976,NA
NA,10.94,1.04546640309481,0.914913083257091,NA
NA,5.7,1.32853302555864,0.56657223796034,NA
NA,1.02,1.27553910171347,0.614628149969269,NA
NA,-4.02,3.90538090331788,0.06556517178075,NA
NA,-2.42,1.41668627437411,0.49825610363727,NA
NA,0.24,1.62726764854464,0.377643504531722,NA
NA,0.8,2.53081014696875,0.156128024980484,NA
NA,4.1,0.620483682299543,2.5974025974026,NA
NA,8.58,1.16060329139633,0.742390497401633,NA
NA,13.02,1.16275534829989,0.739644970414201,NA
NA,15.9,2.26384628453435,0.195121951219512,NA
NA,14.68,1.43596657342711,0.484966052376334,NA
NA,11.2,1.07935165724615,0.858369098712446,NA
NA,4.8,2.16679486800204,0.212992545260916,NA
NA,-1.28,2.83143073374575,0.124734938256206,NA
NA,-3.02,2.49339126492414,0.160849284220685,NA
NA,-4.1,3.2101401838549,0.0970402717127608,NA
NA,-2.06,2.31905153025973,0.185942729639271,NA
NA,-0.12,2.44683468996171,0.167028561884082,NA
NA,5.22,1.04259292151827,0.919963201471941,NA
NA,9,0.57008771254957,3.07692307692307,NA
NA,13.04,1.60093722550261,0.390167772142021,NA
NA,15.72,1.35720300618588,0.542888165038002,NA
NA,14.28,0.965401470891774,1.07296137339056,NA
NA,12.02,2.00424549394529,0.248941996514812,NA
NA,7.04,1.42758537397943,0.490677134445535,NA
NA,0.54,1.99949993748437,0.250125062531266,NA
NA,-4.96,4.31427861872643,0.0537258905066351,NA
NA,-1.1,2.23941956765587,0.199401794616152,NA
NA,-0.82,3.97894458368045,0.0631632137443153,NA
NA,1.9,2.35372045918796,0.180505415162455,NA
NA,6.66,2.50958163844096,0.158780565258812,NA
NA,10.04,1.66823259769134,0.359324469996407,NA
NA,13.9,2.00748598998847,0.248138957816377,NA
NA,15.46,1.88361354847538,0.28184892897407,NA
NA,15.28,2.23874965103292,0.19952114924182,NA
NA,10.76,1.38672275527591,0.520020800832033,NA
NA,7.08,2.11589224678385,0.223363859727496,NA
NA,1.12,2.03273215156351,0.242013552758954,NA
NA,-2.04,1.16318528188763,0.73909830007391,NA
NA,-4.22,1.37731623093609,0.527148128624143,NA
NA,-1.16,3.12457997177221,0.102427532520742,NA
NA,2.26,2.38180603744302,0.176273576590869,NA
NA,5.1,1.61245154965971,0.384615384615384,NA
NA,9.14,2.21427188935776,0.203956761166633,NA
NA,14.28,2.46414285300183,0.164690382081686,NA
NA,15.68,1.43770650690605,0.483792936623125,NA
NA,14.1,1.36198384718762,0.539083557951482,NA
NA,11.1,1.62172747402269,0.380228136882129,NA
NA,5.96,1.30115333454593,0.590667454223272,NA
NA,0.56,2.33087966227345,0.184060371801951,NA
NA,-2.26,2.48052413816113,0.162522346822688,NA
NA,-2.98,1.46696966567138,0.464684014869889,NA
NA,-1.08,3.14038214235147,0.101399310484689,NA
NA,2.36,1.31643457870112,0.577034045008656,NA
NA,4.7,1.2,0.694444444444444,NA
NA,8.58,0.788669766125214,1.60771704180064,NA
NA,12.62,1.11892805845595,0.798722044728435,NA
NA,14.74,1.97560117432644,0.256213169356905,NA
NA,13.92,1.77115781340907,0.318775900541919,NA
NA,10.4,1.1,0.826446280991736,NA
NA,3.54,2.20748725930638,0.205212394828648,NA
NA,-1.16,2.20068171256091,0.206483584555028,NA
NA,-7.96,2.81300551012614,0.126374320738026,NA
NA,-3.92,3.17600377833528,0.0991375037176564,NA
NA,-0.94,1.6118312566767,0.384911470361817,NA
NA,-0.98,2.03641842458764,0.241138172172655,NA
NA,3.78,1.89657586191536,0.278009452321379,NA
NA,7.54,1.63187009286891,0.375516334960571,NA
NA,12.94,0.89888820216977,1.23762376237624,NA
NA,15.22,1.47037410205702,0.462534690101758,NA
NA,13.64,1.57257750206468,0.404367165386171,NA
NA,10.42,1.34796142378037,0.550357732526142,NA
NA,6.64,0.808084154033477,1.53139356814701,NA
NA,1.8,0.89162772500635,1.25786163522013,NA
NA,-0.38,2.27530217773376,0.193162062970833,NA
NA,-0.8,1.87749833555186,0.283687943262411,NA
NA,-1.64,3.0237394067611,0.109373291042327,NA
NA,0.34,2.23897297884543,0.199481348493916,NA
NA,5.08,1.67839208768392,0.35498757543486,NA
NA,10.34,2.30282435283284,0.188572506128606,NA
NA,13.56,2.91255901227769,0.117882824472474,NA
NA,15.28,1.90446842977247,0.275709953129308,NA
NA,14.04,0.68044103344816,2.1598272138229,NA
NA,12.4,1.81934053986602,0.302114803625378,NA
NA,7.18,1.73695135222608,0.331455087835598,NA
NA,0.6,2.05791156272567,0.236127508854782,NA
NA,-2.6,2.00624026477389,0.248447204968944,NA
NA,-1.78,3.03018151271504,0.108908734480505,NA
NA,0.96,0.66558245169175,2.25733634311512,NA
NA,2.2,1.7958284996068,0.310077519379845,NA
NA,5.24,1.56300991679516,0.409332787556283,NA
NA,9.22,0.884307638777366,1.27877237851662,NA
NA,13.32,2.15800834104041,0.214730513205927,NA
NA,15.16,1.83657289536789,0.296471983397569,NA
NA,13.34,0.594138031100518,2.8328611898017,NA
NA,10.78,1.36088206689632,0.539956803455723,NA
NA,6.08,2.94906764927494,0.114982177762447,NA
NA,1.96,0.753657747256671,1.76056338028169,NA
NA,-1.68,3.24222146066551,0.0951293759512937,NA
NA,-2.46,2.85008771794834,0.123107226394189,NA
NA,0.86,3.77796241378868,0.0700623554963918,NA
NA,2.88,1.62080227048212,0.380662352493338,NA
NA,5.9,1.01488915650922,0.970873786407767,NA
NA,9.42,1.42021125189177,0.495785820525533,NA
NA,13.28,2.12061311888803,0.22237046920169,NA
NA,15.86,1.73867765845196,0.330797221303341,NA
NA,15.34,1.58996855314814,0.395569620253164,NA
NA,12.26,2.00074985942771,0.24981264051961,NA
NA,6.48,1.04976187776086,0.907441016333938,NA
NA,1.1,1.35646599662505,0.543478260869565,NA
NA,-0.38,2.37002109695251,0.178030977390066,NA
NA,-1.66,2.22103579439864,0.20271639975674,NA
NA,-0.22,0.719027120489902,1.93423597678917,NA
NA,3.14,2.18929212303886,0.208637596494888,NA
NA,6.12,1.70352575560219,0.344589937973811,NA
NA,9.86,1.55499196139401,0.413564929693962,NA
NA,13.98,1.79080987265539,0.311817898347365,NA
NA,15.32,1.62388423232692,0.379218809252939,NA
NA,14.72,1.08949529599719,0.8424599831508,NA
NA,12.24,1.56939478780834,0.406008932196508,NA
NA,7.2,1.17473401244707,0.72463768115942,NA
NA,-1.68,3.68266208061505,0.0737354372511429,NA
NA,-2.02,0.785493475466219,1.62074554294976,NA
NA,-1,3.30832283793465,0.0913659205116491,NA
NA,-0.64,1.985698869416,0.253613999492772,NA
NA,1.78,2.42940321889965,0.169434090138936,NA
NA,6.14,1.25817327900413,0.631711939355654,NA
NA,10.16,1.34833230325465,0.55005500550055,NA
NA,14.4,1.81107702762748,0.304878048780488,NA
NA,16.36,1.7184295155752,0.338638672536404,NA
NA,15.18,1.29691942694988,0.594530321046373,NA
NA,12.38,1.92535710973315,0.269759913676828,NA
NA,7.06,2.44192546978813,0.167700821734027,NA
NA,0.64,2.50059992801727,0.159923236846314,NA
NA,-2.76,4.58726498035594,0.0475217411965975,NA
NA,-3.58,2.99282475263755,0.111644523836106,NA
NA,0.38,4.04993827113451,0.0609681746128521,NA
NA,1.98,1.27553910171347,0.614628149969268,NA
NA,5.8,2.35159520326097,0.180831826401447,NA
NA,9.94,1.19498953970317,0.700280112044818,NA
NA,13.74,0.904433524367601,1.22249388753056,NA
NA,15.86,1.86359866924185,0.287935502447452,NA
NA,14.5,1.44741148261301,0.477326968973747,NA
NA,11.36,1.01636607578175,0.968054211035817,NA
NA,6.88,2.09451665068579,0.227946204695692,NA
NA,1.52,2.2454398232863,0.198333994446648,NA
NA,-2.18,3.68469808803924,0.0736539736318774,NA
NA,-4.08,3.30030301639107,0.0918105031215571,NA
NA,-1.24,3.48252781754863,0.0824538258575198,NA
NA,0.42,4.80593383225362,0.043295666103823,NA
NA,3.76,3.83966144340878,0.0678288001085261,NA
NA,9.22,1.81024860171193,0.305157155935307,NA
NA,12.84,1.93209730603818,0.267881060809001,NA
NA,14.38,1.66343019090072,0.361402240693892,NA
NA,14.82,2.61285284698546,0.146477222791856,NA
NA,11.52,1.26767503722366,0.622277535780958,NA
NA,6.84,1.3145341380124,0.578703703703703,NA
NA,1.5,2.6580067720004,0.141542816702052,NA
NA,-3.28,5.58900706744946,0.0320133175400967,NA
NA,-4.42,2.32099116758337,0.185632077222944,NA
NA,2.16,2.31473540604537,0.186636804777902,NA
NA,0.64,2.2289010745208,0.201288244766506,NA
NA,5.3,3.18355147594632,0.0986679822397632,NA
NA,9.46,0.94233751915118,1.12612612612613,NA
NA,14.32,2.54794034467057,0.154035736290819,NA
NA,16.58,1.630030674558,0.376364320662401,NA
NA,14.96,1.78969271105405,0.312207305650952,NA
NA,11.34,1.78129166617935,0.315159155373464,NA
NA,5.6,1.33229125944742,0.563380281690141,NA
NA,1.68,1.92275843516548,0.270489586150933,NA
NA,-1.06,0.541294744108974,3.41296928327645,NA
NA,-2.74,1.81741574770332,0.302755071147442,NA
NA,-1.86,2.41308930626282,0.171732783788425,NA
NA,1.68,1.30652210084637,0.585823081429408,NA
NA,6.16,1.78409640995099,0.314169022934339,NA
NA,9.48,1.19457105272144,0.700770847932726,NA
NA,13.78,1.18194754536739,0.715819613457409,NA
NA,16.7,1.81245689603919,0.30441400304414,NA
NA,15.1,2.0820662813657,0.230680507497116,NA
NA,12.14,2.63115944024683,0.144446049400549,NA
NA,6.82,1.59906222518075,0.391083300743058,NA
NA,2.02,0.752994023880668,1.7636684303351,NA
NA,-1.96,2.40166608836449,0.173370319001387,NA
NA,-2.86,2.86844905828917,0.121536217792902,NA
NA,0.0199999999999999,2.54892134048895,0.153917192550408,NA
NA,2.6,1.87082869338697,0.285714285714286,NA
NA,5.68,1.18194754536739,0.715819613457409,NA
NA,9.56,1.82290976189169,0.300932891965092,NA
NA,13.66,1.19498953970317,0.700280112044818,NA
NA,15,0.871779788708135,1.31578947368421,NA
NA,14.22,1.96900990347941,0.257931390250193,NA
NA,11.24,1.25019998400256,0.639795265515035,NA
NA,6.9,2.48193472919817,0.162337662337662,NA
NA,1.18,3.01197609552267,0.110229276895944,NA
NA,-0.38,3.33271660961444,0.0900333123255605,NA
NA,-1.94,2.49058226123933,0.16121231662099,NA
NA,-0.0799999999999998,2.96175623574932,0.113999088007296,NA
NA,2.36,2.55107820342694,0.153657037492317,NA
NA,4.68,2.85517074795887,0.122669283611384,NA
NA,9.48,1.16060329139633,0.742390497401633,NA
NA,13.22,1.95627196473292,0.261301280376274,NA
NA,15.36,1.84472220130837,0.29385836027035,NA
NA,14.72,1.39892816112908,0.510986203372509,NA
NA,11.76,1.46389890361322,0.466635557629491,NA
NA,6.44,2.08398656425611,0.230255583697905,NA
NA,0.36,3.40631765987848,0.0861846074291132,NA
NA,-1.4,3.81379076510498,0.0687521485046408,NA
NA,-2.28,3.40617087064052,0.0861920358558869,NA
NA,-0.18,2.47123450930906,0.163746520386442,NA
NA,3.6,1.43352711868315,0.48661800486618,NA
NA,4.78,1.05924501414923,0.89126559714795,NA
NA,9.88,1.69469761314519,0.348189415041783,NA
NA,13.64,0.991463564635635,1.01729399796541,NA
NA,15.8,1.57321327225523,0.404040404040404,NA
NA,15.28,1.54012986465428,0.421585160202361,NA
NA,11.32,0.460434577328854,4.71698113207547,NA
NA,5.84,2.25011110836776,0.197511356903022,NA
NA,2.18,1.38275088139549,0.523012552301255,NA
NA,-2.24,0.950263121456368,1.10741971207087,NA
NA,-2.92,3.91049868942569,0.0653936698927544,NA
NA,1.74,2.50159948832742,0.159795461808885,NA
NA,0.98,3.55626208258053,0.0790701352099312,NA
NA,5.7,2.05060966544099,0.237812128418549,NA
NA,10.02,1.36088206689632,0.539956803455724,NA
NA,13.72,1.29112354172635,0.599880023995201,NA
NA,15.94,1.6118312566767,0.384911470361817,NA
NA,15.06,1.45705181788432,0.471031559114461,NA
NA,11.5,1.30575648572006,0.586510263929619,NA
NA,6.1,1.33416640641263,0.561797752808989,NA
NA,1.42,1.92924855837707,0.268672756582483,NA
NA,-2.96,3.2199378875997,0.0964506172839506,NA
NA,-1.84,2.396455716261,0.174125021765628,NA
NA,0.0199999999999999,3.80552230317995,0.0690512360171247,NA
NA,1,3.13209195267316,0.101936799184506,NA
NA,5.54,2.13377599574088,0.219635405227323,NA
NA,9.7,1.6,0.390625,NA
NA,14.24,1.37949266036467,0.525486074619023,NA
NA,16.22,2.07653557638679,0.231910946196661,NA
NA,15.12,2.19931807613178,0.206739714699194,NA
NA,11.76,1.83111987592293,0.298240381747689,NA
NA,6.82,2.00798406368178,0.248015873015873,NA
NA,1.26,2.85534586346383,0.122654237703913,NA
NA,-1.92,2.69016728104406,0.138178803371563,NA
NA,-1.8,3.53482672842673,0.080032012805122,NA
NA,1.82,2.08014422576897,0.231107002542177,NA
NA,2.9,2.71016604657353,0.136147038801906,NA
NA,5.84,0.746993975879324,1.7921146953405,NA
NA,10.22,1.57225952056268,0.40453074433657,NA
NA,15.88,2.99783255036034,0.111271837098031,NA
NA,17.18,2.61285284698545,0.146477222791856,NA
NA,15.8,2.16564078277077,0.213219616204691,NA
NA,11.32,1.22351951353462,0.668002672010688,NA
NA,7.08,1.8619881847101,0.288433804441881,NA
NA,2.36,2.56963032360688,0.151446312282296,NA
NA,-0.88,0.990959131347,1.0183299389002,NA
NA,-0.7,1.32476412994918,0.56980056980057,NA
NA,1.6,2.79910700045568,0.127632418634333,NA
NA,3.76,3.26619044147766,0.0937382827146607,NA
NA,7.38,2.00673864765694,0.248323814253787,NA
NA,11.72,2.81904239060004,0.125833647917453,NA
NA,15.16,2.35648042639866,0.180082838105529,NA
NA,17.86,2.45418010749008,0.166030217499585,NA
NA,16.2,1.90262975904404,0.276243093922652,NA
NA,12.4,1.47139389695622,0.46189376443418,NA
NA,7.92,0.672309452558864,2.21238938053098,NA
NA,2.34,1.78829527763175,0.312695434646654,NA
NA,0.4,1.14455231422596,0.763358778625954,NA
NA,-2.96,3.12697937313312,0.102270402945388,NA
NA,0.1,2.71937492817743,0.135226504394861,NA
NA,1.2,2.52388589282479,0.156985871271586,NA
NA,5.84,1.45361618042728,0.473260766682442,NA
NA,10.18,2.28516957795259,0.191497510532363,NA
NA,14.12,2.36579796263333,0.178667143112382,NA
NA,16.48,1.764086165696,0.32133676092545,NA
NA,15.36,1.72133668990119,0.337495781302734,NA
NA,11.66,1.59467865101405,0.393236335037357,NA
NA,7.08,1.12561094522042,0.789265982636149,NA
NA,1.58,2.21404606998138,0.203998368013056,NA
NA,-3.52,2.6771253239249,0.139528394028185,NA
NA,-6.12,4.00212443584654,0.0624336642317538,NA
NA,0.86,2.78352294763309,0.129065565307176,NA
NA,2.18,2.80392581927554,0.127194098193844,NA
NA,6.06,0.920869154657707,1.17924528301887,NA
NA,10.42,1.96773982019981,0.258264462809917,NA
NA,14.14,1.61338154197945,0.384172109104879,NA
NA,15.52,1.8566098136119,0.290107339715695,NA
NA,15.16,1.30690474021636,0.585480093676815,NA
NA,11.78,0.875785361832452,1.30378096479791,NA
NA,7,0.316227766016838,9.99999999999998,NA
NA,3.48,1.64225454787009,0.370782350760104,NA
NA,-1.32,5.51833308164703,0.0328385656114541,NA
NA,-1.14,2.88582743766844,0.120076849183477,NA
NA,1.32,2.74718037267304,0.13250298131708,NA
NA,2.62,1.26570138658374,0.624219725343321,NA
NA,6.62,1.84851291583262,0.292654375182909,NA
NA,9.9,1.94807597387782,0.263504611330698,NA
NA,14.62,2.38683891370993,0.175530981218185,NA
NA,16.54,2.90998281781869,0.118091639111951,NA
NA,14.7,1.57638827704344,0.402414486921529,NA
NA,11.64,2.00823305420462,0.247954376394743,NA
NA,6.78,2.36685445264385,0.178507675830061,NA
NA,0.92,2.85692141999041,0.122518990443519,NA
NA,-1.86,1.63187009286891,0.375516334960571,NA
NA,-3.94,3.31556933270894,0.0909669789866278,NA
NA,0.8,3.61801050302511,0.0763941940412528,NA
NA,2.06,1.38130373198656,0.524109014675052,NA
NA,5.82,2.1123446688455,0.224114746750336,NA
NA,9.44,1.34647688431699,0.551571980143409,NA
NA,14.16,2.0899760764181,0.228937728937729,NA
NA,16.12,1.90184121314057,0.276472214542438,NA
NA,15.26,1.5582040944626,0.411861614497529,NA
NA,11.56,1.46047937335657,0.46882325363338,NA
NA,7.34,0.993981891183134,1.01214574898785,NA
NA,1.28,2.17416650696307,0.211550666384599,NA
NA,-3.04,3.52320876474841,0.0805607024893257,NA
NA,-2.28,3.27291918629226,0.0933532486930545,NA
NA,0.1,2.3685438564654,0.17825311942959,NA
NA,2.42,3.30257475312823,0.0916842394792335,NA
NA,5.64,1.97560117432644,0.256213169356905,NA
NA,9.66,1.87696563633968,0.283848992336077,NA
NA,13.36,1.87696563633967,0.283848992336077,NA
NA,16.36,2.28100854886605,0.192196809532962,NA
NA,15.2,1.26688594593199,0.623052959501558,NA
NA,11.56,1.91128229207514,0.273747604708459,NA
NA,6.42,1.5466091943345,0.418060200668896,NA
NA,2.14,2.26008849384266,0.195771339075959,NA
NA,-1.36,1.83384841249216,0.297353553374963,NA
NA,-0.9,2.48495472795784,0.161943319838057,NA
NA,0.96,5.1130225894279,0.0382511570975022,NA
NA,2.12,1.53525242224202,0.424268137462877,NA
NA,6.32,1.37731623093609,0.527148128624143,NA
NA,10.14,0.81117199162693,1.51975683890578,NA
NA,14.5,2,0.25,NA
NA,15.98,1.64833249073116,0.368052999631947,NA
NA,15.28,0.593295878967653,2.84090909090909,NA
NA,12.2,1.23085336250912,0.66006600660066,NA
NA,7.18,0.779102047231298,1.64744645799012,NA
NA,0.56,2.69221098727421,0.137969094922737,NA
NA,-0.6,2.15870331449229,0.214592274678112,NA
NA,-2.18,2.95245660425348,0.114718366410462,NA
NA,1.84,2.55890601624991,0.15271838729383,NA
NA,3.86,1.84743064822472,0.292997363023733,NA
NA,7.22,2.04254742906989,0.239693192713327,NA
NA,11.2,2.7649593125397,0.13080444735121,NA
NA,14.46,2.30065208147603,0.188928773852258,NA
NA,16.56,1.97686620690425,0.255885363357216,NA
NA,15.38,1.84715998224301,0.293083235638922,NA
NA,12.62,2.19590528028875,0.207382828701783,NA
NA,7.74,2.18357505023299,0.209731543624161,NA
NA,2.34,2.69406755668821,0.137779002480022,NA
NA,-0.1,1.67779617355625,0.355239786856128,NA
NA,-3.2,3.52632953650109,0.0804181745074387,NA
NA,-0.76,2.83866165648532,0.124100273020601,NA
NA,3.08,2.80570846668003,0.127032520325203,NA
NA,6.08,2.56554087864528,0.151929504709815,NA
NA,10.12,2.33280946500137,0.183755972069092,NA
NA,13.96,1.46047937335657,0.468823253633381,NA
NA,16.46,1.28179561553315,0.608642726719415,NA
NA,16.02,1.90971202017477,0.274197970935015,NA
NA,12.4,1.6109003693587,0.385356454720617,NA
NA,7.18,1.59749804381727,0.391849529780564,NA
NA,1.58,3.17048892128643,0.0994826900119379,NA
NA,-2.32,2.21968466228877,0.202963263649279,NA
NA,-3.06,1.74441967427566,0.328623069339468,NA
NA,0.28,2.26539179834306,0.19485580670304,NA
NA,0.22,0.601664358259653,2.76243093922652,NA
NA,5.62,1.65740761431822,0.36403349108118,NA
NA,9.98,1.86467155284785,0.287604256542997,NA
NA,13.78,1.8088670487352,0.30562347188264,NA
NA,16.4,2.08806130178211,0.229357798165138,NA
NA,14.98,1.49231363995643,0.449034575662326,NA
NA,11.94,2.23673869730016,0.199880071956826,NA
NA,6.98,0.831865373723416,1.44508670520231,NA
NA,1.3,2.47285260377565,0.163532297628782,NA
NA,-1.08,2.76532095786366,0.130770236694128,NA
NA,-1.04,2.45418010749008,0.166030217499585,NA
NA,0.0799999999999999,3.57169427583045,0.0783883358156306,NA
NA,3.58,2.94906764927494,0.114982177762447,NA
NA,5.56,2.19840851526735,0.206910821435961,NA
NA,10.3,2.44028686838249,0.167926112510495,NA
NA,14.34,2.20748725930638,0.205212394828648,NA
NA,17.24,1.78549712965325,0.313676286072773,NA
NA,14.98,1.19874934827928,0.69589422407794,NA
NA,11.92,0.903880523078134,1.22399020807833,NA
NA,7.36,1.8716303053755,0.285469597487868,NA
NA,3.76,1.53720525630119,0.423190859077444,NA
NA,-0.5,3.25729949498047,0.0942507068803016,NA
NA,-1.4,2.26715680975093,0.194552529182879,NA
NA,0.62,3.6051352263126,0.0769408324998076,NA
NA,3.24,2.96698500164729,0.113597637169147,NA
NA,7.88,1.78521707363558,0.313774709758393,NA
NA,11.76,2.31905153025973,0.185942729639271,NA
NA,14.68,1.38094170767632,0.524383848977452,NA
NA,16.4,1.68522995463527,0.352112676056338,NA
NA,15.9,1.67332005306815,0.357142857142857,NA
NA,12.16,1.741551032844,0.329706561160567,NA
NA,6.9,1.21037184369102,0.682593856655291,NA
NA,1.42,2.51137412585222,0.158553987632789,NA
NA,-1.58,1.55788317918899,0.412031314379893,NA
NA,0.4,1.73060682998768,0.333889816360601,NA
NA,-1.18,3.43176339510754,0.0849112677252271,NA
NA,3.9,2.98077171215778,0.112549240292628,NA
NA,6.22,2.65084892062901,0.142308239647076,NA
NA,10.54,2.67357438647216,0.139899272523783,NA
NA,13.86,2.34371499973866,0.182049881667577,NA
NA,16.48,2.54892134048895,0.153917192550408,NA
NA,14.84,1.02127371453494,0.958772770853308,NA
NA,11.98,1.04737767782209,0.911577028258888,NA
NA,7.5,1.29034879005639,0.6006006006006,NA
NA,2.08,1.02323017938292,0.955109837631328,NA
NA,-0.78,1.68285471743701,0.353107344632768,NA
NA,-0.96,2.60825612239289,0.146993973247097,NA
NA,2.16,2.04279220676015,0.239635753654445,NA
NA,4.02,2.66589572189161,0.140706345856198,NA
NA,6.34,2.48555828738736,0.161864681126578,NA
NA,10.52,1.2457929201918,0.644329896907216,NA
NA,14.48,2.03641842458764,0.241138172172655,NA
NA,17.54,1.9565275362233,0.261233019853709,NA
NA,16.44,1.95140974682408,0.262605042016807,NA
NA,11.96,1.04785495179438,0.910746812386156,NA
NA,7.82,2.94567479535674,0.115247205255273,NA
NA,1.72,2.00922870773837,0.24770869457518,NA
NA,-0.16,0.960728889958036,1.08342361863489,NA
NA,-0.62,2.9235252692597,0.117000117000117,NA
NA,0.5,2.07484939212464,0.232288037166086,NA
NA,2.66,3.46525612329017,0.0832778147901399,NA
NA,6.52,2.27200352112403,0.193723363037582,NA
NA,10.8,1.93002590656188,0.268456375838926,NA
NA,14.42,2.55871061278918,0.152741713762028,NA
NA,17.26,1.63493119121265,0.374111485222596,NA
NA,15.12,1.31605471010897,0.577367205542725,NA
NA,12.7,1.81659021245849,0.303030303030303,NA
NA,7.8,2.04572725454788,0.2389486260454,NA
NA,3.22,2.80927036790694,0.126710593005575,NA
NA,-0.78,2.23651514638287,0.199920031987205,NA
NA,0.64,1.84743064822472,0.292997363023733,NA
NA,1.26,4.15367307331716,0.0579609343302614,NA
NA,3.04,3.59207460947013,0.0775013562737348,NA
NA,6.78,2.17416650696307,0.211550666384599,NA
NA,11.4,3.82557185267771,0.0683293474547318,NA
NA,14.48,2.57138095194003,0.15124016938899,NA
NA,17,2.75045450789501,0.132187706543291,NA
NA,15.9,1.94935886896179,0.263157894736842,NA
NA,12.52,1.96900990347941,0.257931390250193,NA
NA,8.56,1.6379865689315,0.372717107715244,NA
NA,1.8,1.99123077517399,0.252206809583859,NA
NA,0.32,2.09690247746527,0.227427791676143,NA
NA,-1.66,2.72635287517959,0.134535180949818,NA
NA,0.16,1.61956784359285,0.381242851696531,NA
NA,2.1,2.05182845286832,0.237529691211401,NA
NA,6.1,2.9563490998189,0.11441647597254,NA
NA,9.92,0.947100839404126,1.11482720178372,NA
NA,15.2,2.35053185470863,0.180995475113122,NA
NA,16.46,1.55338340405709,0.414421881475342,NA
NA,16.14,1.47410990092327,0.460193281178095,NA
NA,12.88,1.66643331699771,0.360100828231905,NA
NA,7.24,1.91911437908218,0.271517784414879,NA
NA,2.7,1.72481883106603,0.336134453781513,NA
NA,-0.74,2.82453536001941,0.125344697919278,NA
NA,-2.18,4.45499719416298,0.0503854486824205,NA
NA,1.3,3.16148699190745,0.100050025012506,NA
NA,2.7,1.55080624192708,0.415800415800416,NA
NA,6.52,2.70499537892396,0.136668033347,NA
NA,10.1,1.26491106406735,0.625,NA
NA,13.7,1.73925271309261,0.330578512396694,NA
NA,16.9,2.4688053791257,0.164068908941756,NA
NA,16.58,2.52626206083217,0.156690692572861,NA
NA,12.1,2.18860686282393,0.208768267223382,NA
NA,7.96,2.19271521178652,0.207986688851913,NA
NA,2.3,3.42490875790874,0.0852514919011083,NA
NA,-1.8,3.04877024388523,0.107584722969338,NA
NA,-3.12,2.71882327487463,0.135281385281385,NA
NA,-0.34,3.32911399624585,0.0902282775421817,NA
NA,2.3,1.68522995463527,0.352112676056338,NA
NA,6.06,1.93080294178355,0.26824034334764,NA
NA,10.56,2.44397217660103,0.167420056922819,NA
NA,14.58,2.53317981991015,0.155836060464392,NA
NA,16.56,2.32228335911017,0.185425551641016,NA
NA,15.7,2.79732014613987,0.12779552715655,NA
NA,12.18,1.91494125236259,0.272702481592582,NA
NA,7.48,1.09407495172863,0.835421888053467,NA
NA,2.26,2.03789106676486,0.240789790512882,NA
NA,-1.28,1.28335497817245,0.607164541590771,NA
NA,-3.3,2.94278779391243,0.115473441108545,NA
NA,-0.0999999999999999,2.52289516230857,0.157109190887667,NA
NA,3.62,2.12296961824704,0.221877080097626,NA
NA,6.6,2.33987179135952,0.182648401826484,NA
NA,10.46,2.51256840702895,0.158403294788532,NA
NA,15.08,2.51236939959075,0.158428390367554,NA
NA,16.92,2.58398916406397,0.149767859817283,NA
NA,16.04,1.828387267512,0.299132515704457,NA
NA,13.18,1.80194339533738,0.307976593778873,NA
NA,8.58,1.90184121314057,0.276472214542439,NA
NA,3.76,2.16171228427837,0.213995292103574,NA
NA,1.38,3.00782313309809,0.110533878633801,NA
NA,-1.14,4.06484932070058,0.0605216970283846,NA
NA,1.1,3.6476019519679,0.0751597143930853,NA
NA,1.48,3.37742505468293,0.0876654685719295,NA
NA,6.9,1.78885438199983,0.3125,NA
NA,10.44,1.40107101889947,0.509424350483953,NA
NA,14.8,2.20907220343745,0.204918032786885,NA
NA,16.36,2.02311640792121,0.244319569997557,NA
NA,15.62,1.95627196473292,0.261301280376274,NA
NA,11.96,1.50432709209134,0.441891294741494,NA
NA,8.48,1.79916647367607,0.308928019771393,NA
NA,1.8,1.87483332592527,0.284495021337127,NA
NA,-0.66,3.19264780393955,0.0981065437064652,NA
NA,-0.6,2.4279621084358,0.169635284139101,NA
NA,1.34,2.68942373009535,0.138255219134522,NA
NA,2.38,2.03641842458764,0.241138172172655,NA
NA,7.02,2.00922870773837,0.24770869457518,NA
NA,11.18,2.07050718424255,0.233263354327035,NA
NA,17.16,2.31149302399986,0.187160771102377,NA
NA,18.08,1.92535710973315,0.269759913676828,NA
NA,17.46,2.08877954796575,0.229200091680037,NA
NA,13.68,2.08374662567213,0.230308613542147,NA
NA,6.78,1.23166553901617,0.659195781147001,NA
NA,2.24,1.35941163743731,0.541125541125541,NA
NA,-1.6,2.66739573366983,0.140548137737175,NA
NA,-1.86,3.12377976176298,0.102480016396803,NA
NA,3.14,2.7116415692344,0.135998912008704,NA
NA,3.56,3.24237567225021,0.0951203272139256,NA
NA,7.28,1.96773982019982,0.258264462809917,NA
NA,10.84,1.43979165159408,0.482392667631452,NA
NA,15.62,1.29112354172635,0.599880023995201,NA
NA,16.88,1.13666177907063,0.773993808049536,NA
NA,16.1,1.71755640373177,0.338983050847458,NA
NA,13.26,2.32335963638865,0.185253797702853,NA
NA,8.7,2.20227155455452,0.206185567010309,NA
NA,2.98,1.01341008481266,0.973709834469328,NA
NA,0.4,1.3,0.591715976331361,NA
NA,-0.0800000000000001,2.49839948767206,0.160205062479974,NA
NA,2.76,2.99132077851908,0.111756817165847,NA
NA,4,2.33666428910958,0.183150183150183,NA
NA,7.02,2.01171568567728,0.247096614776378,NA
NA,11.12,1.07098085883922,0.871839581517,NA
NA,15.32,2.57040852784144,0.15135462388376,NA
NA,17.68,2.67058046124808,0.140213123948402,NA
NA,15.78,1.61152102065099,0.385059684251059,NA
NA,13.06,2.10546906887753,0.225580870742161,NA
NA,7.84,1.84607692147429,0.293427230046948,NA
NA,2.68,0.109544511501033,83.3333333333336,NA
NA,0.84,3.27383567089126,0.0933009889904833,NA
NA,0.0799999999999998,2.88565417193398,0.120091269364717,NA
NA,3.56,3.11656862590895,0.102954802841553,NA
NA,3,1.86815416922694,0.286532951289398,NA
NA,7.22,2.42218909253592,0.170444861087438,NA
NA,11.16,3.06235203724196,0.106632544252506,NA
NA,15.26,2.08877954796575,0.229200091680037,NA
NA,17.68,2.42012396376715,0.170735871606624,NA
NA,16.94,2.1915747762739,0.208203206329377,NA
NA,12.6,1.85337529928506,0.291120815138282,NA
NA,9.38,2.29281486387366,0.190222560395663,NA
NA,3.64,2.07074865688717,0.233208955223881,NA
NA,-0.32,3.33646519538268,0.0898311174991017,NA
NA,0.34,3.01297195473174,0.11015642211941,NA
NA,0.5,4.18330013267038,0.0571428571428571,NA
NA,3.12,3.31164611635966,0.0911826388255676,NA
NA,7.78,2.43864716595083,0.168152009416513,NA
NA,11.86,2.74645225700357,0.132573246718812,NA
NA,15.46,2.76369318123412,0.130924325739722,NA
NA,17.4,2.80980426364542,0.12666244458518,NA
NA,16.14,0.879204185613331,1.29366106080207,NA
NA,13.36,2.23114320472712,0.200883889112093,NA
NA,7.36,2.11966978560341,0.222568439795237,NA
NA,2.22,3.59263134763365,0.0774773378786705,NA
NA,0.42,3.00449663005303,0.110778774786751,NA
NA,0.52,2.81549285205983,0.126151129052605,NA
NA,3.76,3.37164648206184,0.0879662209711471,NA
NA,3.8,5.57628908863233,0.0321595111754301,NA
NA,8.08,2.24655291502337,0.198137507430157,NA
NA,11.68,2.33173754955398,0.183924958616884,NA
NA,15.78,2.26539179834306,0.19485580670304,NA
NA,18.32,2.72341697137989,0.134825401105568,NA
NA,17.2,2.24610774452162,0.198216055500496,NA
NA,13.38,1.88600106044509,0.281135788585887,NA
NA,9.18,1.60841536923769,0.386548125241593,NA
NA,3.4,2.23271135617661,0.200601805416249,NA
NA,0.64,2.524480144505,0.156911972383493,NA
NA,-2.4,5.98038460301677,0.0279602963791416,NA
NA,1.16,5.04460107441609,0.0392958189248664,NA
NA,4.36,2.87802015281339,0.120729204394543,NA
NA,7.72,3.12841813062129,0.102176356391131,NA
NA,11.56,1.45705181788432,0.471031559114461,NA
NA,15.96,3.0096511425745,0.11039964672113,NA
NA,17.56,3.19108132143322,0.0982028871648827,NA
NA,16.38,1.94087609084145,0.265463233342182,NA
NA,12.84,2.67637814966421,0.139606310205221,NA
NA,7.84,1.02127371453494,0.958772770853308,NA
NA,0.64,3.55851092453009,0.0789702282239595,NA
NA,-0.52,1.19874934827928,0.69589422407794,NA
NA,-0.32,1.45670861877041,0.471253534401508,NA
NA,3.16,1.741551032844,0.329706561160567,NA
NA,4.12,3.40396827247259,0.0863036161215155,NA
NA,7.9,1.76776695296637,0.32,NA
NA,11.1,0.94074438611134,1.12994350282486,NA
NA,15.42,0.973139250056229,1.05596620908131,NA
NA,17.78,1.77820133843162,0.316255534471854,NA
NA,17.1,2.7267196408872,0.134498991257566,NA
NA,13.3,1.33229125944742,0.563380281690141,NA
NA,7.56,1.61647765218082,0.382701875239189,NA
NA,2.76,1.16961532137708,0.730994152046784,NA
NA,0.94,1.68908259123111,0.350508236943568,NA
NA,-1.4,2.91976026413129,0.117302052785924,NA
NA,2.14,2.19043374700081,0.208420175072947,NA
NA,3.2,1.08397416943394,0.851063829787234,NA
NA,6.56,1.4909728367747,0.449842555105713,NA
NA,11.12,1.18827606220104,0.708215297450425,NA
NA,14.92,1.42197046382828,0.494559841740851,NA
NA,16.62,1.69764542823288,0.346981263011798,NA
NA,16.32,2.16840955541152,0.212675457252233,NA
NA,13.48,2.07533129885327,0.232180171813327,NA
NA,8.56,2.18929212303886,0.208637596494888,NA
NA,3.38,2.47224594245799,0.163612565445026,NA
NA,0.44,3.06480015661707,0.106462259129139,NA
NA,-0.86,2.45519856630782,0.165892501658925,NA
NA,1.04,1.41173651932646,0.501756146512795,NA
NA,4.16,1.46901327427631,0.46339202965709,NA
NA,7.7,2.18860686282393,0.208768267223382,NA
NA,11.58,2.36579796263333,0.178667143112382,NA
NA,15.2,2.68514431641951,0.13869625520111,NA
NA,17.34,1.86091375404665,0.288766965059197,NA
NA,16.26,2.0452383724153,0.23906287353574,NA
NA,12.98,1.75840837122666,0.323415265200517,NA
NA,7.56,1.61027947884832,0.385653682992672,NA
NA,3.42,1.44810220633766,0.476871721506915,NA
NA,-0.2,1.36565002837477,0.536193029490617,NA
NA,-0.54,3.00383088738364,0.110827884295689,NA
NA,0.6,2.90774826970974,0.118273211117682,NA
NA,2.96,1.88494031735755,0.281452293836195,NA
NA,7.34,2.76550176279098,0.130753138075314,NA
NA,10.74,2.14312855424027,0.217722621380361,NA
NA,15.14,2.37655212440207,0.177053824362606,NA
NA,17.14,2.15476216785055,0.215377988369589,NA
NA,15.58,1.44464528518249,0.479156684235745,NA
NA,12.72,1.8566098136119,0.290107339715695,NA
NA,8.22,1.54175224987674,0.420698359276399,NA
NA,2.94,0.931665175908169,1.15207373271889,NA
NA,-0.3,1.6062378404209,0.387596899224806,NA
NA,0.26,2.37970586417734,0.176584849019954,NA
NA,0.62,3.54005649672431,0.0797957229492499,NA
NA,3.62,3.67722721625956,0.0739535571660997,NA
NA,7.52,2.64707385616647,0.142714428428714,NA
NA,10.9,2.19658826364888,0.207253886010363,NA
NA,15.8,4.20832508250016,0.0564652738565782,NA
NA,17.56,2.74645225700357,0.132573246718812,NA
NA,16.62,2.33173754955398,0.183924958616884,NA
NA,12.96,2.6235472170327,0.145285485979951,NA
NA,7.74,1.86225669551756,0.288350634371396,NA
NA,2.84,2.01072126362656,0.247341083353945,NA
NA,-0.48,4.19904751104343,0.0567150635208712,NA
NA,-0.0399999999999998,2.34264807429541,0.182215743440233,NA
NA,2.76,2.72084545683874,0.135080372821829,NA
NA,3.3,3.43802268753422,0.0846023688663282,NA
NA,7.02,3.89769162453881,0.0658241179568194,NA
NA,12.52,4.02082081172489,0.0618543947547473,NA
NA,16.54,3.78787539393787,0.0696961248954558,NA
NA,18.2,3.04220314903525,0.108049702863317,NA
NA,17.24,1.75584737377712,0.324359390204347,NA
NA,13.38,2.43454307827978,0.168719419605197,NA
NA,8.42,2.48334451899047,0.16215339711367,NA
NA,3.2,2.29346898823594,0.190114068441065,NA
NA,0.3,2.56124969497314,0.152439024390244,NA
NA,-1.38,4.00524655920207,0.0623363670365291,NA
NA,1.42,4.91039713261565,0.0414731254147312,NA
NA,3.14,4.50643983650065,0.0492416781563916,NA
NA,6.98,2.14988371778569,0.216356555603635,NA
NA,11.46,1.74585222742362,0.328083989501312,NA
NA,16.28,3.27673618101916,0.0931358852565893,NA
NA,17.3,2.43104915622864,0.169204737732657,NA
NA,16.54,2.51455761516812,0.158152775581212,NA
NA,13.3,2.13190056053278,0.22002200220022,NA
NA,8.8,1.4560219778561,0.471698113207547,NA
NA,3.36,1.56300991679516,0.409332787556283,NA
NA,0.9,1.94293592277254,0.264900662251656,NA
NA,-1.52,2.50738908029847,0.159058374423413,NA
NA,-0.2,5.38655734212493,0.0344649319317594,NA
NA,3.78,3.79828908852394,0.0693144797948291,NA
NA,7.6,2.92318319644869,0.117027501462844,NA
NA,11.9,2.80535202782111,0.127064803049555,NA
NA,16.58,3.29347840436217,0.0921913893242371,NA
NA,18.48,2.25654603321093,0.196386488609584,NA
NA,17.04,1.76436957579754,0.32123353678124,NA
NA,13.88,2.93462092952395,0.11611704598235,NA
NA,8.64,1.52085502267639,0.432338953739732,NA
NA,2.74,2.1651789764359,0.213310580204778,NA
NA,-0.7,3.76895210900855,0.0703977472720873,NA
NA,-0.14,3.47102290398666,0.0830013280212483,NA
NA,2.26,3.51183712606379,0.081083272520879,NA
NA,3.74,3.16749112074525,0.0996710854181202,NA
NA,7.6,2.48495472795784,0.161943319838057,NA
NA,12.64,3.26006134911599,0.0940910801656003,NA
NA,15.92,2.81549285205983,0.126151129052605,NA
NA,17.8,2.55147016443461,0.153609831029186,NA
NA,17.1,3.21791858194082,0.0965717044905843,NA
NA,13.2,2.68793601114312,0.13840830449827,NA
NA,8.94,1.98821528009419,0.252972426005565,NA
NA,3.58,1.77538728169377,0.317258883248731,NA
NA,-0.94,2.61017240809874,0.146778218112432,NA
NA,-0.0399999999999999,2.48857388879655,0.161472630389149,NA
NA,1.08,4.49966665432007,0.0493900330913222,NA
NA,3.5,1.19582607431014,0.699300699300699,NA
NA,8.5,2.37276210354093,0.177619893428064,NA
NA,11.72,2.05353354002315,0.237135404315864,NA
NA,15.78,2.38159610345667,0.176304654442877,NA
NA,17.76,1.81052478580107,0.305064063453325,NA
NA,16.74,1.49264865256362,0.448833034111311,NA
NA,13.38,1.42197046382828,0.494559841740851,NA
NA,8.84,0.801872807869178,1.5552099533437,NA
NA,4.16,0.832466215530697,1.44300144300144,NA
NA,-0.56,3.00383088738364,0.110827884295689,NA
